index
index : index
state3
index : state3
state5
index : state5
state6
index : state6
state8
index : state8
state10
index : state10
state12
index : state12
state20
index : state20
state27
index : state27
state31
index : state31
state36
index : state36
state40
index : state40
state41
index : state41
state49
index : state49
state61
index : state61
state64
index : state64
state73
index : state73
state125
index : state125
state139
index : state139
state145
index : state145
state148
index : state148
state151
index : state151
state154
index : state154
state156
index : state156
state167
index : state167
state170
index : state170
state178
index : state178
state181
index : state181
state195
index : state195
state211
index : state211
state215
index : state215
state219
index : state219
state223
index : state223
state225
index : state225
state239
index : state239
state241
index : state241
state247
index : state247
state259
index : state259
state265
index : state265
state274
index : state274
state277
index : state277
state279
index : state279
state298
index : state298
state303
index : state303
state314
index : state314
state325
index : state325
state329
index : state329
state336
index : state336
state338
index : state338
state343
index : state343
state346
index : state346
state349
index : state349
state367
index : state367
state374
index : state374
state429
index : state429
state431
index : state431
state434
index : state434
state437
index : state437
state443
index : state443
state449
index : state449
state466
index : state466
state469
index : state469
state471
index : state471
state473
index : state473
state487
index : state487
state490
index : state490
state495
index : state495
state500
index : state500
state503
index : state503
state514
index : state514
state517
index : state517
state522
index : state522
state525
index : state525
state531
index : state531
state534
index : state534
state542
index : state542
state556
index : state556
state559
index : state559
state560
index : state560
state561
index : state561
state562
index : state562
state563
index : state563
state564
index : state564
state565
index : state565
state566
index : state566
state567
index : state567
state568
index : state568
state569
index : state569
state570
index : state570
state571
index : state571
state572
index : state572
state573
index : state573
state574
index : state574
state575
index : state575
state576
index : state576
state577
index : state577
state578
index : state578
state579
index : state579
state580
index : state580
state581
index : state581
state582
index : state582
state583
index : state583
state584
index : state584
state585
index : state585
state586
index : state586
state587
index : state587
state588
index : state588
state589
index : state589
state590
index : state590
state591
index : state591
index
state3 : index
state3
state3 : state3
state5
state3 : state5
state6
state3 : state6
state8
state3 : state8
state10
state3 : state10
state12
state3 : state12
state20
state3 : state20
state27
state3 : state27
state31
state3 : state31
state36
state3 : state36
state40
state3 : state40
state41
state3 : state41
state49
state3 : state49
state61
state3 : state61
state64
state3 : state64
state73
state3 : state73
state125
state3 : state125
state139
state3 : state139
state145
state3 : state145
state148
state3 : state148
state151
state3 : state151
state154
state3 : state154
state156
state3 : state156
state167
state3 : state167
state170
state3 : state170
state178
state3 : state178
state181
state3 : state181
state195
state3 : state195
state211
state3 : state211
state215
state3 : state215
state219
state3 : state219
state223
state3 : state223
state225
state3 : state225
state239
state3 : state239
state241
state3 : state241
state247
state3 : state247
state259
state3 : state259
state265
state3 : state265
state274
state3 : state274
state277
state3 : state277
state279
state3 : state279
state298
state3 : state298
state303
state3 : state303
state314
state3 : state314
state325
state3 : state325
state329
state3 : state329
state336
state3 : state336
state338
state3 : state338
state343
state3 : state343
state346
state3 : state346
state349
state3 : state349
state367
state3 : state367
state374
state3 : state374
state429
state3 : state429
state431
state3 : state431
state434
state3 : state434
state437
state3 : state437
state443
state3 : state443
state449
state3 : state449
state466
state3 : state466
state469
state3 : state469
state471
state3 : state471
state473
state3 : state473
state487
state3 : state487
state490
state3 : state490
state495
state3 : state495
state500
state3 : state500
state503
state3 : state503
state514
state3 : state514
state517
state3 : state517
state522
state3 : state522
state525
state3 : state525
state531
state3 : state531
state534
state3 : state534
state542
state3 : state542
state556
state3 : state556
state559
state3 : state559
state560
state3 : state560
state561
state3 : state561
state562
state3 : state562
state563
state3 : state563
state564
state3 : state564
state565
state3 : state565
state566
state3 : state566
state567
state3 : state567
state568
state3 : state568
state569
state3 : state569
state570
state3 : state570
state571
state3 : state571
state572
state3 : state572
state573
state3 : state573
state574
state3 : state574
state575
state3 : state575
state576
state3 : state576
state577
state3 : state577
state578
state3 : state578
state579
state3 : state579
state580
state3 : state580
state581
state3 : state581
state582
state3 : state582
state583
state3 : state583
state584
state3 : state584
state585
state3 : state585
state586
state3 : state586
state587
state3 : state587
state588
state3 : state588
state589
state3 : state589
state590
state3 : state590
state591
state3 : state591
index
state5 : index
state3
state5 : state3
state5
index
state6 : index
state3
state6 : state3
state5
state6 : state5
state6
state6 : state6
state8
state6 : state8
state10
state6 : state10
state12
state6 : state12
state20
state6 : state20
state27
state6 : state27
state31
state6 : state31
state36
state6 : state36
state40
state6 : state40
state41
state6 : state41
state49
state6 : state49
state61
state6 : state61
state64
state6 : state64
state73
state6 : state73
state125
state6 : state125
state139
state6 : state139
state145
state6 : state145
state148
state6 : state148
state151
state6 : state151
state154
state6 : state154
state156
state6 : state156
state167
state6 : state167
state170
state6 : state170
state178
state6 : state178
state181
state6 : state181
state195
state6 : state195
state211
state6 : state211
state215
state6 : state215
state219
state6 : state219
state223
state6 : state223
state225
state6 : state225
state239
state6 : state239
state241
state6 : state241
state247
state6 : state247
state259
state6 : state259
state265
state6 : state265
state274
state6 : state274
state277
state6 : state277
state279
state6 : state279
state298
state6 : state298
state303
state6 : state303
state314
state6 : state314
state325
state6 : state325
state329
state6 : state329
state336
state6 : state336
state338
state6 : state338
state343
state6 : state343
state346
state6 : state346
state349
state6 : state349
state367
state6 : state367
state374
state6 : state374
state429
state6 : state429
state431
state6 : state431
state434
state6 : state434
state437
state6 : state437
state443
state6 : state443
state449
state6 : state449
state466
state6 : state466
state469
state6 : state469
state471
state6 : state471
state473
state6 : state473
state487
state6 : state487
state490
state6 : state490
state495
state6 : state495
state500
state6 : state500
state503
state6 : state503
state514
state6 : state514
state517
state6 : state517
state522
state6 : state522
state525
state6 : state525
state531
state6 : state531
state534
state6 : state534
state542
state6 : state542
state556
state6 : state556
state559
state6 : state559
state560
state6 : state560
state561
state6 : state561
state562
state6 : state562
state563
state6 : state563
state564
state6 : state564
state565
state6 : state565
state566
state6 : state566
state567
state6 : state567
state568
state6 : state568
state569
state6 : state569
state570
state6 : state570
state571
state6 : state571
state572
state6 : state572
state573
state6 : state573
state574
state6 : state574
state575
state6 : state575
state576
state6 : state576
state577
state6 : state577
state578
state6 : state578
state579
state6 : state579
state580
state6 : state580
state581
state6 : state581
state582
state6 : state582
state583
state6 : state583
state584
state6 : state584
state585
state6 : state585
state586
state6 : state586
state587
state6 : state587
state588
state6 : state588
state589
state6 : state589
state590
state6 : state590
state591
state6 : state591
index
state9 : index
state3
state9 : state3
state5
state9 : state5
state6
state9 : state6
state8
state9 : state8
state10
state9 : state10
state12
state9 : state12
state20
state9 : state20
state27
state9 : state27
state31
state9 : state31
state36
state9 : state36
state40
state9 : state40
state41
state9 : state41
state49
state9 : state49
state61
state9 : state61
state64
state9 : state64
state73
state9 : state73
state125
state9 : state125
state139
state9 : state139
state145
state9 : state145
state148
state9 : state148
state151
state9 : state151
state154
state9 : state154
state156
state9 : state156
state167
state9 : state167
state170
state9 : state170
state178
state9 : state178
state181
state9 : state181
state195
state9 : state195
state211
state9 : state211
state215
state9 : state215
state219
state9 : state219
state223
state9 : state223
state225
state9 : state225
state239
state9 : state239
state241
state9 : state241
state247
state9 : state247
state259
state9 : state259
state265
state9 : state265
state274
state9 : state274
state277
state9 : state277
state279
state9 : state279
state298
state9 : state298
state303
state9 : state303
state314
state9 : state314
state325
state9 : state325
state329
state9 : state329
state336
state9 : state336
state338
state9 : state338
state343
state9 : state343
state346
state9 : state346
state349
state9 : state349
state367
state9 : state367
state374
state9 : state374
state429
state9 : state429
state431
state9 : state431
state434
state9 : state434
state437
state9 : state437
state443
state9 : state443
state449
state9 : state449
state466
state9 : state466
state469
state9 : state469
state471
state9 : state471
state473
state9 : state473
state487
state9 : state487
state490
state9 : state490
state495
state9 : state495
state500
state9 : state500
state503
state9 : state503
state514
state9 : state514
state517
state9 : state517
state522
state9 : state522
state525
state9 : state525
state531
state9 : state531
state534
state9 : state534
state542
state9 : state542
state556
state9 : state556
state559
state9 : state559
state560
state9 : state560
state561
state9 : state561
state562
state9 : state562
state563
state9 : state563
state564
state9 : state564
state565
state9 : state565
state566
state9 : state566
state567
state9 : state567
state568
state9 : state568
state569
state9 : state569
state570
state9 : state570
state571
state9 : state571
state572
state9 : state572
state573
state9 : state573
state574
state9 : state574
state575
state9 : state575
state576
state9 : state576
state577
state9 : state577
state578
state9 : state578
state579
state9 : state579
state580
state9 : state580
state581
state9 : state581
state582
state9 : state582
state583
state9 : state583
state584
state9 : state584
state585
state9 : state585
state586
state9 : state586
state587
state9 : state587
state588
state9 : state588
state589
state9 : state589
state590
state9 : state590
state591
state9 : state591
index
state14 : index
state3
state14 : state3
state5
state14 : state5
state6
state14 : state6
state8
state14 : state8
state10
state14 : state10
state12
state14 : state12
state20
state14 : state20
state27
state14 : state27
state31
state14 : state31
state36
state14 : state36
state40
state14 : state40
state41
state14 : state41
state49
state14 : state49
state61
state14 : state61
state64
state14 : state64
state73
state14 : state73
state125
state14 : state125
state139
state14 : state139
state145
state14 : state145
state148
state14 : state148
state151
state14 : state151
state154
state14 : state154
state156
state14 : state156
state167
state14 : state167
state170
state14 : state170
state178
state14 : state178
state181
state14 : state181
state195
state14 : state195
state211
state14 : state211
state215
state14 : state215
state219
state14 : state219
state223
state14 : state223
state225
state14 : state225
state239
state14 : state239
state241
state14 : state241
state247
state14 : state247
state259
state14 : state259
state265
state14 : state265
state274
state14 : state274
state277
state14 : state277
state279
state14 : state279
state298
state14 : state298
state303
state14 : state303
state314
state14 : state314
state325
state14 : state325
state329
state14 : state329
state336
state14 : state336
state338
state14 : state338
state343
state14 : state343
state346
state14 : state346
state349
state14 : state349
state367
state14 : state367
state374
state14 : state374
state429
state14 : state429
state431
state14 : state431
state434
state14 : state434
state437
state14 : state437
state443
state14 : state443
state449
state14 : state449
state466
state14 : state466
state469
state14 : state469
state471
state14 : state471
state473
state14 : state473
state487
state14 : state487
state490
state14 : state490
state495
state14 : state495
state500
state14 : state500
state503
state14 : state503
state514
state14 : state514
state517
state14 : state517
state522
state14 : state522
state525
state14 : state525
state531
state14 : state531
state534
state14 : state534
state542
state14 : state542
state556
state14 : state556
state559
state14 : state559
state560
state14 : state560
state561
state14 : state561
state562
state14 : state562
state563
state14 : state563
state564
state14 : state564
state565
state14 : state565
state566
state14 : state566
state567
state14 : state567
state568
state14 : state568
state569
state14 : state569
state570
state14 : state570
state571
state14 : state571
state572
state14 : state572
state573
state14 : state573
state574
state14 : state574
state575
state14 : state575
state576
state14 : state576
state577
state14 : state577
state578
state14 : state578
state579
state14 : state579
state580
state14 : state580
state581
state14 : state581
state582
state14 : state582
state583
state14 : state583
state584
state14 : state584
state585
state14 : state585
state586
state14 : state586
state587
state14 : state587
state588
state14 : state588
state589
state14 : state589
state590
state14 : state590
state591
state14 : state591
index
state21 : index
state3
state21 : state3
state5
state21 : state5
state6
state21 : state6
state8
state21 : state8
state10
state21 : state10
state12
state21 : state12
state20
state21 : state20
state27
state21 : state27
state31
state21 : state31
state36
state21 : state36
state40
state21 : state40
state41
state21 : state41
state49
state21 : state49
state61
state21 : state61
state64
state21 : state64
state73
state21 : state73
state125
state21 : state125
state139
state21 : state139
state145
state21 : state145
state148
state21 : state148
state151
state21 : state151
state154
state21 : state154
state156
state21 : state156
state167
state21 : state167
state170
state21 : state170
state178
state21 : state178
state181
state21 : state181
state195
state21 : state195
state211
state21 : state211
state215
state21 : state215
state219
state21 : state219
state223
state21 : state223
state225
state21 : state225
state239
state21 : state239
state241
state21 : state241
state247
state21 : state247
state259
state21 : state259
state265
state21 : state265
state274
state21 : state274
state277
state21 : state277
state279
state21 : state279
state298
state21 : state298
state303
state21 : state303
state314
state21 : state314
state325
state21 : state325
state329
state21 : state329
state336
state21 : state336
state338
state21 : state338
state343
state21 : state343
state346
state21 : state346
state349
state21 : state349
state367
state21 : state367
state374
state21 : state374
state429
state21 : state429
state431
state21 : state431
state434
state21 : state434
state437
state21 : state437
state443
state21 : state443
state449
state21 : state449
state466
state21 : state466
state469
state21 : state469
state471
state21 : state471
state473
state21 : state473
state487
state21 : state487
state490
state21 : state490
state495
state21 : state495
state500
state21 : state500
state503
state21 : state503
state514
state21 : state514
state517
state21 : state517
state522
state21 : state522
state525
state21 : state525
state531
state21 : state531
state534
state21 : state534
state542
state21 : state542
state556
state21 : state556
state559
state21 : state559
state560
state21 : state560
state561
state21 : state561
state562
state21 : state562
state563
state21 : state563
state564
state21 : state564
state565
state21 : state565
state566
state21 : state566
state567
state21 : state567
state568
state21 : state568
state569
state21 : state569
state570
state21 : state570
state571
state21 : state571
state572
state21 : state572
state573
state21 : state573
state574
state21 : state574
state575
state21 : state575
state576
state21 : state576
state577
state21 : state577
state578
state21 : state578
state579
state21 : state579
state580
state21 : state580
state581
state21 : state581
state582
state21 : state582
state583
state21 : state583
state584
state21 : state584
state585
state21 : state585
state586
state21 : state586
state587
state21 : state587
state588
state21 : state588
state589
state21 : state589
state590
state21 : state590
state591
state21 : state591
index
state26 : index
state3
state26 : state3
state5
state26 : state5
state6
state26 : state6
state8
state26 : state8
state10
state26 : state10
state12
state26 : state12
state20
state26 : state20
state27
state26 : state27
state31
state26 : state31
state36
state26 : state36
state40
state26 : state40
state41
state26 : state41
state49
state26 : state49
state61
state26 : state61
state64
state26 : state64
state73
state26 : state73
state125
state26 : state125
state139
state26 : state139
state145
state26 : state145
state148
state26 : state148
state151
state26 : state151
state154
state26 : state154
state156
state26 : state156
state167
state26 : state167
state170
state26 : state170
state178
state26 : state178
state181
state26 : state181
state195
state26 : state195
state211
state26 : state211
state215
state26 : state215
state219
state26 : state219
state223
state26 : state223
state225
state26 : state225
state239
state26 : state239
state241
state26 : state241
state247
state26 : state247
state259
state26 : state259
state265
state26 : state265
state274
state26 : state274
state277
state26 : state277
state279
state26 : state279
state298
state26 : state298
state303
state26 : state303
state314
state26 : state314
state325
state26 : state325
state329
state26 : state329
state336
state26 : state336
state338
state26 : state338
state343
state26 : state343
state346
state26 : state346
state349
state26 : state349
state367
state26 : state367
state374
state26 : state374
state429
state26 : state429
state431
state26 : state431
state434
state26 : state434
state437
state26 : state437
state443
state26 : state443
state449
state26 : state449
state466
state26 : state466
state469
state26 : state469
state471
state26 : state471
state473
state26 : state473
state487
state26 : state487
state490
state26 : state490
state495
state26 : state495
state500
state26 : state500
state503
state26 : state503
state514
state26 : state514
state517
state26 : state517
state522
state26 : state522
state525
state26 : state525
state531
state26 : state531
state534
state26 : state534
state542
state26 : state542
state556
state26 : state556
state559
state26 : state559
state560
state26 : state560
state561
state26 : state561
state562
state26 : state562
state563
state26 : state563
state564
state26 : state564
state565
state26 : state565
state566
state26 : state566
state567
state26 : state567
state568
state26 : state568
state569
state26 : state569
state570
state26 : state570
state571
state26 : state571
state572
state26 : state572
state573
state26 : state573
state574
state26 : state574
state575
state26 : state575
state576
state26 : state576
state577
state26 : state577
state578
state26 : state578
state579
state26 : state579
state580
state26 : state580
state581
state26 : state581
state582
state26 : state582
state583
state26 : state583
state584
state26 : state584
state585
state26 : state585
state586
state26 : state586
state587
state26 : state587
state588
state26 : state588
state589
state26 : state589
state590
state26 : state590
state591
state26 : state591
index
state30 : index
state3
state30 : state3
state5
state30 : state5
state6
state30 : state6
state8
state30 : state8
state10
state30 : state10
state12
state30 : state12
state20
state30 : state20
state27
state30 : state27
state31
state30 : state31
state36
state30 : state36
state40
state30 : state40
state41
state30 : state41
state49
state30 : state49
state61
state30 : state61
state64
state30 : state64
state73
state30 : state73
state125
state30 : state125
state139
state30 : state139
state145
state30 : state145
state148
state30 : state148
state151
state30 : state151
state154
state30 : state154
state156
state30 : state156
state167
state30 : state167
state170
state30 : state170
state178
state30 : state178
state181
state30 : state181
state195
state30 : state195
state211
state30 : state211
state215
state30 : state215
state219
state30 : state219
state223
state30 : state223
state225
state30 : state225
state239
state30 : state239
state241
state30 : state241
state247
state30 : state247
state259
state30 : state259
state265
state30 : state265
state274
state30 : state274
state277
state30 : state277
state279
state30 : state279
state298
state30 : state298
state303
state30 : state303
state314
state30 : state314
state325
state30 : state325
state329
state30 : state329
state336
state30 : state336
state338
state30 : state338
state343
state30 : state343
state346
state30 : state346
state349
state30 : state349
state367
state30 : state367
state374
state30 : state374
state429
state30 : state429
state431
state30 : state431
state434
state30 : state434
state437
state30 : state437
state443
state30 : state443
state449
state30 : state449
state466
state30 : state466
state469
state30 : state469
state471
state30 : state471
state473
state30 : state473
state487
state30 : state487
state490
state30 : state490
state495
state30 : state495
state500
state30 : state500
state503
state30 : state503
state514
state30 : state514
state517
state30 : state517
state522
state30 : state522
state525
state30 : state525
state531
state30 : state531
state534
state30 : state534
state542
state30 : state542
state556
state30 : state556
state559
state30 : state559
state560
state30 : state560
state561
state30 : state561
state562
state30 : state562
state563
state30 : state563
state564
state30 : state564
state565
state30 : state565
state566
state30 : state566
state567
state30 : state567
state568
state30 : state568
state569
state30 : state569
state570
state30 : state570
state571
state30 : state571
state572
state30 : state572
state573
state30 : state573
state574
state30 : state574
state575
state30 : state575
state576
state30 : state576
state577
state30 : state577
state578
state30 : state578
state579
state30 : state579
state580
state30 : state580
state581
state30 : state581
state582
state30 : state582
state583
state30 : state583
state584
state30 : state584
state585
state30 : state585
state586
state30 : state586
state587
state30 : state587
state588
state30 : state588
state589
state30 : state589
state590
state30 : state590
state591
state30 : state591
index
state33 : index
state3
state33 : state3
state5
state33 : state5
state6
state33 : state6
state8
state33 : state8
state10
state33 : state10
state12
state33 : state12
state20
state33 : state20
state27
state33 : state27
state31
state33 : state31
state36
state33 : state36
state40
state33 : state40
state41
state33 : state41
state49
state33 : state49
state61
index
state36 : index
state3
state36 : state3
state5
state36 : state5
state6
state36 : state6
state8
state36 : state8
state10
state36 : state10
state12
state36 : state12
state20
state36 : state20
state27
state36 : state27
state31
state36 : state31
state36
state36 : state36
state40
state36 : state40
state41
state36 : state41
state49
state36 : state49
state61
state36 : state61
state64
state36 : state64
state73
state36 : state73
state125
state36 : state125
state139
state36 : state139
state145
state36 : state145
state148
state36 : state148
state151
state36 : state151
state154
state36 : state154
state156
state36 : state156
state167
state36 : state167
state170
state36 : state170
state178
state36 : state178
state181
state36 : state181
state195
state36 : state195
state211
state36 : state211
state215
state36 : state215
state219
state36 : state219
state223
state36 : state223
state225
state36 : state225
state239
state36 : state239
state241
state36 : state241
state247
state36 : state247
state259
state36 : state259
state265
state36 : state265
state274
state36 : state274
state277
state36 : state277
state279
state36 : state279
state298
state36 : state298
state303
state36 : state303
state314
state36 : state314
state325
state36 : state325
state329
state36 : state329
state336
state36 : state336
state338
state36 : state338
state343
state36 : state343
state346
state36 : state346
state349
state36 : state349
state367
state36 : state367
state374
state36 : state374
state429
state36 : state429
state431
state36 : state431
state434
state36 : state434
state437
state36 : state437
state443
state36 : state443
state449
state36 : state449
state466
state36 : state466
state469
state36 : state469
state471
state36 : state471
state473
state36 : state473
state487
state36 : state487
state490
state36 : state490
state495
state36 : state495
state500
state36 : state500
state503
state36 : state503
state514
state36 : state514
state517
state36 : state517
state522
state36 : state522
state525
state36 : state525
state531
state36 : state531
state534
state36 : state534
state542
state36 : state542
state556
state36 : state556
state559
state36 : state559
state560
state36 : state560
state561
state36 : state561
state562
state36 : state562
state563
state36 : state563
state564
state36 : state564
state565
state36 : state565
state566
state36 : state566
state567
state36 : state567
state568
state36 : state568
state569
state36 : state569
state570
state36 : state570
state571
state36 : state571
state572
state36 : state572
state573
state36 : state573
state574
state36 : state574
state575
state36 : state575
state576
state36 : state576
state577
state36 : state577
state578
state36 : state578
state579
state36 : state579
state580
state36 : state580
state581
state36 : state581
state582
state36 : state582
state583
state36 : state583
state584
state36 : state584
state585
state36 : state585
state586
state36 : state586
state587
state36 : state587
state588
state36 : state588
state589
state36 : state589
state590
state36 : state590
state591
state36 : state591
index
state37 : index
state3
state37 : state3
state5
state37 : state5
state6
state37 : state6
state8
state37 : state8
state10
state37 : state10
state12
state37 : state12
state20
state37 : state20
state27
state37 : state27
state31
state37 : state31
state36
state37 : state36
state40
state37 : state40
state41
index
state48 : index
state3
state48 : state3
state5
state48 : state5
state6
state48 : state6
state8
state48 : state8
state10
state48 : state10
state12
state48 : state12
state20
state48 : state20
state27
state48 : state27
state31
state48 : state31
state36
state48 : state36
state40
state48 : state40
state41
state48 : state41
state49
state48 : state49
state61
state48 : state61
state64
state48 : state64
state73
state48 : state73
state125
state48 : state125
state139
state48 : state139
state145
state48 : state145
state148
state48 : state148
state151
state48 : state151
state154
state48 : state154
state156
state48 : state156
state167
state48 : state167
state170
state48 : state170
state178
state48 : state178
state181
state48 : state181
state195
state48 : state195
state211
state48 : state211
state215
state48 : state215
state219
state48 : state219
state223
state48 : state223
state225
state48 : state225
state239
state48 : state239
state241
state48 : state241
state247
state48 : state247
state259
state48 : state259
state265
state48 : state265
state274
state48 : state274
state277
state48 : state277
state279
state48 : state279
state298
state48 : state298
state303
state48 : state303
state314
state48 : state314
state325
state48 : state325
state329
state48 : state329
state336
state48 : state336
state338
state48 : state338
state343
state48 : state343
state346
state48 : state346
state349
state48 : state349
state367
state48 : state367
state374
state48 : state374
state429
state48 : state429
state431
state48 : state431
state434
state48 : state434
state437
state48 : state437
state443
state48 : state443
state449
state48 : state449
state466
state48 : state466
state469
state48 : state469
state471
state48 : state471
state473
state48 : state473
state487
state48 : state487
state490
state48 : state490
state495
state48 : state495
state500
state48 : state500
state503
state48 : state503
state514
state48 : state514
state517
state48 : state517
state522
state48 : state522
state525
state48 : state525
state531
state48 : state531
state534
state48 : state534
state542
state48 : state542
state556
state48 : state556
state559
state48 : state559
state560
state48 : state560
state561
state48 : state561
state562
state48 : state562
state563
state48 : state563
state564
state48 : state564
state565
state48 : state565
state566
state48 : state566
state567
state48 : state567
state568
state48 : state568
state569
state48 : state569
state570
state48 : state570
state571
state48 : state571
state572
state48 : state572
state573
state48 : state573
state574
state48 : state574
state575
state48 : state575
state576
state48 : state576
state577
state48 : state577
state578
state48 : state578
state579
state48 : state579
state580
state48 : state580
state581
state48 : state581
state582
state48 : state582
state583
state48 : state583
state584
state48 : state584
state585
state48 : state585
state586
state48 : state586
state587
state48 : state587
state588
state48 : state588
state589
state48 : state589
state590
state48 : state590
state591
state48 : state591
index
state63 : index
state3
state63 : state3
state5
state63 : state5
state6
state63 : state6
state8
state63 : state8
state10
state63 : state10
state12
state63 : state12
state20
state63 : state20
state27
state63 : state27
state31
state63 : state31
state36
state63 : state36
state40
state63 : state40
state41
state63 : state41
state49
state63 : state49
state61
state63 : state61
state64
state63 : state64
state73
state63 : state73
state125
state63 : state125
state139
state63 : state139
state145
state63 : state145
state148
state63 : state148
state151
state63 : state151
state154
state63 : state154
state156
state63 : state156
state167
state63 : state167
state170
state63 : state170
state178
state63 : state178
state181
state63 : state181
state195
state63 : state195
state211
state63 : state211
state215
state63 : state215
state219
state63 : state219
state223
state63 : state223
state225
state63 : state225
state239
state63 : state239
state241
state63 : state241
state247
state63 : state247
state259
state63 : state259
state265
state63 : state265
state274
state63 : state274
state277
state63 : state277
state279
state63 : state279
state298
state63 : state298
state303
state63 : state303
state314
state63 : state314
state325
state63 : state325
state329
state63 : state329
state336
state63 : state336
state338
state63 : state338
state343
state63 : state343
state346
state63 : state346
state349
state63 : state349
state367
state63 : state367
state374
state63 : state374
state429
state63 : state429
state431
state63 : state431
state434
state63 : state434
state437
state63 : state437
state443
state63 : state443
state449
state63 : state449
state466
state63 : state466
state469
state63 : state469
state471
state63 : state471
state473
state63 : state473
state487
state63 : state487
state490
state63 : state490
state495
state63 : state495
state500
state63 : state500
state503
state63 : state503
state514
state63 : state514
state517
state63 : state517
state522
state63 : state522
state525
state63 : state525
state531
state63 : state531
state534
state63 : state534
state542
state63 : state542
state556
state63 : state556
state559
state63 : state559
state560
state63 : state560
state561
state63 : state561
state562
state63 : state562
state563
state63 : state563
state564
state63 : state564
state565
state63 : state565
state566
state63 : state566
state567
state63 : state567
state568
state63 : state568
state569
state63 : state569
state570
state63 : state570
state571
state63 : state571
state572
state63 : state572
state573
state63 : state573
state574
state63 : state574
state575
state63 : state575
state576
state63 : state576
state577
state63 : state577
state578
state63 : state578
state579
state63 : state579
state580
state63 : state580
state581
state63 : state581
state582
state63 : state582
state583
state63 : state583
state584
state63 : state584
state585
state63 : state585
state586
state63 : state586
state587
state63 : state587
state588
state63 : state588
state589
state63 : state589
state590
state63 : state590
state591
state63 : state591
index
state74 : index
state3
state74 : state3
state5
state74 : state5
state6
state74 : state6
state8
state74 : state8
state10
state74 : state10
state12
state74 : state12
state20
state74 : state20
state27
state74 : state27
state31
state74 : state31
state36
state74 : state36
state40
state74 : state40
state41
state74 : state41
state49
state74 : state49
state61
state74 : state61
state64
state74 : state64
state73
state74 : state73
state125
state74 : state125
state139
state74 : state139
state145
state74 : state145
state148
state74 : state148
state151
state74 : state151
state154
state74 : state154
state156
state74 : state156
state167
state74 : state167
state170
state74 : state170
state178
state74 : state178
state181
state74 : state181
state195
state74 : state195
state211
state74 : state211
state215
state74 : state215
state219
state74 : state219
state223
state74 : state223
state225
state74 : state225
state239
state74 : state239
state241
state74 : state241
state247
state74 : state247
state259
state74 : state259
state265
state74 : state265
state274
state74 : state274
state277
state74 : state277
state279
state74 : state279
state298
state74 : state298
state303
state74 : state303
state314
state74 : state314
state325
state74 : state325
state329
state74 : state329
state336
state74 : state336
state338
state74 : state338
state343
state74 : state343
state346
state74 : state346
state349
state74 : state349
state367
state74 : state367
state374
state74 : state374
state429
state74 : state429
state431
state74 : state431
state434
state74 : state434
state437
state74 : state437
state443
state74 : state443
state449
state74 : state449
state466
state74 : state466
state469
state74 : state469
state471
state74 : state471
state473
state74 : state473
state487
state74 : state487
state490
state74 : state490
state495
state74 : state495
state500
state74 : state500
state503
state74 : state503
state514
state74 : state514
state517
state74 : state517
state522
state74 : state522
state525
state74 : state525
state531
state74 : state531
state534
state74 : state534
state542
state74 : state542
state556
state74 : state556
state559
state74 : state559
state560
state74 : state560
state561
state74 : state561
state562
state74 : state562
state563
state74 : state563
state564
state74 : state564
state565
state74 : state565
state566
state74 : state566
state567
state74 : state567
state568
state74 : state568
state569
state74 : state569
state570
state74 : state570
state571
state74 : state571
state572
state74 : state572
state573
state74 : state573
state574
state74 : state574
state575
state74 : state575
state576
state74 : state576
state577
state74 : state577
state578
state74 : state578
state579
state74 : state579
state580
state74 : state580
state581
state74 : state581
state582
state74 : state582
state583
state74 : state583
state584
state74 : state584
state585
state74 : state585
state586
state74 : state586
state587
state74 : state587
state588
state74 : state588
state589
state74 : state589
state590
state74 : state590
state591
state74 : state591
index
state77 : index
state3
state77 : state3
state5
state77 : state5
state6
state77 : state6
state8
state77 : state8
state10
state77 : state10
state12
state77 : state12
state20
state77 : state20
state27
state77 : state27
state31
state77 : state31
state36
state77 : state36
state40
state77 : state40
state41
state77 : state41
state49
state77 : state49
state61
state77 : state61
state64
state77 : state64
state73
state77 : state73
state125
state77 : state125
state139
state77 : state139
state145
state77 : state145
state148
state77 : state148
state151
state77 : state151
state154
state77 : state154
state156
state77 : state156
state167
state77 : state167
state170
state77 : state170
state178
state77 : state178
state181
state77 : state181
state195
state77 : state195
state211
state77 : state211
state215
state77 : state215
state219
state77 : state219
state223
state77 : state223
state225
state77 : state225
state239
state77 : state239
state241
state77 : state241
state247
state77 : state247
state259
state77 : state259
state265
state77 : state265
state274
state77 : state274
state277
state77 : state277
state279
state77 : state279
state298
state77 : state298
state303
state77 : state303
state314
state77 : state314
state325
state77 : state325
state329
state77 : state329
state336
state77 : state336
state338
state77 : state338
state343
state77 : state343
state346
state77 : state346
state349
state77 : state349
state367
state77 : state367
state374
state77 : state374
state429
state77 : state429
state431
state77 : state431
state434
state77 : state434
state437
state77 : state437
state443
state77 : state443
state449
state77 : state449
state466
state77 : state466
state469
state77 : state469
state471
state77 : state471
state473
state77 : state473
state487
state77 : state487
state490
state77 : state490
state495
state77 : state495
state500
state77 : state500
state503
state77 : state503
state514
state77 : state514
state517
state77 : state517
state522
state77 : state522
state525
state77 : state525
state531
state77 : state531
state534
state77 : state534
state542
state77 : state542
state556
state77 : state556
state559
state77 : state559
state560
state77 : state560
state561
state77 : state561
state562
state77 : state562
state563
state77 : state563
state564
state77 : state564
state565
state77 : state565
state566
state77 : state566
state567
state77 : state567
state568
state77 : state568
state569
state77 : state569
state570
state77 : state570
state571
state77 : state571
state572
state77 : state572
state573
state77 : state573
state574
state77 : state574
state575
state77 : state575
state576
state77 : state576
state577
state77 : state577
state578
state77 : state578
state579
state77 : state579
state580
state77 : state580
state581
state77 : state581
state582
state77 : state582
state583
state77 : state583
state584
state77 : state584
state585
state77 : state585
state586
state77 : state586
state587
state77 : state587
state588
state77 : state588
state589
state77 : state589
state590
state77 : state590
state591
state77 : state591
index
state130 : index
state3
state130 : state3
state5
state130 : state5
state6
state130 : state6
state8
state130 : state8
state10
state130 : state10
state12
state130 : state12
state20
state130 : state20
state27
state130 : state27
state31
state130 : state31
state36
state130 : state36
state40
state130 : state40
state41
state130 : state41
state49
state130 : state49
state61
state130 : state61
state64
state130 : state64
state73
state130 : state73
state125
state130 : state125
state139
state130 : state139
state145
state130 : state145
state148
state130 : state148
state151
state130 : state151
state154
state130 : state154
state156
state130 : state156
state167
state130 : state167
state170
state130 : state170
state178
state130 : state178
state181
state130 : state181
state195
state130 : state195
state211
state130 : state211
state215
state130 : state215
state219
state130 : state219
state223
state130 : state223
state225
state130 : state225
state239
state130 : state239
state241
state130 : state241
state247
state130 : state247
state259
state130 : state259
state265
state130 : state265
state274
state130 : state274
state277
state130 : state277
state279
state130 : state279
state298
state130 : state298
state303
state130 : state303
state314
state130 : state314
state325
state130 : state325
state329
state130 : state329
state336
state130 : state336
state338
state130 : state338
state343
state130 : state343
state346
state130 : state346
state349
state130 : state349
state367
state130 : state367
state374
state130 : state374
state429
state130 : state429
state431
state130 : state431
state434
state130 : state434
state437
state130 : state437
state443
state130 : state443
state449
state130 : state449
state466
state130 : state466
state469
state130 : state469
state471
state130 : state471
state473
state130 : state473
state487
state130 : state487
state490
state130 : state490
state495
state130 : state495
state500
state130 : state500
state503
state130 : state503
state514
state130 : state514
state517
state130 : state517
state522
state130 : state522
state525
state130 : state525
state531
state130 : state531
state534
state130 : state534
state542
state130 : state542
state556
state130 : state556
state559
state130 : state559
state560
state130 : state560
state561
state130 : state561
state562
state130 : state562
state563
state130 : state563
state564
state130 : state564
state565
state130 : state565
state566
state130 : state566
state567
state130 : state567
state568
state130 : state568
state569
state130 : state569
state570
state130 : state570
state571
state130 : state571
state572
state130 : state572
state573
state130 : state573
state574
state130 : state574
state575
state130 : state575
state576
state130 : state576
state577
state130 : state577
state578
state130 : state578
state579
state130 : state579
state580
state130 : state580
state581
state130 : state581
state582
state130 : state582
state583
state130 : state583
state584
state130 : state584
state585
state130 : state585
state586
state130 : state586
state587
state130 : state587
state588
state130 : state588
state589
state130 : state589
state590
state130 : state590
state591
state130 : state591
index
state133 : index
state3
state133 : state3
state5
state133 : state5
state6
state133 : state6
state8
state133 : state8
state10
state133 : state10
state12
state133 : state12
state20
state133 : state20
state27
state133 : state27
state31
state133 : state31
state36
state133 : state36
state40
state133 : state40
state41
state133 : state41
state49
state133 : state49
state61
state133 : state61
state64
state133 : state64
state73
state133 : state73
state125
state133 : state125
state139
state133 : state139
state145
state133 : state145
state148
state133 : state148
state151
state133 : state151
state154
state133 : state154
state156
state133 : state156
state167
state133 : state167
state170
state133 : state170
state178
state133 : state178
state181
state133 : state181
state195
state133 : state195
state211
state133 : state211
state215
state133 : state215
state219
state133 : state219
state223
state133 : state223
state225
state133 : state225
state239
state133 : state239
state241
state133 : state241
state247
state133 : state247
state259
state133 : state259
state265
state133 : state265
state274
state133 : state274
state277
state133 : state277
state279
state133 : state279
state298
state133 : state298
state303
state133 : state303
state314
state133 : state314
state325
state133 : state325
state329
state133 : state329
state336
state133 : state336
state338
state133 : state338
state343
state133 : state343
state346
state133 : state346
state349
state133 : state349
state367
state133 : state367
state374
state133 : state374
state429
state133 : state429
state431
state133 : state431
state434
state133 : state434
state437
state133 : state437
state443
state133 : state443
state449
state133 : state449
state466
state133 : state466
state469
state133 : state469
state471
state133 : state471
state473
state133 : state473
state487
state133 : state487
state490
state133 : state490
state495
state133 : state495
state500
state133 : state500
state503
state133 : state503
state514
state133 : state514
state517
state133 : state517
state522
state133 : state522
state525
state133 : state525
state531
state133 : state531
state534
state133 : state534
state542
state133 : state542
state556
state133 : state556
state559
state133 : state559
state560
state133 : state560
state561
state133 : state561
state562
state133 : state562
state563
state133 : state563
state564
state133 : state564
state565
state133 : state565
state566
state133 : state566
state567
state133 : state567
state568
state133 : state568
state569
state133 : state569
state570
state133 : state570
state571
state133 : state571
state572
state133 : state572
state573
state133 : state573
state574
state133 : state574
state575
state133 : state575
state576
state133 : state576
state577
state133 : state577
state578
state133 : state578
state579
state133 : state579
state580
state133 : state580
state581
state133 : state581
state582
state133 : state582
state583
state133 : state583
state584
state133 : state584
state585
state133 : state585
state586
state133 : state586
state587
state133 : state587
state588
state133 : state588
state589
state133 : state589
state590
state133 : state590
state591
state133 : state591
index
state136 : index
state3
state136 : state3
state5
state136 : state5
state6
state136 : state6
state8
state136 : state8
state10
state136 : state10
state12
state136 : state12
state20
state136 : state20
state27
state136 : state27
state31
state136 : state31
state36
state136 : state36
state40
state136 : state40
state41
state136 : state41
state49
state136 : state49
state61
state136 : state61
state64
state136 : state64
state73
state136 : state73
state125
state136 : state125
state139
state136 : state139
state145
state136 : state145
state148
state136 : state148
state151
state136 : state151
state154
state136 : state154
state156
state136 : state156
state167
state136 : state167
state170
state136 : state170
state178
state136 : state178
state181
state136 : state181
state195
state136 : state195
state211
state136 : state211
state215
state136 : state215
state219
state136 : state219
state223
state136 : state223
state225
state136 : state225
state239
state136 : state239
state241
state136 : state241
state247
state136 : state247
state259
state136 : state259
state265
state136 : state265
state274
state136 : state274
state277
state136 : state277
state279
state136 : state279
state298
state136 : state298
state303
state136 : state303
state314
state136 : state314
state325
state136 : state325
state329
state136 : state329
state336
state136 : state336
state338
state136 : state338
state343
state136 : state343
state346
state136 : state346
state349
state136 : state349
state367
state136 : state367
state374
state136 : state374
state429
state136 : state429
state431
state136 : state431
state434
state136 : state434
state437
state136 : state437
state443
state136 : state443
state449
state136 : state449
state466
state136 : state466
state469
state136 : state469
state471
state136 : state471
state473
state136 : state473
state487
state136 : state487
state490
state136 : state490
state495
state136 : state495
state500
state136 : state500
state503
state136 : state503
state514
state136 : state514
state517
state136 : state517
state522
state136 : state522
state525
state136 : state525
state531
state136 : state531
state534
state136 : state534
state542
state136 : state542
state556
state136 : state556
state559
state136 : state559
state560
state136 : state560
state561
state136 : state561
state562
state136 : state562
state563
state136 : state563
state564
state136 : state564
state565
state136 : state565
state566
state136 : state566
state567
state136 : state567
state568
state136 : state568
state569
state136 : state569
state570
state136 : state570
state571
state136 : state571
state572
state136 : state572
state573
state136 : state573
state574
state136 : state574
state575
state136 : state575
state576
state136 : state576
state577
state136 : state577
state578
state136 : state578
state579
state136 : state579
state580
state136 : state580
state581
state136 : state581
state582
state136 : state582
state583
state136 : state583
state584
state136 : state584
state585
state136 : state585
state586
state136 : state586
state587
state136 : state587
state588
state136 : state588
state589
state136 : state589
state590
state136 : state590
state591
state136 : state591
index
state139 : index
state3
state139 : state3
state5
state139 : state5
state6
state139 : state6
state8
state139 : state8
state10
state139 : state10
state12
state139 : state12
state20
state139 : state20
state27
state139 : state27
state31
state139 : state31
state36
state139 : state36
state40
state139 : state40
state41
state139 : state41
state49
state139 : state49
state61
state139 : state61
state64
state139 : state64
state73
state139 : state73
state125
state139 : state125
state139
state139 : state139
state145
state139 : state145
state148
state139 : state148
state151
state139 : state151
state154
state139 : state154
state156
state139 : state156
state167
state139 : state167
state170
state139 : state170
state178
state139 : state178
state181
state139 : state181
state195
state139 : state195
state211
state139 : state211
state215
state139 : state215
state219
state139 : state219
state223
state139 : state223
state225
state139 : state225
state239
state139 : state239
state241
state139 : state241
state247
state139 : state247
state259
state139 : state259
state265
state139 : state265
state274
state139 : state274
state277
state139 : state277
state279
state139 : state279
state298
state139 : state298
state303
state139 : state303
state314
state139 : state314
state325
state139 : state325
state329
state139 : state329
state336
state139 : state336
state338
state139 : state338
state343
state139 : state343
state346
state139 : state346
state349
state139 : state349
state367
state139 : state367
state374
state139 : state374
state429
state139 : state429
state431
state139 : state431
state434
state139 : state434
state437
state139 : state437
state443
state139 : state443
state449
state139 : state449
state466
state139 : state466
state469
state139 : state469
state471
state139 : state471
state473
state139 : state473
state487
state139 : state487
state490
state139 : state490
state495
state139 : state495
state500
state139 : state500
state503
state139 : state503
state514
state139 : state514
state517
state139 : state517
state522
state139 : state522
state525
state139 : state525
state531
state139 : state531
state534
state139 : state534
state542
state139 : state542
state556
state139 : state556
state559
state139 : state559
state560
state139 : state560
state561
state139 : state561
state562
state139 : state562
state563
state139 : state563
state564
state139 : state564
state565
state139 : state565
state566
state139 : state566
state567
state139 : state567
state568
state139 : state568
state569
state139 : state569
state570
state139 : state570
state571
state139 : state571
state572
state139 : state572
state573
state139 : state573
state574
state139 : state574
state575
state139 : state575
state576
state139 : state576
state577
state139 : state577
state578
state139 : state578
state579
state139 : state579
state580
state139 : state580
state581
state139 : state581
state582
state139 : state582
state583
state139 : state583
state584
state139 : state584
state585
state139 : state585
state586
state139 : state586
state587
state139 : state587
state588
state139 : state588
state589
state139 : state589
state590
state139 : state590
state591
state139 : state591
index
state142 : index
state3
state142 : state3
state5
state142 : state5
state6
state142 : state6
state8
state142 : state8
state10
state142 : state10
state12
state142 : state12
state20
state142 : state20
state27
state142 : state27
state31
state142 : state31
state36
state142 : state36
state40
state142 : state40
state41
state142 : state41
state49
state142 : state49
state61
state142 : state61
state64
state142 : state64
state73
state142 : state73
state125
state142 : state125
state139
state142 : state139
state145
state142 : state145
state148
state142 : state148
state151
state142 : state151
state154
state142 : state154
state156
state142 : state156
state167
state142 : state167
state170
state142 : state170
state178
state142 : state178
state181
state142 : state181
state195
state142 : state195
state211
state142 : state211
state215
state142 : state215
state219
state142 : state219
state223
state142 : state223
state225
state142 : state225
state239
state142 : state239
state241
state142 : state241
state247
state142 : state247
state259
state142 : state259
state265
state142 : state265
state274
state142 : state274
state277
state142 : state277
state279
state142 : state279
state298
state142 : state298
state303
state142 : state303
state314
state142 : state314
state325
state142 : state325
state329
state142 : state329
state336
state142 : state336
state338
state142 : state338
state343
state142 : state343
state346
state142 : state346
state349
state142 : state349
state367
state142 : state367
state374
state142 : state374
state429
state142 : state429
state431
state142 : state431
state434
state142 : state434
state437
state142 : state437
state443
state142 : state443
state449
state142 : state449
state466
state142 : state466
state469
state142 : state469
state471
state142 : state471
state473
state142 : state473
state487
state142 : state487
state490
state142 : state490
state495
state142 : state495
state500
state142 : state500
state503
state142 : state503
state514
state142 : state514
state517
state142 : state517
state522
state142 : state522
state525
state142 : state525
state531
state142 : state531
state534
state142 : state534
state542
state142 : state542
state556
state142 : state556
state559
state142 : state559
state560
state142 : state560
state561
state142 : state561
state562
state142 : state562
state563
state142 : state563
state564
state142 : state564
state565
state142 : state565
state566
state142 : state566
state567
state142 : state567
state568
state142 : state568
state569
state142 : state569
state570
state142 : state570
state571
state142 : state571
state572
state142 : state572
state573
state142 : state573
state574
state142 : state574
state575
state142 : state575
state576
state142 : state576
state577
state142 : state577
state578
state142 : state578
state579
state142 : state579
state580
state142 : state580
state581
state142 : state581
state582
state142 : state582
state583
state142 : state583
state584
state142 : state584
state585
state142 : state585
state586
state142 : state586
state587
state142 : state587
state588
state142 : state588
state589
state142 : state589
state590
state142 : state590
state591
state142 : state591
index
state146 : index
state3
state146 : state3
state5
state146 : state5
state6
state146 : state6
state8
state146 : state8
state10
state146 : state10
state12
state146 : state12
state20
state146 : state20
state27
state146 : state27
state31
state146 : state31
state36
state146 : state36
state40
state146 : state40
state41
state146 : state41
state49
state146 : state49
state61
state146 : state61
state64
state146 : state64
state73
state146 : state73
state125
state146 : state125
state139
state146 : state139
state145
state146 : state145
state148
state146 : state148
state151
state146 : state151
state154
state146 : state154
state156
state146 : state156
state167
state146 : state167
state170
state146 : state170
state178
state146 : state178
state181
state146 : state181
state195
state146 : state195
state211
state146 : state211
state215
state146 : state215
state219
state146 : state219
state223
state146 : state223
state225
state146 : state225
state239
state146 : state239
state241
state146 : state241
state247
state146 : state247
state259
state146 : state259
state265
state146 : state265
state274
state146 : state274
state277
state146 : state277
state279
state146 : state279
state298
state146 : state298
state303
state146 : state303
state314
state146 : state314
state325
state146 : state325
state329
state146 : state329
state336
state146 : state336
state338
state146 : state338
state343
state146 : state343
state346
state146 : state346
state349
state146 : state349
state367
state146 : state367
state374
state146 : state374
state429
state146 : state429
state431
state146 : state431
state434
state146 : state434
state437
state146 : state437
state443
state146 : state443
state449
state146 : state449
state466
state146 : state466
state469
state146 : state469
state471
state146 : state471
state473
state146 : state473
state487
state146 : state487
state490
state146 : state490
state495
state146 : state495
state500
state146 : state500
state503
state146 : state503
state514
state146 : state514
state517
state146 : state517
state522
state146 : state522
state525
state146 : state525
state531
state146 : state531
state534
state146 : state534
state542
state146 : state542
state556
state146 : state556
state559
state146 : state559
state560
state146 : state560
state561
state146 : state561
state562
state146 : state562
state563
state146 : state563
state564
state146 : state564
state565
state146 : state565
state566
state146 : state566
state567
state146 : state567
state568
state146 : state568
state569
state146 : state569
state570
state146 : state570
state571
state146 : state571
state572
state146 : state572
state573
state146 : state573
state574
state146 : state574
state575
state146 : state575
state576
state146 : state576
state577
state146 : state577
state578
state146 : state578
state579
state146 : state579
state580
state146 : state580
state581
state146 : state581
state582
state146 : state582
state583
state146 : state583
state584
state146 : state584
state585
state146 : state585
state586
state146 : state586
state587
state146 : state587
state588
state146 : state588
state589
state146 : state589
state590
state146 : state590
state591
state146 : state591
index
state154 : index
state3
state154 : state3
state5
state154 : state5
state6
state154 : state6
state8
state154 : state8
state10
state154 : state10
state12
state154 : state12
state20
state154 : state20
state27
state154 : state27
state31
state154 : state31
state36
state154 : state36
state40
state154 : state40
state41
state154 : state41
state49
state154 : state49
state61
state154 : state61
state64
state154 : state64
state73
state154 : state73
state125
state154 : state125
state139
state154 : state139
state145
state154 : state145
state148
state154 : state148
state151
state154 : state151
state154
state154 : state154
state156
state154 : state156
state167
state154 : state167
state170
state154 : state170
state178
state154 : state178
state181
state154 : state181
state195
state154 : state195
state211
state154 : state211
state215
state154 : state215
state219
state154 : state219
state223
state154 : state223
state225
state154 : state225
state239
state154 : state239
state241
state154 : state241
state247
state154 : state247
state259
state154 : state259
state265
state154 : state265
state274
state154 : state274
state277
state154 : state277
state279
state154 : state279
state298
state154 : state298
state303
state154 : state303
state314
state154 : state314
state325
state154 : state325
state329
state154 : state329
state336
state154 : state336
state338
state154 : state338
state343
state154 : state343
state346
state154 : state346
state349
state154 : state349
state367
state154 : state367
state374
state154 : state374
state429
state154 : state429
state431
state154 : state431
state434
state154 : state434
state437
state154 : state437
state443
state154 : state443
state449
state154 : state449
state466
state154 : state466
state469
state154 : state469
state471
state154 : state471
state473
state154 : state473
state487
state154 : state487
state490
state154 : state490
state495
state154 : state495
state500
state154 : state500
state503
state154 : state503
state514
state154 : state514
state517
state154 : state517
state522
state154 : state522
state525
state154 : state525
state531
state154 : state531
state534
state154 : state534
state542
state154 : state542
state556
state154 : state556
state559
state154 : state559
state560
state154 : state560
state561
state154 : state561
state562
state154 : state562
state563
state154 : state563
state564
state154 : state564
state565
state154 : state565
state566
state154 : state566
state567
state154 : state567
state568
state154 : state568
state569
state154 : state569
state570
state154 : state570
state571
state154 : state571
state572
state154 : state572
state573
state154 : state573
state574
state154 : state574
state575
state154 : state575
state576
state154 : state576
state577
state154 : state577
state578
state154 : state578
state579
state154 : state579
state580
state154 : state580
state581
state154 : state581
state582
state154 : state582
state583
state154 : state583
state584
state154 : state584
state585
state154 : state585
state586
state154 : state586
state587
state154 : state587
state588
state154 : state588
state589
state154 : state589
state590
state154 : state590
state591
state154 : state591
index
state160 : index
state3
state160 : state3
state5
state160 : state5
state6
state160 : state6
state8
state160 : state8
state10
state160 : state10
state12
state160 : state12
state20
state160 : state20
state27
state160 : state27
state31
state160 : state31
state36
state160 : state36
state40
state160 : state40
state41
state160 : state41
state49
state160 : state49
state61
state160 : state61
state64
state160 : state64
state73
state160 : state73
state125
state160 : state125
state139
state160 : state139
state145
state160 : state145
state148
state160 : state148
state151
state160 : state151
state154
state160 : state154
state156
state160 : state156
state167
state160 : state167
state170
state160 : state170
state178
state160 : state178
state181
state160 : state181
state195
state160 : state195
state211
state160 : state211
state215
state160 : state215
state219
state160 : state219
state223
state160 : state223
state225
state160 : state225
state239
state160 : state239
state241
state160 : state241
state247
state160 : state247
state259
state160 : state259
state265
state160 : state265
state274
state160 : state274
state277
state160 : state277
state279
state160 : state279
state298
state160 : state298
state303
state160 : state303
state314
state160 : state314
state325
state160 : state325
state329
state160 : state329
state336
state160 : state336
state338
state160 : state338
state343
state160 : state343
state346
state160 : state346
state349
state160 : state349
state367
state160 : state367
state374
state160 : state374
state429
state160 : state429
state431
state160 : state431
state434
state160 : state434
state437
state160 : state437
state443
state160 : state443
state449
state160 : state449
state466
state160 : state466
state469
state160 : state469
state471
state160 : state471
state473
state160 : state473
state487
state160 : state487
state490
state160 : state490
state495
state160 : state495
state500
state160 : state500
state503
state160 : state503
state514
state160 : state514
state517
state160 : state517
state522
state160 : state522
state525
state160 : state525
state531
state160 : state531
state534
state160 : state534
state542
state160 : state542
state556
state160 : state556
state559
state160 : state559
state560
state160 : state560
state561
state160 : state561
state562
state160 : state562
state563
state160 : state563
state564
state160 : state564
state565
state160 : state565
state566
state160 : state566
state567
state160 : state567
state568
state160 : state568
state569
state160 : state569
state570
state160 : state570
state571
state160 : state571
state572
state160 : state572
state573
state160 : state573
state574
state160 : state574
state575
state160 : state575
state576
state160 : state576
state577
state160 : state577
state578
state160 : state578
state579
state160 : state579
state580
state160 : state580
state581
state160 : state581
state582
state160 : state582
state583
state160 : state583
state584
state160 : state584
state585
state160 : state585
state586
state160 : state586
state587
state160 : state587
state588
state160 : state588
state589
state160 : state589
state590
state160 : state590
state591
state160 : state591
index
state163 : index
state3
state163 : state3
state5
state163 : state5
state6
state163 : state6
state8
state163 : state8
state10
state163 : state10
state12
state163 : state12
state20
state163 : state20
state27
state163 : state27
state31
state163 : state31
state36
state163 : state36
state40
state163 : state40
state41
state163 : state41
state49
state163 : state49
state61
state163 : state61
state64
state163 : state64
state73
state163 : state73
state125
state163 : state125
state139
state163 : state139
state145
state163 : state145
state148
state163 : state148
state151
state163 : state151
state154
state163 : state154
state156
state163 : state156
state167
state163 : state167
state170
state163 : state170
state178
state163 : state178
state181
state163 : state181
state195
state163 : state195
state211
state163 : state211
state215
state163 : state215
state219
state163 : state219
state223
state163 : state223
state225
state163 : state225
state239
state163 : state239
state241
state163 : state241
state247
state163 : state247
state259
state163 : state259
state265
state163 : state265
state274
state163 : state274
state277
state163 : state277
state279
state163 : state279
state298
state163 : state298
state303
state163 : state303
state314
state163 : state314
state325
state163 : state325
state329
state163 : state329
state336
state163 : state336
state338
state163 : state338
state343
state163 : state343
state346
state163 : state346
state349
state163 : state349
state367
state163 : state367
state374
state163 : state374
state429
state163 : state429
state431
state163 : state431
state434
state163 : state434
state437
state163 : state437
state443
state163 : state443
state449
state163 : state449
state466
state163 : state466
state469
state163 : state469
state471
state163 : state471
state473
state163 : state473
state487
state163 : state487
state490
state163 : state490
state495
state163 : state495
state500
state163 : state500
state503
state163 : state503
state514
state163 : state514
state517
state163 : state517
state522
state163 : state522
state525
state163 : state525
state531
state163 : state531
state534
state163 : state534
state542
state163 : state542
state556
state163 : state556
state559
state163 : state559
state560
state163 : state560
state561
state163 : state561
state562
state163 : state562
state563
state163 : state563
state564
state163 : state564
state565
state163 : state565
state566
state163 : state566
state567
state163 : state567
state568
state163 : state568
state569
state163 : state569
state570
state163 : state570
state571
state163 : state571
state572
state163 : state572
state573
state163 : state573
state574
state163 : state574
state575
state163 : state575
state576
state163 : state576
state577
state163 : state577
state578
state163 : state578
state579
state163 : state579
state580
state163 : state580
state581
state163 : state581
state582
state163 : state582
state583
state163 : state583
state584
state163 : state584
state585
state163 : state585
state586
state163 : state586
state587
state163 : state587
state588
state163 : state588
state589
state163 : state589
state590
state163 : state590
state591
state163 : state591
index
state176 : index
state3
state176 : state3
state5
state176 : state5
state6
state176 : state6
state8
state176 : state8
state10
state176 : state10
state12
state176 : state12
state20
state176 : state20
state27
state176 : state27
state31
state176 : state31
state36
state176 : state36
state40
state176 : state40
state41
state176 : state41
state49
state176 : state49
state61
state176 : state61
state64
state176 : state64
state73
state176 : state73
state125
state176 : state125
state139
state176 : state139
state145
state176 : state145
state148
state176 : state148
state151
state176 : state151
state154
state176 : state154
state156
state176 : state156
state167
state176 : state167
state170
state176 : state170
state178
state176 : state178
state181
state176 : state181
state195
state176 : state195
state211
state176 : state211
state215
state176 : state215
state219
state176 : state219
state223
state176 : state223
state225
state176 : state225
state239
state176 : state239
state241
state176 : state241
state247
state176 : state247
state259
state176 : state259
state265
state176 : state265
state274
state176 : state274
state277
state176 : state277
state279
state176 : state279
state298
state176 : state298
state303
state176 : state303
state314
state176 : state314
state325
state176 : state325
state329
state176 : state329
state336
state176 : state336
state338
state176 : state338
state343
state176 : state343
state346
state176 : state346
state349
state176 : state349
state367
state176 : state367
state374
state176 : state374
state429
state176 : state429
state431
state176 : state431
state434
state176 : state434
state437
state176 : state437
state443
state176 : state443
state449
state176 : state449
state466
state176 : state466
state469
state176 : state469
state471
state176 : state471
state473
state176 : state473
state487
state176 : state487
state490
state176 : state490
state495
state176 : state495
state500
state176 : state500
state503
state176 : state503
state514
state176 : state514
state517
state176 : state517
state522
state176 : state522
state525
state176 : state525
state531
state176 : state531
state534
state176 : state534
state542
state176 : state542
state556
state176 : state556
state559
state176 : state559
state560
state176 : state560
state561
state176 : state561
state562
state176 : state562
state563
state176 : state563
state564
state176 : state564
state565
state176 : state565
state566
state176 : state566
state567
state176 : state567
state568
state176 : state568
state569
state176 : state569
state570
state176 : state570
state571
state176 : state571
state572
state176 : state572
state573
state176 : state573
state574
state176 : state574
state575
state176 : state575
state576
state176 : state576
state577
state176 : state577
state578
state176 : state578
state579
state176 : state579
state580
state176 : state580
state581
state176 : state581
state582
state176 : state582
state583
state176 : state583
state584
state176 : state584
state585
state176 : state585
state586
state176 : state586
state587
state176 : state587
state588
state176 : state588
state589
state176 : state589
state590
state176 : state590
state591
state176 : state591
index
state183 : index
state3
state183 : state3
state5
state183 : state5
state6
state183 : state6
state8
state183 : state8
state10
state183 : state10
state12
state183 : state12
state20
state183 : state20
state27
state183 : state27
state31
state183 : state31
state36
state183 : state36
state40
state183 : state40
state41
state183 : state41
state49
state183 : state49
state61
state183 : state61
state64
state183 : state64
state73
state183 : state73
state125
state183 : state125
state139
state183 : state139
state145
state183 : state145
state148
state183 : state148
state151
state183 : state151
state154
state183 : state154
state156
state183 : state156
state167
state183 : state167
state170
state183 : state170
state178
state183 : state178
state181
state183 : state181
state195
state183 : state195
state211
state183 : state211
state215
state183 : state215
state219
state183 : state219
state223
state183 : state223
state225
state183 : state225
state239
state183 : state239
state241
state183 : state241
state247
state183 : state247
state259
state183 : state259
state265
state183 : state265
state274
state183 : state274
state277
state183 : state277
state279
state183 : state279
state298
state183 : state298
state303
state183 : state303
state314
state183 : state314
state325
state183 : state325
state329
state183 : state329
state336
state183 : state336
state338
state183 : state338
state343
state183 : state343
state346
state183 : state346
state349
state183 : state349
state367
state183 : state367
state374
state183 : state374
state429
state183 : state429
state431
state183 : state431
state434
state183 : state434
state437
state183 : state437
state443
state183 : state443
state449
state183 : state449
state466
state183 : state466
state469
state183 : state469
state471
state183 : state471
state473
state183 : state473
state487
state183 : state487
state490
state183 : state490
state495
state183 : state495
state500
state183 : state500
state503
state183 : state503
state514
state183 : state514
state517
state183 : state517
state522
state183 : state522
state525
state183 : state525
state531
state183 : state531
state534
state183 : state534
state542
state183 : state542
state556
state183 : state556
state559
state183 : state559
state560
state183 : state560
state561
state183 : state561
state562
state183 : state562
state563
state183 : state563
state564
state183 : state564
state565
state183 : state565
state566
state183 : state566
state567
state183 : state567
state568
state183 : state568
state569
state183 : state569
state570
state183 : state570
state571
state183 : state571
state572
state183 : state572
state573
state183 : state573
state574
state183 : state574
state575
state183 : state575
state576
state183 : state576
state577
state183 : state577
state578
state183 : state578
state579
state183 : state579
state580
state183 : state580
state581
state183 : state581
state582
state183 : state582
state583
state183 : state583
state584
state183 : state584
state585
state183 : state585
state586
state183 : state586
state587
state183 : state587
state588
state183 : state588
state589
state183 : state589
state590
state183 : state590
state591
state183 : state591
index
state190 : index
state3
state190 : state3
state5
state190 : state5
state6
state190 : state6
state8
state190 : state8
state10
state190 : state10
state12
state190 : state12
state20
state190 : state20
state27
state190 : state27
state31
state190 : state31
state36
state190 : state36
state40
state190 : state40
state41
state190 : state41
state49
state190 : state49
state61
state190 : state61
state64
state190 : state64
state73
state190 : state73
state125
state190 : state125
state139
state190 : state139
state145
state190 : state145
state148
state190 : state148
state151
state190 : state151
state154
state190 : state154
state156
state190 : state156
state167
state190 : state167
state170
state190 : state170
state178
state190 : state178
state181
state190 : state181
state195
state190 : state195
state211
state190 : state211
state215
state190 : state215
state219
state190 : state219
state223
state190 : state223
state225
state190 : state225
state239
state190 : state239
state241
state190 : state241
state247
state190 : state247
state259
state190 : state259
state265
state190 : state265
state274
state190 : state274
state277
state190 : state277
state279
state190 : state279
state298
state190 : state298
state303
state190 : state303
state314
state190 : state314
state325
state190 : state325
state329
state190 : state329
state336
state190 : state336
state338
state190 : state338
state343
state190 : state343
state346
state190 : state346
state349
state190 : state349
state367
state190 : state367
state374
state190 : state374
state429
state190 : state429
state431
state190 : state431
state434
state190 : state434
state437
state190 : state437
state443
state190 : state443
state449
state190 : state449
state466
state190 : state466
state469
state190 : state469
state471
state190 : state471
state473
state190 : state473
state487
state190 : state487
state490
state190 : state490
state495
state190 : state495
state500
state190 : state500
state503
state190 : state503
state514
state190 : state514
state517
state190 : state517
state522
state190 : state522
state525
state190 : state525
state531
state190 : state531
state534
state190 : state534
state542
state190 : state542
state556
state190 : state556
state559
state190 : state559
state560
state190 : state560
state561
state190 : state561
state562
state190 : state562
state563
state190 : state563
state564
state190 : state564
state565
state190 : state565
state566
state190 : state566
state567
state190 : state567
state568
state190 : state568
state569
state190 : state569
state570
state190 : state570
state571
state190 : state571
state572
state190 : state572
state573
state190 : state573
state574
state190 : state574
state575
state190 : state575
state576
state190 : state576
state577
state190 : state577
state578
state190 : state578
state579
state190 : state579
state580
state190 : state580
state581
state190 : state581
state582
state190 : state582
state583
state190 : state583
state584
state190 : state584
state585
state190 : state585
state586
state190 : state586
state587
state190 : state587
state588
state190 : state588
state589
state190 : state589
state590
state190 : state590
state591
state190 : state591
index
state203 : index
state3
state203 : state3
state5
state203 : state5
state6
state203 : state6
state8
state203 : state8
state10
state203 : state10
state12
state203 : state12
state20
state203 : state20
state27
state203 : state27
state31
state203 : state31
state36
state203 : state36
state40
state203 : state40
state41
state203 : state41
state49
state203 : state49
state61
state203 : state61
state64
state203 : state64
state73
state203 : state73
state125
state203 : state125
state139
state203 : state139
state145
state203 : state145
state148
state203 : state148
state151
state203 : state151
state154
state203 : state154
state156
state203 : state156
state167
state203 : state167
state170
state203 : state170
state178
state203 : state178
state181
state203 : state181
state195
state203 : state195
state211
state203 : state211
state215
state203 : state215
state219
state203 : state219
state223
state203 : state223
state225
state203 : state225
state239
state203 : state239
state241
state203 : state241
state247
state203 : state247
state259
state203 : state259
state265
state203 : state265
state274
state203 : state274
state277
state203 : state277
state279
state203 : state279
state298
state203 : state298
state303
state203 : state303
state314
state203 : state314
state325
state203 : state325
state329
state203 : state329
state336
state203 : state336
state338
state203 : state338
state343
state203 : state343
state346
state203 : state346
state349
state203 : state349
state367
state203 : state367
state374
state203 : state374
state429
state203 : state429
state431
state203 : state431
state434
state203 : state434
state437
state203 : state437
state443
state203 : state443
state449
state203 : state449
state466
state203 : state466
state469
state203 : state469
state471
state203 : state471
state473
state203 : state473
state487
state203 : state487
state490
state203 : state490
state495
state203 : state495
state500
state203 : state500
state503
state203 : state503
state514
state203 : state514
state517
state203 : state517
state522
state203 : state522
state525
state203 : state525
state531
state203 : state531
state534
state203 : state534
state542
state203 : state542
state556
state203 : state556
state559
state203 : state559
state560
state203 : state560
state561
state203 : state561
state562
state203 : state562
state563
state203 : state563
state564
state203 : state564
state565
state203 : state565
state566
state203 : state566
state567
state203 : state567
state568
state203 : state568
state569
state203 : state569
state570
state203 : state570
state571
state203 : state571
state572
state203 : state572
state573
state203 : state573
state574
state203 : state574
state575
state203 : state575
state576
state203 : state576
state577
state203 : state577
state578
state203 : state578
state579
state203 : state579
state580
state203 : state580
state581
state203 : state581
state582
state203 : state582
state583
state203 : state583
state584
state203 : state584
state585
state203 : state585
state586
state203 : state586
state587
state203 : state587
state588
state203 : state588
state589
state203 : state589
state590
state203 : state590
state591
state203 : state591
index
state206 : index
state3
state206 : state3
state5
state206 : state5
state6
state206 : state6
state8
state206 : state8
state10
state206 : state10
state12
state206 : state12
state20
state206 : state20
state27
state206 : state27
state31
state206 : state31
state36
state206 : state36
state40
state206 : state40
state41
state206 : state41
state49
state206 : state49
state61
state206 : state61
state64
state206 : state64
state73
state206 : state73
state125
state206 : state125
state139
state206 : state139
state145
state206 : state145
state148
state206 : state148
state151
state206 : state151
state154
state206 : state154
state156
state206 : state156
state167
state206 : state167
state170
state206 : state170
state178
state206 : state178
state181
state206 : state181
state195
state206 : state195
state211
state206 : state211
state215
state206 : state215
state219
state206 : state219
state223
state206 : state223
state225
state206 : state225
state239
state206 : state239
state241
state206 : state241
state247
state206 : state247
state259
state206 : state259
state265
state206 : state265
state274
state206 : state274
state277
state206 : state277
state279
state206 : state279
state298
state206 : state298
state303
state206 : state303
state314
state206 : state314
state325
state206 : state325
state329
state206 : state329
state336
state206 : state336
state338
state206 : state338
state343
state206 : state343
state346
state206 : state346
state349
state206 : state349
state367
state206 : state367
state374
state206 : state374
state429
state206 : state429
state431
state206 : state431
state434
state206 : state434
state437
state206 : state437
state443
state206 : state443
state449
state206 : state449
state466
state206 : state466
state469
state206 : state469
state471
state206 : state471
state473
state206 : state473
state487
state206 : state487
state490
state206 : state490
state495
state206 : state495
state500
state206 : state500
state503
state206 : state503
state514
state206 : state514
state517
state206 : state517
state522
state206 : state522
state525
state206 : state525
state531
state206 : state531
state534
state206 : state534
state542
state206 : state542
state556
state206 : state556
state559
state206 : state559
state560
state206 : state560
state561
state206 : state561
state562
state206 : state562
state563
state206 : state563
state564
state206 : state564
state565
state206 : state565
state566
state206 : state566
state567
state206 : state567
state568
state206 : state568
state569
state206 : state569
state570
state206 : state570
state571
state206 : state571
state572
state206 : state572
state573
state206 : state573
state574
state206 : state574
state575
state206 : state575
state576
state206 : state576
state577
state206 : state577
state578
state206 : state578
state579
state206 : state579
state580
state206 : state580
state581
state206 : state581
state582
state206 : state582
state583
state206 : state583
state584
state206 : state584
state585
state206 : state585
state586
state206 : state586
state587
state206 : state587
state588
state206 : state588
state589
state206 : state589
state590
state206 : state590
state591
state206 : state591
index
state210 : index
state3
state210 : state3
state5
state210 : state5
state6
state210 : state6
state8
state210 : state8
state10
state210 : state10
state12
state210 : state12
state20
state210 : state20
state27
state210 : state27
state31
state210 : state31
state36
state210 : state36
state40
state210 : state40
state41
state210 : state41
state49
state210 : state49
state61
state210 : state61
state64
state210 : state64
state73
state210 : state73
state125
state210 : state125
state139
state210 : state139
state145
state210 : state145
state148
state210 : state148
state151
state210 : state151
state154
state210 : state154
state156
state210 : state156
state167
state210 : state167
state170
state210 : state170
state178
state210 : state178
state181
state210 : state181
state195
state210 : state195
state211
state210 : state211
state215
state210 : state215
state219
state210 : state219
state223
state210 : state223
state225
state210 : state225
state239
state210 : state239
state241
state210 : state241
state247
state210 : state247
state259
state210 : state259
state265
state210 : state265
state274
state210 : state274
state277
state210 : state277
state279
state210 : state279
state298
state210 : state298
state303
state210 : state303
state314
state210 : state314
state325
state210 : state325
state329
state210 : state329
state336
state210 : state336
state338
state210 : state338
state343
state210 : state343
state346
state210 : state346
state349
state210 : state349
state367
state210 : state367
state374
state210 : state374
state429
state210 : state429
state431
state210 : state431
state434
state210 : state434
state437
state210 : state437
state443
state210 : state443
state449
state210 : state449
state466
state210 : state466
state469
state210 : state469
state471
state210 : state471
state473
state210 : state473
state487
state210 : state487
state490
state210 : state490
state495
state210 : state495
state500
state210 : state500
state503
state210 : state503
state514
state210 : state514
state517
state210 : state517
state522
state210 : state522
state525
state210 : state525
state531
state210 : state531
state534
state210 : state534
state542
state210 : state542
state556
state210 : state556
state559
state210 : state559
state560
state210 : state560
state561
state210 : state561
state562
state210 : state562
state563
state210 : state563
state564
state210 : state564
state565
state210 : state565
state566
state210 : state566
state567
state210 : state567
state568
state210 : state568
state569
state210 : state569
state570
state210 : state570
state571
state210 : state571
state572
state210 : state572
state573
state210 : state573
state574
state210 : state574
state575
state210 : state575
state576
state210 : state576
state577
state210 : state577
state578
state210 : state578
state579
state210 : state579
state580
state210 : state580
state581
state210 : state581
state582
state210 : state582
state583
state210 : state583
state584
state210 : state584
state585
state210 : state585
state586
state210 : state586
state587
state210 : state587
state588
state210 : state588
state589
state210 : state589
state590
state210 : state590
state591
state210 : state591
index
state221 : index
state3
state221 : state3
state5
state221 : state5
state6
state221 : state6
state8
state221 : state8
state10
state221 : state10
state12
state221 : state12
state20
state221 : state20
state27
state221 : state27
state31
state221 : state31
state36
state221 : state36
state40
state221 : state40
state41
state221 : state41
state49
state221 : state49
state61
state221 : state61
state64
state221 : state64
state73
state221 : state73
state125
state221 : state125
state139
state221 : state139
state145
state221 : state145
state148
state221 : state148
state151
state221 : state151
state154
state221 : state154
state156
state221 : state156
state167
state221 : state167
state170
state221 : state170
state178
state221 : state178
state181
state221 : state181
state195
state221 : state195
state211
state221 : state211
state215
state221 : state215
state219
state221 : state219
state223
state221 : state223
state225
state221 : state225
state239
state221 : state239
state241
state221 : state241
state247
state221 : state247
state259
state221 : state259
state265
state221 : state265
state274
state221 : state274
state277
state221 : state277
state279
state221 : state279
state298
state221 : state298
state303
state221 : state303
state314
state221 : state314
state325
state221 : state325
state329
state221 : state329
state336
state221 : state336
state338
state221 : state338
state343
state221 : state343
state346
state221 : state346
state349
state221 : state349
state367
state221 : state367
state374
state221 : state374
state429
state221 : state429
state431
state221 : state431
state434
state221 : state434
state437
state221 : state437
state443
state221 : state443
state449
state221 : state449
state466
state221 : state466
state469
state221 : state469
state471
state221 : state471
state473
state221 : state473
state487
state221 : state487
state490
state221 : state490
state495
state221 : state495
state500
state221 : state500
state503
state221 : state503
state514
state221 : state514
state517
state221 : state517
state522
state221 : state522
state525
state221 : state525
state531
state221 : state531
state534
state221 : state534
state542
state221 : state542
state556
state221 : state556
state559
state221 : state559
state560
state221 : state560
state561
state221 : state561
state562
state221 : state562
state563
state221 : state563
state564
state221 : state564
state565
state221 : state565
state566
state221 : state566
state567
state221 : state567
state568
state221 : state568
state569
state221 : state569
state570
state221 : state570
state571
state221 : state571
state572
state221 : state572
state573
state221 : state573
state574
state221 : state574
state575
state221 : state575
state576
state221 : state576
state577
state221 : state577
state578
state221 : state578
state579
state221 : state579
state580
state221 : state580
state581
state221 : state581
state582
state221 : state582
state583
state221 : state583
state584
state221 : state584
state585
state221 : state585
state586
state221 : state586
state587
state221 : state587
state588
state221 : state588
state589
state221 : state589
state590
state221 : state590
state591
state221 : state591
index
state227 : index
state3
state227 : state3
state5
state227 : state5
state6
state227 : state6
state8
state227 : state8
state10
state227 : state10
state12
state227 : state12
state20
state227 : state20
state27
state227 : state27
state31
state227 : state31
state36
state227 : state36
state40
state227 : state40
state41
state227 : state41
state49
state227 : state49
state61
state227 : state61
state64
state227 : state64
state73
state227 : state73
state125
state227 : state125
state139
state227 : state139
state145
state227 : state145
state148
state227 : state148
state151
state227 : state151
state154
state227 : state154
state156
state227 : state156
state167
state227 : state167
state170
state227 : state170
state178
state227 : state178
state181
state227 : state181
state195
state227 : state195
state211
state227 : state211
state215
state227 : state215
state219
state227 : state219
state223
state227 : state223
state225
state227 : state225
state239
state227 : state239
state241
state227 : state241
state247
state227 : state247
state259
state227 : state259
state265
state227 : state265
state274
state227 : state274
state277
state227 : state277
state279
state227 : state279
state298
state227 : state298
state303
state227 : state303
state314
state227 : state314
state325
state227 : state325
state329
state227 : state329
state336
state227 : state336
state338
state227 : state338
state343
state227 : state343
state346
state227 : state346
state349
state227 : state349
state367
state227 : state367
state374
state227 : state374
state429
state227 : state429
state431
state227 : state431
state434
state227 : state434
state437
state227 : state437
state443
state227 : state443
state449
state227 : state449
state466
state227 : state466
state469
state227 : state469
state471
state227 : state471
state473
state227 : state473
state487
state227 : state487
state490
state227 : state490
state495
state227 : state495
state500
state227 : state500
state503
state227 : state503
state514
state227 : state514
state517
state227 : state517
state522
state227 : state522
state525
state227 : state525
state531
state227 : state531
state534
state227 : state534
state542
state227 : state542
state556
state227 : state556
state559
state227 : state559
state560
state227 : state560
state561
state227 : state561
state562
state227 : state562
state563
state227 : state563
state564
state227 : state564
state565
state227 : state565
state566
state227 : state566
state567
state227 : state567
state568
state227 : state568
state569
state227 : state569
state570
state227 : state570
state571
state227 : state571
state572
state227 : state572
state573
state227 : state573
state574
state227 : state574
state575
state227 : state575
state576
state227 : state576
state577
state227 : state577
state578
state227 : state578
state579
state227 : state579
state580
state227 : state580
state581
state227 : state581
state582
state227 : state582
state583
state227 : state583
state584
state227 : state584
state585
state227 : state585
state586
state227 : state586
state587
state227 : state587
state588
state227 : state588
state589
state227 : state589
state590
state227 : state590
state591
state227 : state591
index
state231 : index
state3
state231 : state3
state5
state231 : state5
state6
state231 : state6
state8
state231 : state8
state10
state231 : state10
state12
state231 : state12
state20
state231 : state20
state27
state231 : state27
state31
state231 : state31
state36
state231 : state36
state40
state231 : state40
state41
state231 : state41
state49
state231 : state49
state61
state231 : state61
state64
state231 : state64
state73
state231 : state73
state125
state231 : state125
state139
state231 : state139
state145
state231 : state145
state148
state231 : state148
state151
state231 : state151
state154
state231 : state154
state156
state231 : state156
state167
state231 : state167
state170
state231 : state170
state178
state231 : state178
state181
state231 : state181
state195
state231 : state195
state211
state231 : state211
state215
state231 : state215
state219
state231 : state219
state223
state231 : state223
state225
state231 : state225
state239
state231 : state239
state241
state231 : state241
state247
state231 : state247
state259
state231 : state259
state265
state231 : state265
state274
state231 : state274
state277
state231 : state277
state279
state231 : state279
state298
state231 : state298
state303
state231 : state303
state314
state231 : state314
state325
state231 : state325
state329
state231 : state329
state336
state231 : state336
state338
state231 : state338
state343
state231 : state343
state346
state231 : state346
state349
state231 : state349
state367
state231 : state367
state374
state231 : state374
state429
state231 : state429
state431
state231 : state431
state434
state231 : state434
state437
state231 : state437
state443
state231 : state443
state449
state231 : state449
state466
state231 : state466
state469
state231 : state469
state471
state231 : state471
state473
state231 : state473
state487
state231 : state487
state490
state231 : state490
state495
state231 : state495
state500
state231 : state500
state503
state231 : state503
state514
state231 : state514
state517
state231 : state517
state522
state231 : state522
state525
state231 : state525
state531
state231 : state531
state534
state231 : state534
state542
state231 : state542
state556
state231 : state556
state559
state231 : state559
state560
state231 : state560
state561
state231 : state561
state562
state231 : state562
state563
state231 : state563
state564
state231 : state564
state565
state231 : state565
state566
state231 : state566
state567
state231 : state567
state568
state231 : state568
state569
state231 : state569
state570
state231 : state570
state571
state231 : state571
state572
state231 : state572
state573
state231 : state573
state574
state231 : state574
state575
state231 : state575
state576
state231 : state576
state577
state231 : state577
state578
state231 : state578
state579
state231 : state579
state580
state231 : state580
state581
state231 : state581
state582
state231 : state582
state583
state231 : state583
state584
state231 : state584
state585
state231 : state585
state586
state231 : state586
state587
state231 : state587
state588
state231 : state588
state589
state231 : state589
state590
state231 : state590
state591
state231 : state591
index
state240 : index
state3
state240 : state3
state5
state240 : state5
state6
state240 : state6
state8
state240 : state8
state10
state240 : state10
state12
state240 : state12
state20
state240 : state20
state27
state240 : state27
state31
state240 : state31
state36
state240 : state36
state40
state240 : state40
state41
state240 : state41
state49
state240 : state49
state61
state240 : state61
state64
state240 : state64
state73
state240 : state73
state125
state240 : state125
state139
state240 : state139
state145
state240 : state145
state148
state240 : state148
state151
state240 : state151
state154
state240 : state154
state156
state240 : state156
state167
state240 : state167
state170
state240 : state170
state178
state240 : state178
state181
state240 : state181
state195
state240 : state195
state211
state240 : state211
state215
state240 : state215
state219
state240 : state219
state223
state240 : state223
state225
state240 : state225
state239
state240 : state239
state241
state240 : state241
state247
state240 : state247
state259
state240 : state259
state265
state240 : state265
state274
state240 : state274
state277
state240 : state277
state279
state240 : state279
state298
state240 : state298
state303
state240 : state303
state314
state240 : state314
state325
state240 : state325
state329
state240 : state329
state336
state240 : state336
state338
state240 : state338
state343
state240 : state343
state346
state240 : state346
state349
state240 : state349
state367
state240 : state367
state374
state240 : state374
state429
state240 : state429
state431
state240 : state431
state434
state240 : state434
state437
state240 : state437
state443
state240 : state443
state449
state240 : state449
state466
state240 : state466
state469
state240 : state469
state471
state240 : state471
state473
state240 : state473
state487
state240 : state487
state490
state240 : state490
state495
state240 : state495
state500
state240 : state500
state503
state240 : state503
state514
state240 : state514
state517
state240 : state517
state522
state240 : state522
state525
state240 : state525
state531
state240 : state531
state534
state240 : state534
state542
state240 : state542
state556
state240 : state556
state559
state240 : state559
state560
state240 : state560
state561
state240 : state561
state562
state240 : state562
state563
state240 : state563
state564
state240 : state564
state565
state240 : state565
state566
state240 : state566
state567
state240 : state567
state568
state240 : state568
state569
state240 : state569
state570
state240 : state570
state571
state240 : state571
state572
state240 : state572
state573
state240 : state573
state574
state240 : state574
state575
state240 : state575
state576
state240 : state576
state577
state240 : state577
state578
state240 : state578
state579
state240 : state579
state580
state240 : state580
state581
state240 : state581
state582
state240 : state582
state583
state240 : state583
state584
state240 : state584
state585
state240 : state585
state586
state240 : state586
state587
state240 : state587
state588
state240 : state588
state589
state240 : state589
state590
state240 : state590
state591
state240 : state591
index
state244 : index
state3
state244 : state3
state5
state244 : state5
state6
state244 : state6
state8
state244 : state8
state10
state244 : state10
state12
state244 : state12
state20
state244 : state20
state27
state244 : state27
state31
state244 : state31
state36
state244 : state36
state40
state244 : state40
state41
state244 : state41
state49
state244 : state49
state61
state244 : state61
state64
state244 : state64
state73
state244 : state73
state125
state244 : state125
state139
state244 : state139
state145
state244 : state145
state148
state244 : state148
state151
state244 : state151
state154
state244 : state154
state156
state244 : state156
state167
state244 : state167
state170
state244 : state170
state178
state244 : state178
state181
state244 : state181
state195
state244 : state195
state211
state244 : state211
state215
state244 : state215
state219
state244 : state219
state223
state244 : state223
state225
state244 : state225
state239
state244 : state239
state241
state244 : state241
state247
state244 : state247
state259
state244 : state259
state265
state244 : state265
state274
state244 : state274
state277
state244 : state277
state279
state244 : state279
state298
state244 : state298
state303
state244 : state303
state314
state244 : state314
state325
state244 : state325
state329
state244 : state329
state336
state244 : state336
state338
state244 : state338
state343
state244 : state343
state346
state244 : state346
state349
state244 : state349
state367
state244 : state367
state374
state244 : state374
state429
state244 : state429
state431
state244 : state431
state434
state244 : state434
state437
state244 : state437
state443
state244 : state443
state449
state244 : state449
state466
state244 : state466
state469
state244 : state469
state471
state244 : state471
state473
state244 : state473
state487
state244 : state487
state490
state244 : state490
state495
state244 : state495
state500
state244 : state500
state503
state244 : state503
state514
state244 : state514
state517
state244 : state517
state522
state244 : state522
state525
state244 : state525
state531
state244 : state531
state534
state244 : state534
state542
state244 : state542
state556
state244 : state556
state559
state244 : state559
state560
state244 : state560
state561
state244 : state561
state562
state244 : state562
state563
state244 : state563
state564
state244 : state564
state565
state244 : state565
state566
state244 : state566
state567
state244 : state567
state568
state244 : state568
state569
state244 : state569
state570
state244 : state570
state571
state244 : state571
state572
state244 : state572
state573
state244 : state573
state574
state244 : state574
state575
state244 : state575
state576
state244 : state576
state577
state244 : state577
state578
state244 : state578
state579
state244 : state579
state580
state244 : state580
state581
state244 : state581
state582
state244 : state582
state583
state244 : state583
state584
state244 : state584
state585
state244 : state585
state586
state244 : state586
state587
state244 : state587
state588
state244 : state588
state589
state244 : state589
state590
state244 : state590
state591
state244 : state591
index
state246 : index
state3
state246 : state3
state5
state246 : state5
state6
state246 : state6
state8
state246 : state8
state10
state246 : state10
state12
state246 : state12
state20
state246 : state20
state27
state246 : state27
state31
state246 : state31
state36
state246 : state36
state40
state246 : state40
state41
state246 : state41
state49
state246 : state49
state61
state246 : state61
state64
state246 : state64
state73
state246 : state73
state125
state246 : state125
state139
state246 : state139
state145
state246 : state145
state148
state246 : state148
state151
state246 : state151
state154
state246 : state154
state156
state246 : state156
state167
state246 : state167
state170
state246 : state170
state178
state246 : state178
state181
state246 : state181
state195
state246 : state195
state211
state246 : state211
state215
state246 : state215
state219
state246 : state219
state223
state246 : state223
state225
state246 : state225
state239
state246 : state239
state241
state246 : state241
state247
state246 : state247
state259
state246 : state259
state265
state246 : state265
state274
state246 : state274
state277
state246 : state277
state279
state246 : state279
state298
state246 : state298
state303
state246 : state303
state314
state246 : state314
state325
state246 : state325
state329
state246 : state329
state336
state246 : state336
state338
state246 : state338
state343
state246 : state343
state346
state246 : state346
state349
state246 : state349
state367
state246 : state367
state374
state246 : state374
state429
state246 : state429
state431
state246 : state431
state434
state246 : state434
state437
state246 : state437
state443
state246 : state443
state449
state246 : state449
state466
state246 : state466
state469
state246 : state469
state471
state246 : state471
state473
state246 : state473
state487
state246 : state487
state490
state246 : state490
state495
state246 : state495
state500
state246 : state500
state503
state246 : state503
state514
state246 : state514
state517
state246 : state517
state522
state246 : state522
state525
state246 : state525
state531
state246 : state531
state534
state246 : state534
state542
state246 : state542
state556
state246 : state556
state559
state246 : state559
state560
state246 : state560
state561
state246 : state561
state562
state246 : state562
state563
state246 : state563
state564
state246 : state564
state565
state246 : state565
state566
state246 : state566
state567
state246 : state567
state568
state246 : state568
state569
state246 : state569
state570
state246 : state570
state571
state246 : state571
state572
state246 : state572
state573
state246 : state573
state574
state246 : state574
state575
state246 : state575
state576
state246 : state576
state577
state246 : state577
state578
state246 : state578
state579
state246 : state579
state580
state246 : state580
state581
state246 : state581
state582
state246 : state582
state583
state246 : state583
state584
state246 : state584
state585
state246 : state585
state586
state246 : state586
state587
state246 : state587
state588
state246 : state588
state589
state246 : state589
state590
state246 : state590
state591
state246 : state591
index
state249 : index
state3
state249 : state3
state5
state249 : state5
state6
state249 : state6
state8
state249 : state8
state10
state249 : state10
state12
state249 : state12
state20
state249 : state20
state27
state249 : state27
state31
state249 : state31
state36
state249 : state36
state40
state249 : state40
state41
state249 : state41
state49
state249 : state49
state61
state249 : state61
state64
state249 : state64
state73
state249 : state73
state125
state249 : state125
state139
state249 : state139
state145
state249 : state145
state148
state249 : state148
state151
state249 : state151
state154
state249 : state154
state156
state249 : state156
state167
state249 : state167
state170
state249 : state170
state178
state249 : state178
state181
state249 : state181
state195
state249 : state195
state211
state249 : state211
state215
state249 : state215
state219
state249 : state219
state223
state249 : state223
state225
state249 : state225
state239
state249 : state239
state241
state249 : state241
state247
state249 : state247
state259
state249 : state259
state265
state249 : state265
state274
state249 : state274
state277
state249 : state277
state279
state249 : state279
state298
state249 : state298
state303
state249 : state303
state314
state249 : state314
state325
state249 : state325
state329
state249 : state329
state336
state249 : state336
state338
state249 : state338
state343
state249 : state343
state346
state249 : state346
state349
state249 : state349
state367
state249 : state367
state374
state249 : state374
state429
state249 : state429
state431
state249 : state431
state434
state249 : state434
state437
state249 : state437
state443
state249 : state443
state449
state249 : state449
state466
state249 : state466
state469
state249 : state469
state471
state249 : state471
state473
state249 : state473
state487
state249 : state487
state490
state249 : state490
state495
state249 : state495
state500
state249 : state500
state503
state249 : state503
state514
state249 : state514
state517
state249 : state517
state522
state249 : state522
state525
state249 : state525
state531
state249 : state531
state534
state249 : state534
state542
state249 : state542
state556
state249 : state556
state559
state249 : state559
state560
state249 : state560
state561
state249 : state561
state562
state249 : state562
state563
state249 : state563
state564
state249 : state564
state565
state249 : state565
state566
state249 : state566
state567
state249 : state567
state568
state249 : state568
state569
state249 : state569
state570
state249 : state570
state571
state249 : state571
state572
state249 : state572
state573
state249 : state573
state574
state249 : state574
state575
state249 : state575
state576
state249 : state576
state577
state249 : state577
state578
state249 : state578
state579
state249 : state579
state580
state249 : state580
state581
state249 : state581
state582
state249 : state582
state583
state249 : state583
state584
state249 : state584
state585
state249 : state585
state586
state249 : state586
state587
state249 : state587
state588
state249 : state588
state589
state249 : state589
state590
state249 : state590
state591
state249 : state591
index
state258 : index
state3
state258 : state3
state5
state258 : state5
state6
state258 : state6
state8
state258 : state8
state10
state258 : state10
state12
state258 : state12
state20
state258 : state20
state27
state258 : state27
state31
state258 : state31
state36
state258 : state36
state40
state258 : state40
state41
state258 : state41
state49
state258 : state49
state61
state258 : state61
state64
state258 : state64
state73
state258 : state73
state125
state258 : state125
state139
state258 : state139
state145
state258 : state145
state148
state258 : state148
state151
state258 : state151
state154
state258 : state154
state156
state258 : state156
state167
state258 : state167
state170
state258 : state170
state178
state258 : state178
state181
state258 : state181
state195
state258 : state195
state211
state258 : state211
state215
state258 : state215
state219
state258 : state219
state223
state258 : state223
state225
state258 : state225
state239
state258 : state239
state241
state258 : state241
state247
state258 : state247
state259
state258 : state259
state265
state258 : state265
state274
state258 : state274
state277
state258 : state277
state279
state258 : state279
state298
state258 : state298
state303
state258 : state303
state314
state258 : state314
state325
state258 : state325
state329
state258 : state329
state336
state258 : state336
state338
state258 : state338
state343
state258 : state343
state346
state258 : state346
state349
state258 : state349
state367
state258 : state367
state374
state258 : state374
state429
state258 : state429
state431
state258 : state431
state434
state258 : state434
state437
state258 : state437
state443
state258 : state443
state449
state258 : state449
state466
state258 : state466
state469
state258 : state469
state471
state258 : state471
state473
state258 : state473
state487
state258 : state487
state490
state258 : state490
state495
state258 : state495
state500
state258 : state500
state503
state258 : state503
state514
state258 : state514
state517
state258 : state517
state522
state258 : state522
state525
state258 : state525
state531
state258 : state531
state534
state258 : state534
state542
state258 : state542
state556
state258 : state556
state559
state258 : state559
state560
state258 : state560
state561
state258 : state561
state562
state258 : state562
state563
state258 : state563
state564
state258 : state564
state565
state258 : state565
state566
state258 : state566
state567
state258 : state567
state568
state258 : state568
state569
state258 : state569
state570
state258 : state570
state571
state258 : state571
state572
state258 : state572
state573
state258 : state573
state574
state258 : state574
state575
state258 : state575
state576
state258 : state576
state577
state258 : state577
state578
state258 : state578
state579
state258 : state579
state580
state258 : state580
state581
state258 : state581
state582
state258 : state582
state583
state258 : state583
state584
state258 : state584
state585
state258 : state585
state586
state258 : state586
state587
state258 : state587
state588
state258 : state588
state589
state258 : state589
state590
state258 : state590
state591
state258 : state591
index
state265 : index
state3
state265 : state3
state5
state265 : state5
state6
state265 : state6
state8
state265 : state8
state10
state265 : state10
state12
state265 : state12
state20
state265 : state20
state27
state265 : state27
state31
state265 : state31
state36
state265 : state36
state40
state265 : state40
state41
state265 : state41
state49
state265 : state49
state61
state265 : state61
state64
state265 : state64
state73
state265 : state73
state125
state265 : state125
state139
state265 : state139
state145
state265 : state145
state148
state265 : state148
state151
state265 : state151
state154
state265 : state154
state156
state265 : state156
state167
state265 : state167
state170
state265 : state170
state178
state265 : state178
state181
state265 : state181
state195
state265 : state195
state211
state265 : state211
state215
state265 : state215
state219
state265 : state219
state223
state265 : state223
state225
state265 : state225
state239
state265 : state239
state241
state265 : state241
state247
state265 : state247
state259
state265 : state259
state265
state265 : state265
state274
state265 : state274
state277
state265 : state277
state279
state265 : state279
state298
state265 : state298
state303
state265 : state303
state314
state265 : state314
state325
state265 : state325
state329
state265 : state329
state336
state265 : state336
state338
state265 : state338
state343
state265 : state343
state346
state265 : state346
state349
state265 : state349
state367
state265 : state367
state374
state265 : state374
state429
state265 : state429
state431
state265 : state431
state434
state265 : state434
state437
state265 : state437
state443
state265 : state443
state449
state265 : state449
state466
state265 : state466
state469
state265 : state469
state471
state265 : state471
state473
state265 : state473
state487
state265 : state487
state490
state265 : state490
state495
state265 : state495
state500
state265 : state500
state503
state265 : state503
state514
state265 : state514
state517
state265 : state517
state522
state265 : state522
state525
state265 : state525
state531
state265 : state531
state534
state265 : state534
state542
state265 : state542
state556
state265 : state556
state559
state265 : state559
state560
state265 : state560
state561
state265 : state561
state562
state265 : state562
state563
state265 : state563
state564
state265 : state564
state565
state265 : state565
state566
state265 : state566
state567
state265 : state567
state568
state265 : state568
state569
state265 : state569
state570
state265 : state570
state571
state265 : state571
state572
state265 : state572
state573
state265 : state573
state574
state265 : state574
state575
state265 : state575
state576
state265 : state576
state577
state265 : state577
state578
state265 : state578
state579
state265 : state579
state580
state265 : state580
state581
state265 : state581
state582
state265 : state582
state583
state265 : state583
state584
state265 : state584
state585
state265 : state585
state586
state265 : state586
state587
state265 : state587
state588
state265 : state588
state589
state265 : state589
state590
state265 : state590
state591
state265 : state591
index
state275 : index
state3
state275 : state3
state5
state275 : state5
state6
state275 : state6
state8
state275 : state8
state10
state275 : state10
state12
state275 : state12
state20
state275 : state20
state27
state275 : state27
state31
state275 : state31
state36
state275 : state36
state40
state275 : state40
state41
state275 : state41
state49
state275 : state49
state61
state275 : state61
state64
state275 : state64
state73
state275 : state73
state125
state275 : state125
state139
state275 : state139
state145
state275 : state145
state148
state275 : state148
state151
state275 : state151
state154
state275 : state154
state156
state275 : state156
state167
state275 : state167
state170
state275 : state170
state178
state275 : state178
state181
state275 : state181
state195
state275 : state195
state211
state275 : state211
state215
state275 : state215
state219
state275 : state219
state223
state275 : state223
state225
state275 : state225
state239
state275 : state239
state241
state275 : state241
state247
state275 : state247
state259
state275 : state259
state265
state275 : state265
state274
state275 : state274
state277
state275 : state277
state279
state275 : state279
state298
state275 : state298
state303
state275 : state303
state314
state275 : state314
state325
state275 : state325
state329
state275 : state329
state336
state275 : state336
state338
state275 : state338
state343
state275 : state343
state346
state275 : state346
state349
state275 : state349
state367
state275 : state367
state374
state275 : state374
state429
state275 : state429
state431
state275 : state431
state434
state275 : state434
state437
state275 : state437
state443
state275 : state443
state449
state275 : state449
state466
state275 : state466
state469
state275 : state469
state471
state275 : state471
state473
state275 : state473
state487
state275 : state487
state490
state275 : state490
state495
state275 : state495
state500
state275 : state500
state503
state275 : state503
state514
state275 : state514
state517
state275 : state517
state522
state275 : state522
state525
state275 : state525
state531
state275 : state531
state534
state275 : state534
state542
state275 : state542
state556
state275 : state556
state559
state275 : state559
state560
state275 : state560
state561
state275 : state561
state562
state275 : state562
state563
state275 : state563
state564
state275 : state564
state565
state275 : state565
state566
state275 : state566
state567
state275 : state567
state568
state275 : state568
state569
state275 : state569
state570
state275 : state570
state571
state275 : state571
state572
state275 : state572
state573
state275 : state573
state574
state275 : state574
state575
state275 : state575
state576
state275 : state576
state577
state275 : state577
state578
state275 : state578
state579
state275 : state579
state580
state275 : state580
state581
state275 : state581
state582
state275 : state582
state583
state275 : state583
state584
state275 : state584
state585
state275 : state585
state586
state275 : state586
state587
state275 : state587
state588
state275 : state588
state589
state275 : state589
state590
state275 : state590
state591
state275 : state591
index
state279 : index
state3
state279 : state3
state5
state279 : state5
state6
state279 : state6
state8
state279 : state8
state10
state279 : state10
state12
state279 : state12
state20
state279 : state20
state27
state279 : state27
state31
state279 : state31
state36
state279 : state36
state40
state279 : state40
state41
state279 : state41
state49
state279 : state49
state61
state279 : state61
state64
state279 : state64
state73
state279 : state73
state125
state279 : state125
state139
state279 : state139
state145
state279 : state145
state148
state279 : state148
state151
state279 : state151
state154
state279 : state154
state156
state279 : state156
state167
state279 : state167
state170
state279 : state170
state178
state279 : state178
state181
state279 : state181
state195
state279 : state195
state211
state279 : state211
state215
state279 : state215
state219
state279 : state219
state223
state279 : state223
state225
state279 : state225
state239
state279 : state239
state241
state279 : state241
state247
state279 : state247
state259
state279 : state259
state265
state279 : state265
state274
state279 : state274
state277
state279 : state277
state279
state279 : state279
state298
state279 : state298
state303
state279 : state303
state314
state279 : state314
state325
state279 : state325
state329
state279 : state329
state336
state279 : state336
state338
state279 : state338
state343
state279 : state343
state346
state279 : state346
state349
state279 : state349
state367
state279 : state367
state374
state279 : state374
state429
state279 : state429
state431
state279 : state431
state434
state279 : state434
state437
state279 : state437
state443
state279 : state443
state449
state279 : state449
state466
state279 : state466
state469
state279 : state469
state471
state279 : state471
state473
state279 : state473
state487
state279 : state487
state490
state279 : state490
state495
state279 : state495
state500
state279 : state500
state503
state279 : state503
state514
state279 : state514
state517
state279 : state517
state522
state279 : state522
state525
state279 : state525
state531
state279 : state531
state534
state279 : state534
state542
state279 : state542
state556
state279 : state556
state559
state279 : state559
state560
state279 : state560
state561
state279 : state561
state562
state279 : state562
state563
state279 : state563
state564
state279 : state564
state565
state279 : state565
state566
state279 : state566
state567
state279 : state567
state568
state279 : state568
state569
state279 : state569
state570
state279 : state570
state571
state279 : state571
state572
state279 : state572
state573
state279 : state573
state574
state279 : state574
state575
state279 : state575
state576
state279 : state576
state577
state279 : state577
state578
state279 : state578
state579
state279 : state579
state580
state279 : state580
state581
state279 : state581
state582
state279 : state582
state583
state279 : state583
state584
state279 : state584
state585
state279 : state585
state586
state279 : state586
state587
state279 : state587
state588
state279 : state588
state589
state279 : state589
state590
state279 : state590
state591
state279 : state591
index
state291 : index
state3
state291 : state3
state5
state291 : state5
state6
state291 : state6
state8
state291 : state8
state10
state291 : state10
state12
state291 : state12
state20
state291 : state20
state27
state291 : state27
state31
state291 : state31
state36
state291 : state36
state40
state291 : state40
state41
state291 : state41
state49
state291 : state49
state61
state291 : state61
state64
state291 : state64
state73
state291 : state73
state125
state291 : state125
state139
state291 : state139
state145
state291 : state145
state148
state291 : state148
state151
state291 : state151
state154
state291 : state154
state156
state291 : state156
state167
state291 : state167
state170
state291 : state170
state178
state291 : state178
state181
state291 : state181
state195
state291 : state195
state211
state291 : state211
state215
state291 : state215
state219
state291 : state219
state223
state291 : state223
state225
state291 : state225
state239
state291 : state239
state241
state291 : state241
state247
state291 : state247
state259
state291 : state259
state265
state291 : state265
state274
state291 : state274
state277
state291 : state277
state279
state291 : state279
state298
state291 : state298
state303
state291 : state303
state314
state291 : state314
state325
state291 : state325
state329
state291 : state329
state336
state291 : state336
state338
state291 : state338
state343
state291 : state343
state346
state291 : state346
state349
state291 : state349
state367
state291 : state367
state374
state291 : state374
state429
state291 : state429
state431
state291 : state431
state434
state291 : state434
state437
state291 : state437
state443
state291 : state443
state449
state291 : state449
state466
state291 : state466
state469
state291 : state469
state471
state291 : state471
state473
state291 : state473
state487
state291 : state487
state490
state291 : state490
state495
state291 : state495
state500
state291 : state500
state503
state291 : state503
state514
state291 : state514
state517
state291 : state517
state522
state291 : state522
state525
state291 : state525
state531
state291 : state531
state534
state291 : state534
state542
state291 : state542
state556
state291 : state556
state559
state291 : state559
state560
state291 : state560
state561
state291 : state561
state562
state291 : state562
state563
state291 : state563
state564
state291 : state564
state565
state291 : state565
state566
state291 : state566
state567
state291 : state567
state568
state291 : state568
state569
state291 : state569
state570
state291 : state570
state571
state291 : state571
state572
state291 : state572
state573
state291 : state573
state574
state291 : state574
state575
state291 : state575
state576
state291 : state576
state577
state291 : state577
state578
state291 : state578
state579
state291 : state579
state580
state291 : state580
state581
state291 : state581
state582
state291 : state582
state583
state291 : state583
state584
state291 : state584
state585
state291 : state585
state586
state291 : state586
state587
state291 : state587
state588
state291 : state588
state589
state291 : state589
state590
state291 : state590
state591
state291 : state591
index
state293 : index
state3
state293 : state3
state5
state293 : state5
state6
state293 : state6
state8
state293 : state8
state10
state293 : state10
state12
state293 : state12
state20
state293 : state20
state27
state293 : state27
state31
state293 : state31
state36
state293 : state36
state40
state293 : state40
state41
state293 : state41
state49
state293 : state49
state61
state293 : state61
state64
state293 : state64
state73
state293 : state73
state125
state293 : state125
state139
state293 : state139
state145
state293 : state145
state148
state293 : state148
state151
state293 : state151
state154
state293 : state154
state156
state293 : state156
state167
state293 : state167
state170
state293 : state170
state178
state293 : state178
state181
state293 : state181
state195
state293 : state195
state211
state293 : state211
state215
state293 : state215
state219
state293 : state219
state223
state293 : state223
state225
state293 : state225
state239
state293 : state239
state241
state293 : state241
state247
state293 : state247
state259
state293 : state259
state265
state293 : state265
state274
state293 : state274
state277
state293 : state277
state279
state293 : state279
state298
state293 : state298
state303
state293 : state303
state314
state293 : state314
state325
state293 : state325
state329
state293 : state329
state336
state293 : state336
state338
state293 : state338
state343
state293 : state343
state346
state293 : state346
state349
state293 : state349
state367
state293 : state367
state374
state293 : state374
state429
state293 : state429
state431
state293 : state431
state434
state293 : state434
state437
state293 : state437
state443
state293 : state443
state449
state293 : state449
state466
state293 : state466
state469
state293 : state469
state471
state293 : state471
state473
state293 : state473
state487
state293 : state487
state490
state293 : state490
state495
state293 : state495
state500
state293 : state500
state503
state293 : state503
state514
state293 : state514
state517
state293 : state517
state522
state293 : state522
state525
state293 : state525
state531
state293 : state531
state534
state293 : state534
state542
state293 : state542
state556
state293 : state556
state559
state293 : state559
state560
state293 : state560
state561
state293 : state561
state562
state293 : state562
state563
state293 : state563
state564
state293 : state564
state565
state293 : state565
state566
state293 : state566
state567
state293 : state567
state568
state293 : state568
state569
state293 : state569
state570
state293 : state570
state571
state293 : state571
state572
state293 : state572
state573
state293 : state573
state574
state293 : state574
state575
state293 : state575
state576
state293 : state576
state577
state293 : state577
state578
state293 : state578
state579
state293 : state579
state580
state293 : state580
state581
state293 : state581
state582
state293 : state582
state583
state293 : state583
state584
state293 : state584
state585
state293 : state585
state586
state293 : state586
state587
state293 : state587
state588
state293 : state588
state589
state293 : state589
state590
state293 : state590
state591
state293 : state591
index
state298 : index
state3
state298 : state3
state5
state298 : state5
state6
state298 : state6
state8
state298 : state8
state10
state298 : state10
state12
state298 : state12
state20
state298 : state20
state27
state298 : state27
state31
state298 : state31
state36
state298 : state36
state40
state298 : state40
state41
state298 : state41
state49
state298 : state49
state61
state298 : state61
state64
state298 : state64
state73
state298 : state73
state125
state298 : state125
state139
state298 : state139
state145
state298 : state145
state148
state298 : state148
state151
state298 : state151
state154
state298 : state154
state156
state298 : state156
state167
state298 : state167
state170
state298 : state170
state178
state298 : state178
state181
state298 : state181
state195
state298 : state195
state211
state298 : state211
state215
state298 : state215
state219
state298 : state219
state223
state298 : state223
state225
state298 : state225
state239
state298 : state239
state241
state298 : state241
state247
state298 : state247
state259
state298 : state259
state265
state298 : state265
state274
state298 : state274
state277
state298 : state277
state279
state298 : state279
state298
state298 : state298
state303
state298 : state303
state314
state298 : state314
state325
state298 : state325
state329
state298 : state329
state336
state298 : state336
state338
state298 : state338
state343
state298 : state343
state346
state298 : state346
state349
state298 : state349
state367
state298 : state367
state374
state298 : state374
state429
state298 : state429
state431
state298 : state431
state434
state298 : state434
state437
state298 : state437
state443
state298 : state443
state449
state298 : state449
state466
state298 : state466
state469
state298 : state469
state471
state298 : state471
state473
state298 : state473
state487
state298 : state487
state490
state298 : state490
state495
state298 : state495
state500
state298 : state500
state503
state298 : state503
state514
state298 : state514
state517
state298 : state517
state522
state298 : state522
state525
state298 : state525
state531
state298 : state531
state534
state298 : state534
state542
state298 : state542
state556
state298 : state556
state559
state298 : state559
state560
state298 : state560
state561
state298 : state561
state562
state298 : state562
state563
state298 : state563
state564
state298 : state564
state565
state298 : state565
state566
state298 : state566
state567
state298 : state567
state568
state298 : state568
state569
state298 : state569
state570
state298 : state570
state571
state298 : state571
state572
state298 : state572
state573
state298 : state573
state574
state298 : state574
state575
state298 : state575
state576
state298 : state576
state577
state298 : state577
state578
state298 : state578
state579
state298 : state579
state580
state298 : state580
state581
state298 : state581
state582
state298 : state582
state583
state298 : state583
state584
state298 : state584
state585
state298 : state585
state586
state298 : state586
state587
state298 : state587
state588
state298 : state588
state589
state298 : state589
state590
state298 : state590
state591
state298 : state591
index
state312 : index
state3
state312 : state3
state5
state312 : state5
state6
state312 : state6
state8
state312 : state8
state10
state312 : state10
state12
state312 : state12
state20
state312 : state20
state27
state312 : state27
state31
state312 : state31
state36
state312 : state36
state40
state312 : state40
state41
state312 : state41
state49
state312 : state49
state61
state312 : state61
state64
state312 : state64
state73
state312 : state73
state125
state312 : state125
state139
state312 : state139
state145
state312 : state145
state148
state312 : state148
state151
state312 : state151
state154
state312 : state154
state156
state312 : state156
state167
state312 : state167
state170
state312 : state170
state178
state312 : state178
state181
state312 : state181
state195
state312 : state195
state211
state312 : state211
state215
state312 : state215
state219
state312 : state219
state223
state312 : state223
state225
state312 : state225
state239
state312 : state239
state241
state312 : state241
state247
state312 : state247
state259
state312 : state259
state265
state312 : state265
state274
state312 : state274
state277
state312 : state277
state279
state312 : state279
state298
state312 : state298
state303
state312 : state303
state314
state312 : state314
state325
state312 : state325
state329
state312 : state329
state336
state312 : state336
state338
state312 : state338
state343
state312 : state343
state346
state312 : state346
state349
state312 : state349
state367
state312 : state367
state374
state312 : state374
state429
state312 : state429
state431
state312 : state431
state434
state312 : state434
state437
state312 : state437
state443
state312 : state443
state449
state312 : state449
state466
state312 : state466
state469
state312 : state469
state471
state312 : state471
state473
state312 : state473
state487
state312 : state487
state490
state312 : state490
state495
state312 : state495
state500
state312 : state500
state503
state312 : state503
state514
state312 : state514
state517
state312 : state517
state522
state312 : state522
state525
state312 : state525
state531
state312 : state531
state534
state312 : state534
state542
state312 : state542
state556
state312 : state556
state559
state312 : state559
state560
state312 : state560
state561
state312 : state561
state562
state312 : state562
state563
state312 : state563
state564
state312 : state564
state565
state312 : state565
state566
state312 : state566
state567
state312 : state567
state568
state312 : state568
state569
state312 : state569
state570
state312 : state570
state571
state312 : state571
state572
state312 : state572
state573
state312 : state573
state574
state312 : state574
state575
state312 : state575
state576
state312 : state576
state577
state312 : state577
state578
state312 : state578
state579
state312 : state579
state580
state312 : state580
state581
state312 : state581
state582
state312 : state582
state583
state312 : state583
state584
state312 : state584
state585
state312 : state585
state586
state312 : state586
state587
state312 : state587
state588
state312 : state588
state589
state312 : state589
state590
state312 : state590
state591
state312 : state591
index
state317 : index
state3
state317 : state3
state5
state317 : state5
state6
state317 : state6
state8
state317 : state8
state10
state317 : state10
state12
state317 : state12
state20
state317 : state20
state27
state317 : state27
state31
state317 : state31
state36
state317 : state36
state40
state317 : state40
state41
state317 : state41
state49
state317 : state49
state61
state317 : state61
state64
state317 : state64
state73
state317 : state73
state125
state317 : state125
state139
state317 : state139
state145
state317 : state145
state148
state317 : state148
state151
state317 : state151
state154
state317 : state154
state156
state317 : state156
state167
state317 : state167
state170
state317 : state170
state178
state317 : state178
state181
state317 : state181
state195
state317 : state195
state211
state317 : state211
state215
state317 : state215
state219
state317 : state219
state223
state317 : state223
state225
state317 : state225
state239
state317 : state239
state241
state317 : state241
state247
state317 : state247
state259
state317 : state259
state265
state317 : state265
state274
state317 : state274
state277
state317 : state277
state279
state317 : state279
state298
state317 : state298
state303
state317 : state303
state314
state317 : state314
state325
state317 : state325
state329
state317 : state329
state336
state317 : state336
state338
state317 : state338
state343
state317 : state343
state346
state317 : state346
state349
state317 : state349
state367
state317 : state367
state374
state317 : state374
state429
state317 : state429
state431
state317 : state431
state434
state317 : state434
state437
state317 : state437
state443
state317 : state443
state449
state317 : state449
state466
state317 : state466
state469
state317 : state469
state471
state317 : state471
state473
state317 : state473
state487
state317 : state487
state490
state317 : state490
state495
state317 : state495
state500
state317 : state500
state503
state317 : state503
state514
state317 : state514
state517
state317 : state517
state522
state317 : state522
state525
state317 : state525
state531
state317 : state531
state534
state317 : state534
state542
state317 : state542
state556
state317 : state556
state559
state317 : state559
state560
state317 : state560
state561
state317 : state561
state562
state317 : state562
state563
state317 : state563
state564
state317 : state564
state565
state317 : state565
state566
state317 : state566
state567
state317 : state567
state568
state317 : state568
state569
state317 : state569
state570
state317 : state570
state571
state317 : state571
state572
state317 : state572
state573
state317 : state573
state574
state317 : state574
state575
state317 : state575
state576
state317 : state576
state577
state317 : state577
state578
state317 : state578
state579
state317 : state579
state580
state317 : state580
state581
state317 : state581
state582
state317 : state582
state583
state317 : state583
state584
state317 : state584
state585
state317 : state585
state586
state317 : state586
state587
state317 : state587
state588
state317 : state588
state589
state317 : state589
state590
state317 : state590
state591
state317 : state591
index
state321 : index
state3
state321 : state3
state5
state321 : state5
state6
state321 : state6
state8
state321 : state8
state10
state321 : state10
state12
state321 : state12
state20
state321 : state20
state27
state321 : state27
state31
state321 : state31
state36
state321 : state36
state40
state321 : state40
state41
state321 : state41
state49
state321 : state49
state61
state321 : state61
state64
state321 : state64
state73
state321 : state73
state125
state321 : state125
state139
state321 : state139
state145
state321 : state145
state148
state321 : state148
state151
state321 : state151
state154
state321 : state154
state156
state321 : state156
state167
state321 : state167
state170
state321 : state170
state178
state321 : state178
state181
state321 : state181
state195
state321 : state195
state211
state321 : state211
state215
state321 : state215
state219
state321 : state219
state223
state321 : state223
state225
state321 : state225
state239
state321 : state239
state241
state321 : state241
state247
state321 : state247
state259
state321 : state259
state265
state321 : state265
state274
state321 : state274
state277
state321 : state277
state279
state321 : state279
state298
state321 : state298
state303
state321 : state303
state314
state321 : state314
state325
state321 : state325
state329
state321 : state329
state336
state321 : state336
state338
state321 : state338
state343
state321 : state343
state346
state321 : state346
state349
state321 : state349
state367
state321 : state367
state374
state321 : state374
state429
state321 : state429
state431
state321 : state431
state434
state321 : state434
state437
state321 : state437
state443
state321 : state443
state449
state321 : state449
state466
state321 : state466
state469
state321 : state469
state471
state321 : state471
state473
state321 : state473
state487
state321 : state487
state490
state321 : state490
state495
state321 : state495
state500
state321 : state500
state503
state321 : state503
state514
state321 : state514
state517
state321 : state517
state522
state321 : state522
state525
state321 : state525
state531
state321 : state531
state534
state321 : state534
state542
state321 : state542
state556
state321 : state556
state559
state321 : state559
state560
state321 : state560
state561
state321 : state561
state562
state321 : state562
state563
state321 : state563
state564
state321 : state564
state565
state321 : state565
state566
state321 : state566
state567
state321 : state567
state568
state321 : state568
state569
state321 : state569
state570
state321 : state570
state571
state321 : state571
state572
state321 : state572
state573
state321 : state573
state574
state321 : state574
state575
state321 : state575
state576
state321 : state576
state577
state321 : state577
state578
state321 : state578
state579
state321 : state579
state580
state321 : state580
state581
state321 : state581
state582
state321 : state582
state583
state321 : state583
state584
state321 : state584
state585
state321 : state585
state586
state321 : state586
state587
state321 : state587
state588
state321 : state588
state589
state321 : state589
state590
state321 : state590
state591
state321 : state591
index
state343 : index
state3
state343 : state3
state5
state343 : state5
state6
state343 : state6
state8
state343 : state8
state10
state343 : state10
state12
state343 : state12
state20
state343 : state20
state27
state343 : state27
state31
state343 : state31
state36
state343 : state36
state40
state343 : state40
state41
state343 : state41
state49
state343 : state49
state61
state343 : state61
state64
state343 : state64
state73
state343 : state73
state125
state343 : state125
state139
state343 : state139
state145
state343 : state145
state148
state343 : state148
state151
state343 : state151
state154
state343 : state154
state156
state343 : state156
state167
state343 : state167
state170
state343 : state170
state178
state343 : state178
state181
state343 : state181
state195
state343 : state195
state211
state343 : state211
state215
state343 : state215
state219
state343 : state219
state223
state343 : state223
state225
state343 : state225
state239
state343 : state239
state241
state343 : state241
state247
state343 : state247
state259
state343 : state259
state265
state343 : state265
state274
state343 : state274
state277
state343 : state277
state279
state343 : state279
state298
state343 : state298
state303
state343 : state303
state314
state343 : state314
state325
state343 : state325
state329
state343 : state329
state336
state343 : state336
state338
state343 : state338
state343
state343 : state343
state346
state343 : state346
state349
state343 : state349
state367
state343 : state367
state374
state343 : state374
state429
state343 : state429
state431
state343 : state431
state434
state343 : state434
state437
state343 : state437
state443
state343 : state443
state449
state343 : state449
state466
state343 : state466
state469
state343 : state469
state471
state343 : state471
state473
state343 : state473
state487
state343 : state487
state490
state343 : state490
state495
state343 : state495
state500
state343 : state500
state503
state343 : state503
state514
state343 : state514
state517
state343 : state517
state522
state343 : state522
state525
state343 : state525
state531
state343 : state531
state534
state343 : state534
state542
state343 : state542
state556
state343 : state556
state559
state343 : state559
state560
state343 : state560
state561
state343 : state561
state562
state343 : state562
state563
state343 : state563
state564
state343 : state564
state565
state343 : state565
state566
state343 : state566
state567
state343 : state567
state568
state343 : state568
state569
state343 : state569
state570
state343 : state570
state571
state343 : state571
state572
state343 : state572
state573
state343 : state573
state574
state343 : state574
state575
state343 : state575
state576
state343 : state576
state577
state343 : state577
state578
state343 : state578
state579
state343 : state579
state580
state343 : state580
state581
state343 : state581
state582
state343 : state582
state583
state343 : state583
state584
state343 : state584
state585
state343 : state585
state586
state343 : state586
state587
state343 : state587
state588
state343 : state588
state589
state343 : state589
state590
state343 : state590
state591
state343 : state591
index
state346 : index
state3
state346 : state3
state5
state346 : state5
state6
state346 : state6
state8
state346 : state8
state10
state346 : state10
state12
state346 : state12
state20
state346 : state20
state27
state346 : state27
state31
state346 : state31
state36
state346 : state36
state40
state346 : state40
state41
state346 : state41
state49
state346 : state49
state61
state346 : state61
state64
state346 : state64
state73
state346 : state73
state125
state346 : state125
state139
state346 : state139
state145
state346 : state145
state148
state346 : state148
state151
state346 : state151
state154
state346 : state154
state156
state346 : state156
state167
state346 : state167
state170
state346 : state170
state178
state346 : state178
state181
state346 : state181
state195
state346 : state195
state211
state346 : state211
state215
state346 : state215
state219
state346 : state219
state223
state346 : state223
state225
state346 : state225
state239
state346 : state239
state241
state346 : state241
state247
state346 : state247
state259
state346 : state259
state265
state346 : state265
state274
state346 : state274
state277
state346 : state277
state279
state346 : state279
state298
state346 : state298
state303
state346 : state303
state314
state346 : state314
state325
state346 : state325
state329
state346 : state329
state336
state346 : state336
state338
state346 : state338
state343
state346 : state343
state346
state346 : state346
state349
state346 : state349
state367
state346 : state367
state374
state346 : state374
state429
state346 : state429
state431
state346 : state431
state434
state346 : state434
state437
state346 : state437
state443
state346 : state443
state449
state346 : state449
state466
state346 : state466
state469
state346 : state469
state471
state346 : state471
state473
state346 : state473
state487
state346 : state487
state490
state346 : state490
state495
state346 : state495
state500
state346 : state500
state503
state346 : state503
state514
state346 : state514
state517
state346 : state517
state522
state346 : state522
state525
state346 : state525
state531
state346 : state531
state534
state346 : state534
state542
state346 : state542
state556
state346 : state556
state559
state346 : state559
state560
state346 : state560
state561
state346 : state561
state562
state346 : state562
state563
state346 : state563
state564
state346 : state564
state565
state346 : state565
state566
state346 : state566
state567
state346 : state567
state568
state346 : state568
state569
state346 : state569
state570
state346 : state570
state571
state346 : state571
state572
state346 : state572
state573
state346 : state573
state574
state346 : state574
state575
state346 : state575
state576
state346 : state576
state577
state346 : state577
state578
state346 : state578
state579
state346 : state579
state580
state346 : state580
state581
state346 : state581
state582
state346 : state582
state583
state346 : state583
state584
state346 : state584
state585
state346 : state585
state586
state346 : state586
state587
state346 : state587
state588
state346 : state588
state589
state346 : state589
state590
state346 : state590
state591
state346 : state591
index
state351 : index
state3
state351 : state3
state5
state351 : state5
state6
state351 : state6
state8
state351 : state8
state10
state351 : state10
state12
state351 : state12
state20
state351 : state20
state27
state351 : state27
state31
state351 : state31
state36
state351 : state36
state40
state351 : state40
state41
state351 : state41
state49
state351 : state49
state61
state351 : state61
state64
state351 : state64
state73
state351 : state73
state125
state351 : state125
state139
state351 : state139
state145
state351 : state145
state148
state351 : state148
state151
state351 : state151
state154
state351 : state154
state156
state351 : state156
state167
state351 : state167
state170
state351 : state170
state178
state351 : state178
state181
state351 : state181
state195
state351 : state195
state211
state351 : state211
state215
state351 : state215
state219
state351 : state219
state223
state351 : state223
state225
state351 : state225
state239
state351 : state239
state241
state351 : state241
state247
state351 : state247
state259
state351 : state259
state265
state351 : state265
state274
state351 : state274
state277
state351 : state277
state279
state351 : state279
state298
state351 : state298
state303
state351 : state303
state314
state351 : state314
state325
state351 : state325
state329
state351 : state329
state336
state351 : state336
state338
state351 : state338
state343
state351 : state343
state346
state351 : state346
state349
state351 : state349
state367
state351 : state367
state374
state351 : state374
state429
state351 : state429
state431
state351 : state431
state434
state351 : state434
state437
state351 : state437
state443
state351 : state443
state449
state351 : state449
state466
state351 : state466
state469
state351 : state469
state471
state351 : state471
state473
state351 : state473
state487
state351 : state487
state490
state351 : state490
state495
state351 : state495
state500
state351 : state500
state503
state351 : state503
state514
state351 : state514
state517
state351 : state517
state522
state351 : state522
state525
state351 : state525
state531
state351 : state531
state534
state351 : state534
state542
state351 : state542
state556
state351 : state556
state559
state351 : state559
state560
state351 : state560
state561
state351 : state561
state562
state351 : state562
state563
state351 : state563
state564
state351 : state564
state565
state351 : state565
state566
state351 : state566
state567
state351 : state567
state568
state351 : state568
state569
state351 : state569
state570
state351 : state570
state571
state351 : state571
state572
state351 : state572
state573
state351 : state573
state574
state351 : state574
state575
state351 : state575
state576
state351 : state576
state577
state351 : state577
state578
state351 : state578
state579
state351 : state579
state580
state351 : state580
state581
state351 : state581
state582
state351 : state582
state583
state351 : state583
state584
state351 : state584
state585
state351 : state585
state586
state351 : state586
state587
state351 : state587
state588
state351 : state588
state589
state351 : state589
state590
state351 : state590
state591
state351 : state591
index
state356 : index
state3
state356 : state3
state5
state356 : state5
state6
state356 : state6
state8
state356 : state8
state10
state356 : state10
state12
state356 : state12
state20
state356 : state20
state27
state356 : state27
state31
state356 : state31
state36
state356 : state36
state40
state356 : state40
state41
state356 : state41
state49
state356 : state49
state61
state356 : state61
state64
state356 : state64
state73
state356 : state73
state125
state356 : state125
state139
state356 : state139
state145
state356 : state145
state148
state356 : state148
state151
state356 : state151
state154
state356 : state154
state156
state356 : state156
state167
state356 : state167
state170
state356 : state170
state178
state356 : state178
state181
state356 : state181
state195
state356 : state195
state211
state356 : state211
state215
state356 : state215
state219
state356 : state219
state223
state356 : state223
state225
state356 : state225
state239
state356 : state239
state241
state356 : state241
state247
state356 : state247
state259
state356 : state259
state265
state356 : state265
state274
state356 : state274
state277
state356 : state277
state279
state356 : state279
state298
state356 : state298
state303
state356 : state303
state314
state356 : state314
state325
state356 : state325
state329
state356 : state329
state336
state356 : state336
state338
state356 : state338
state343
state356 : state343
state346
state356 : state346
state349
state356 : state349
state367
state356 : state367
state374
state356 : state374
state429
state356 : state429
state431
state356 : state431
state434
state356 : state434
state437
state356 : state437
state443
state356 : state443
state449
state356 : state449
state466
state356 : state466
state469
state356 : state469
state471
state356 : state471
state473
state356 : state473
state487
state356 : state487
state490
state356 : state490
state495
state356 : state495
state500
state356 : state500
state503
state356 : state503
state514
state356 : state514
state517
state356 : state517
state522
state356 : state522
state525
state356 : state525
state531
state356 : state531
state534
state356 : state534
state542
state356 : state542
state556
state356 : state556
state559
state356 : state559
state560
state356 : state560
state561
state356 : state561
state562
state356 : state562
state563
state356 : state563
state564
state356 : state564
state565
state356 : state565
state566
state356 : state566
state567
state356 : state567
state568
state356 : state568
state569
state356 : state569
state570
state356 : state570
state571
state356 : state571
state572
state356 : state572
state573
state356 : state573
state574
state356 : state574
state575
state356 : state575
state576
state356 : state576
state577
state356 : state577
state578
state356 : state578
state579
state356 : state579
state580
state356 : state580
state581
state356 : state581
state582
state356 : state582
state583
state356 : state583
state584
state356 : state584
state585
state356 : state585
state586
state356 : state586
state587
state356 : state587
state588
state356 : state588
state589
state356 : state589
state590
state356 : state590
state591
state356 : state591
index
state359 : index
state3
state359 : state3
state5
state359 : state5
state6
state359 : state6
state8
state359 : state8
state10
state359 : state10
state12
state359 : state12
state20
state359 : state20
state27
state359 : state27
state31
state359 : state31
state36
state359 : state36
state40
state359 : state40
state41
state359 : state41
state49
state359 : state49
state61
state359 : state61
state64
state359 : state64
state73
state359 : state73
state125
state359 : state125
state139
state359 : state139
state145
state359 : state145
state148
state359 : state148
state151
state359 : state151
state154
state359 : state154
state156
state359 : state156
state167
state359 : state167
state170
state359 : state170
state178
state359 : state178
state181
state359 : state181
state195
state359 : state195
state211
state359 : state211
state215
state359 : state215
state219
state359 : state219
state223
state359 : state223
state225
state359 : state225
state239
state359 : state239
state241
state359 : state241
state247
state359 : state247
state259
state359 : state259
state265
state359 : state265
state274
state359 : state274
state277
state359 : state277
state279
state359 : state279
state298
state359 : state298
state303
state359 : state303
state314
state359 : state314
state325
state359 : state325
state329
state359 : state329
state336
state359 : state336
state338
state359 : state338
state343
state359 : state343
state346
state359 : state346
state349
state359 : state349
state367
state359 : state367
state374
state359 : state374
state429
state359 : state429
state431
state359 : state431
state434
state359 : state434
state437
state359 : state437
state443
state359 : state443
state449
state359 : state449
state466
state359 : state466
state469
state359 : state469
state471
state359 : state471
state473
state359 : state473
state487
state359 : state487
state490
state359 : state490
state495
state359 : state495
state500
state359 : state500
state503
state359 : state503
state514
state359 : state514
state517
state359 : state517
state522
state359 : state522
state525
state359 : state525
state531
state359 : state531
state534
state359 : state534
state542
state359 : state542
state556
state359 : state556
state559
state359 : state559
state560
state359 : state560
state561
state359 : state561
state562
state359 : state562
state563
state359 : state563
state564
state359 : state564
state565
state359 : state565
state566
state359 : state566
state567
state359 : state567
state568
state359 : state568
state569
state359 : state569
state570
state359 : state570
state571
state359 : state571
state572
state359 : state572
state573
state359 : state573
state574
state359 : state574
state575
state359 : state575
state576
state359 : state576
state577
state359 : state577
state578
state359 : state578
state579
state359 : state579
state580
state359 : state580
state581
state359 : state581
state582
state359 : state582
state583
state359 : state583
state584
state359 : state584
state585
state359 : state585
state586
state359 : state586
state587
state359 : state587
state588
state359 : state588
state589
state359 : state589
state590
state359 : state590
state591
state359 : state591
index
state367 : index
state3
state367 : state3
state5
state367 : state5
state6
state367 : state6
state8
state367 : state8
state10
state367 : state10
state12
state367 : state12
state20
state367 : state20
state27
state367 : state27
state31
state367 : state31
state36
state367 : state36
state40
state367 : state40
state41
state367 : state41
state49
state367 : state49
state61
state367 : state61
state64
state367 : state64
state73
state367 : state73
state125
state367 : state125
state139
state367 : state139
state145
state367 : state145
state148
state367 : state148
state151
state367 : state151
state154
state367 : state154
state156
state367 : state156
state167
state367 : state167
state170
state367 : state170
state178
state367 : state178
state181
state367 : state181
state195
state367 : state195
state211
state367 : state211
state215
state367 : state215
state219
state367 : state219
state223
state367 : state223
state225
state367 : state225
state239
state367 : state239
state241
state367 : state241
state247
state367 : state247
state259
state367 : state259
state265
state367 : state265
state274
state367 : state274
state277
state367 : state277
state279
state367 : state279
state298
state367 : state298
state303
state367 : state303
state314
state367 : state314
state325
state367 : state325
state329
state367 : state329
state336
state367 : state336
state338
state367 : state338
state343
state367 : state343
state346
state367 : state346
state349
state367 : state349
state367
state367 : state367
state374
state367 : state374
state429
state367 : state429
state431
state367 : state431
state434
state367 : state434
state437
state367 : state437
state443
state367 : state443
state449
state367 : state449
state466
state367 : state466
state469
state367 : state469
state471
state367 : state471
state473
state367 : state473
state487
state367 : state487
state490
state367 : state490
state495
state367 : state495
state500
state367 : state500
state503
state367 : state503
state514
state367 : state514
state517
state367 : state517
state522
state367 : state522
state525
state367 : state525
state531
state367 : state531
state534
state367 : state534
state542
state367 : state542
state556
state367 : state556
state559
state367 : state559
state560
state367 : state560
state561
state367 : state561
state562
state367 : state562
state563
state367 : state563
state564
state367 : state564
state565
state367 : state565
state566
state367 : state566
state567
state367 : state567
state568
state367 : state568
state569
state367 : state569
state570
state367 : state570
state571
state367 : state571
state572
state367 : state572
state573
state367 : state573
state574
state367 : state574
state575
state367 : state575
state576
state367 : state576
state577
state367 : state577
state578
state367 : state578
state579
state367 : state579
state580
state367 : state580
state581
state367 : state581
state582
state367 : state582
state583
state367 : state583
state584
state367 : state584
state585
state367 : state585
state586
state367 : state586
state587
state367 : state587
state588
state367 : state588
state589
state367 : state589
state590
state367 : state590
state591
state367 : state591
index
state384 : index
state3
state384 : state3
state5
state384 : state5
state6
state384 : state6
state8
state384 : state8
state10
state384 : state10
state12
state384 : state12
state20
state384 : state20
state27
state384 : state27
state31
state384 : state31
state36
state384 : state36
state40
state384 : state40
state41
state384 : state41
state49
state384 : state49
state61
state384 : state61
state64
state384 : state64
state73
state384 : state73
state125
state384 : state125
state139
state384 : state139
state145
state384 : state145
state148
state384 : state148
state151
state384 : state151
state154
state384 : state154
state156
state384 : state156
state167
state384 : state167
state170
state384 : state170
state178
state384 : state178
state181
state384 : state181
state195
state384 : state195
state211
state384 : state211
state215
state384 : state215
state219
state384 : state219
state223
state384 : state223
state225
state384 : state225
state239
state384 : state239
state241
state384 : state241
state247
state384 : state247
state259
state384 : state259
state265
state384 : state265
state274
state384 : state274
state277
state384 : state277
state279
state384 : state279
state298
state384 : state298
state303
state384 : state303
state314
state384 : state314
state325
state384 : state325
state329
state384 : state329
state336
state384 : state336
state338
state384 : state338
state343
state384 : state343
state346
state384 : state346
state349
state384 : state349
state367
state384 : state367
state374
state384 : state374
state429
state384 : state429
state431
state384 : state431
state434
state384 : state434
state437
state384 : state437
state443
state384 : state443
state449
state384 : state449
state466
state384 : state466
state469
state384 : state469
state471
state384 : state471
state473
state384 : state473
state487
state384 : state487
state490
state384 : state490
state495
state384 : state495
state500
state384 : state500
state503
state384 : state503
state514
state384 : state514
state517
state384 : state517
state522
state384 : state522
state525
state384 : state525
state531
state384 : state531
state534
state384 : state534
state542
state384 : state542
state556
state384 : state556
state559
state384 : state559
state560
state384 : state560
state561
state384 : state561
state562
state384 : state562
state563
state384 : state563
state564
state384 : state564
state565
state384 : state565
state566
state384 : state566
state567
state384 : state567
state568
state384 : state568
state569
state384 : state569
state570
state384 : state570
state571
state384 : state571
state572
state384 : state572
state573
state384 : state573
state574
state384 : state574
state575
state384 : state575
state576
state384 : state576
state577
state384 : state577
state578
state384 : state578
state579
state384 : state579
state580
state384 : state580
state581
state384 : state581
state582
state384 : state582
state583
state384 : state583
state584
state384 : state584
state585
state384 : state585
state586
state384 : state586
state587
state384 : state587
state588
state384 : state588
state589
state384 : state589
state590
state384 : state590
state591
state384 : state591
index
state393 : index
state3
state393 : state3
state5
state393 : state5
state6
state393 : state6
state8
state393 : state8
state10
state393 : state10
state12
state393 : state12
state20
state393 : state20
state27
state393 : state27
state31
state393 : state31
state36
state393 : state36
state40
state393 : state40
state41
state393 : state41
state49
state393 : state49
state61
state393 : state61
state64
state393 : state64
state73
state393 : state73
state125
state393 : state125
state139
state393 : state139
state145
state393 : state145
state148
state393 : state148
state151
state393 : state151
state154
state393 : state154
state156
state393 : state156
state167
state393 : state167
state170
state393 : state170
state178
state393 : state178
state181
state393 : state181
state195
state393 : state195
state211
state393 : state211
state215
state393 : state215
state219
state393 : state219
state223
state393 : state223
state225
state393 : state225
state239
state393 : state239
state241
state393 : state241
state247
state393 : state247
state259
state393 : state259
state265
state393 : state265
state274
state393 : state274
state277
state393 : state277
state279
state393 : state279
state298
state393 : state298
state303
state393 : state303
state314
state393 : state314
state325
state393 : state325
state329
state393 : state329
state336
state393 : state336
state338
state393 : state338
state343
state393 : state343
state346
state393 : state346
state349
state393 : state349
state367
state393 : state367
state374
state393 : state374
state429
state393 : state429
state431
state393 : state431
state434
state393 : state434
state437
state393 : state437
state443
state393 : state443
state449
state393 : state449
state466
state393 : state466
state469
state393 : state469
state471
state393 : state471
state473
state393 : state473
state487
state393 : state487
state490
state393 : state490
state495
state393 : state495
state500
state393 : state500
state503
state393 : state503
state514
state393 : state514
state517
state393 : state517
state522
state393 : state522
state525
state393 : state525
state531
state393 : state531
state534
state393 : state534
state542
state393 : state542
state556
state393 : state556
state559
state393 : state559
state560
state393 : state560
state561
state393 : state561
state562
state393 : state562
state563
state393 : state563
state564
state393 : state564
state565
state393 : state565
state566
state393 : state566
state567
state393 : state567
state568
state393 : state568
state569
state393 : state569
state570
state393 : state570
state571
state393 : state571
state572
state393 : state572
state573
state393 : state573
state574
state393 : state574
state575
state393 : state575
state576
state393 : state576
state577
state393 : state577
state578
state393 : state578
state579
state393 : state579
state580
state393 : state580
state581
state393 : state581
state582
state393 : state582
state583
state393 : state583
state584
state393 : state584
state585
state393 : state585
state586
state393 : state586
state587
state393 : state587
state588
state393 : state588
state589
state393 : state589
state590
state393 : state590
state591
state393 : state591
index
state397 : index
state3
state397 : state3
state5
state397 : state5
state6
state397 : state6
state8
state397 : state8
state10
state397 : state10
state12
state397 : state12
state20
state397 : state20
state27
state397 : state27
state31
state397 : state31
state36
state397 : state36
state40
state397 : state40
state41
state397 : state41
state49
state397 : state49
state61
state397 : state61
state64
state397 : state64
state73
state397 : state73
state125
state397 : state125
state139
state397 : state139
state145
state397 : state145
state148
state397 : state148
state151
state397 : state151
state154
state397 : state154
state156
state397 : state156
state167
state397 : state167
state170
state397 : state170
state178
state397 : state178
state181
state397 : state181
state195
state397 : state195
state211
state397 : state211
state215
state397 : state215
state219
state397 : state219
state223
state397 : state223
state225
state397 : state225
state239
state397 : state239
state241
state397 : state241
state247
state397 : state247
state259
state397 : state259
state265
state397 : state265
state274
state397 : state274
state277
state397 : state277
state279
state397 : state279
state298
state397 : state298
state303
state397 : state303
state314
state397 : state314
state325
state397 : state325
state329
state397 : state329
state336
state397 : state336
state338
state397 : state338
state343
state397 : state343
state346
state397 : state346
state349
state397 : state349
state367
state397 : state367
state374
state397 : state374
state429
state397 : state429
state431
state397 : state431
state434
state397 : state434
state437
state397 : state437
state443
state397 : state443
state449
state397 : state449
state466
state397 : state466
state469
state397 : state469
state471
state397 : state471
state473
state397 : state473
state487
state397 : state487
state490
state397 : state490
state495
state397 : state495
state500
state397 : state500
state503
state397 : state503
state514
state397 : state514
state517
state397 : state517
state522
state397 : state522
state525
state397 : state525
state531
state397 : state531
state534
state397 : state534
state542
state397 : state542
state556
state397 : state556
state559
state397 : state559
state560
state397 : state560
state561
state397 : state561
state562
state397 : state562
state563
state397 : state563
state564
state397 : state564
state565
state397 : state565
state566
state397 : state566
state567
state397 : state567
state568
state397 : state568
state569
state397 : state569
state570
state397 : state570
state571
state397 : state571
state572
state397 : state572
state573
state397 : state573
state574
state397 : state574
state575
state397 : state575
state576
state397 : state576
state577
state397 : state577
state578
state397 : state578
state579
state397 : state579
state580
state397 : state580
state581
state397 : state581
state582
state397 : state582
state583
state397 : state583
state584
state397 : state584
state585
state397 : state585
state586
state397 : state586
state587
state397 : state587
state588
state397 : state588
state589
state397 : state589
state590
state397 : state590
state591
state397 : state591
index
state423 : index
state3
state423 : state3
state5
state423 : state5
state6
state423 : state6
state8
state423 : state8
state10
state423 : state10
state12
state423 : state12
state20
state423 : state20
state27
state423 : state27
state31
state423 : state31
state36
state423 : state36
state40
state423 : state40
state41
state423 : state41
state49
state423 : state49
state61
state423 : state61
state64
state423 : state64
state73
state423 : state73
state125
state423 : state125
state139
state423 : state139
state145
state423 : state145
state148
state423 : state148
state151
state423 : state151
state154
state423 : state154
state156
state423 : state156
state167
state423 : state167
state170
state423 : state170
state178
state423 : state178
state181
state423 : state181
state195
state423 : state195
state211
state423 : state211
state215
state423 : state215
state219
state423 : state219
state223
state423 : state223
state225
state423 : state225
state239
state423 : state239
state241
state423 : state241
state247
state423 : state247
state259
state423 : state259
state265
state423 : state265
state274
state423 : state274
state277
state423 : state277
state279
state423 : state279
state298
state423 : state298
state303
state423 : state303
state314
state423 : state314
state325
state423 : state325
state329
state423 : state329
state336
state423 : state336
state338
state423 : state338
state343
state423 : state343
state346
state423 : state346
state349
state423 : state349
state367
state423 : state367
state374
state423 : state374
state429
state423 : state429
state431
state423 : state431
state434
state423 : state434
state437
state423 : state437
state443
state423 : state443
state449
state423 : state449
state466
state423 : state466
state469
state423 : state469
state471
state423 : state471
state473
state423 : state473
state487
state423 : state487
state490
state423 : state490
state495
state423 : state495
state500
state423 : state500
state503
state423 : state503
state514
state423 : state514
state517
state423 : state517
state522
state423 : state522
state525
state423 : state525
state531
state423 : state531
state534
state423 : state534
state542
state423 : state542
state556
state423 : state556
state559
state423 : state559
state560
state423 : state560
state561
state423 : state561
state562
state423 : state562
state563
state423 : state563
state564
state423 : state564
state565
state423 : state565
state566
state423 : state566
state567
state423 : state567
state568
state423 : state568
state569
state423 : state569
state570
state423 : state570
state571
state423 : state571
state572
state423 : state572
state573
state423 : state573
state574
state423 : state574
state575
state423 : state575
state576
state423 : state576
state577
state423 : state577
state578
state423 : state578
state579
state423 : state579
state580
state423 : state580
state581
state423 : state581
state582
state423 : state582
state583
state423 : state583
state584
state423 : state584
state585
state423 : state585
state586
state423 : state586
state587
state423 : state587
state588
state423 : state588
state589
state423 : state589
state590
state423 : state590
state591
state423 : state591
index
state426 : index
state3
state426 : state3
state5
state426 : state5
state6
state426 : state6
state8
state426 : state8
state10
state426 : state10
state12
state426 : state12
state20
state426 : state20
state27
state426 : state27
state31
state426 : state31
state36
state426 : state36
state40
state426 : state40
state41
state426 : state41
state49
state426 : state49
state61
state426 : state61
state64
state426 : state64
state73
state426 : state73
state125
state426 : state125
state139
state426 : state139
state145
state426 : state145
state148
state426 : state148
state151
state426 : state151
state154
state426 : state154
state156
state426 : state156
state167
state426 : state167
state170
state426 : state170
state178
state426 : state178
state181
state426 : state181
state195
state426 : state195
state211
state426 : state211
state215
state426 : state215
state219
state426 : state219
state223
state426 : state223
state225
state426 : state225
state239
state426 : state239
state241
state426 : state241
state247
state426 : state247
state259
state426 : state259
state265
state426 : state265
state274
state426 : state274
state277
state426 : state277
state279
state426 : state279
state298
state426 : state298
state303
state426 : state303
state314
state426 : state314
state325
state426 : state325
state329
state426 : state329
state336
state426 : state336
state338
state426 : state338
state343
state426 : state343
state346
state426 : state346
state349
state426 : state349
state367
state426 : state367
state374
state426 : state374
state429
state426 : state429
state431
state426 : state431
state434
state426 : state434
state437
state426 : state437
state443
state426 : state443
state449
state426 : state449
state466
state426 : state466
state469
state426 : state469
state471
state426 : state471
state473
state426 : state473
state487
state426 : state487
state490
state426 : state490
state495
state426 : state495
state500
state426 : state500
state503
state426 : state503
state514
state426 : state514
state517
state426 : state517
state522
state426 : state522
state525
state426 : state525
state531
state426 : state531
state534
state426 : state534
state542
state426 : state542
state556
state426 : state556
state559
state426 : state559
state560
state426 : state560
state561
state426 : state561
state562
state426 : state562
state563
state426 : state563
state564
state426 : state564
state565
state426 : state565
state566
state426 : state566
state567
state426 : state567
state568
state426 : state568
state569
state426 : state569
state570
state426 : state570
state571
state426 : state571
state572
state426 : state572
state573
state426 : state573
state574
state426 : state574
state575
state426 : state575
state576
state426 : state576
state577
state426 : state577
state578
state426 : state578
state579
state426 : state579
state580
state426 : state580
state581
state426 : state581
state582
state426 : state582
state583
state426 : state583
state584
state426 : state584
state585
state426 : state585
state586
state426 : state586
state587
state426 : state587
state588
state426 : state588
state589
state426 : state589
state590
state426 : state590
state591
state426 : state591
index
state435 : index
state3
state435 : state3
state5
state435 : state5
state6
state435 : state6
state8
state435 : state8
state10
state435 : state10
state12
state435 : state12
state20
state435 : state20
state27
state435 : state27
state31
state435 : state31
state36
state435 : state36
state40
state435 : state40
state41
state435 : state41
state49
state435 : state49
state61
state435 : state61
state64
state435 : state64
state73
state435 : state73
state125
state435 : state125
state139
state435 : state139
state145
state435 : state145
state148
state435 : state148
state151
state435 : state151
state154
state435 : state154
state156
state435 : state156
state167
state435 : state167
state170
state435 : state170
state178
state435 : state178
state181
state435 : state181
state195
state435 : state195
state211
state435 : state211
state215
state435 : state215
state219
state435 : state219
state223
state435 : state223
state225
state435 : state225
state239
state435 : state239
state241
state435 : state241
state247
state435 : state247
state259
state435 : state259
state265
state435 : state265
state274
state435 : state274
state277
state435 : state277
state279
state435 : state279
state298
state435 : state298
state303
state435 : state303
state314
state435 : state314
state325
state435 : state325
state329
state435 : state329
state336
state435 : state336
state338
state435 : state338
state343
state435 : state343
state346
state435 : state346
state349
state435 : state349
state367
state435 : state367
state374
state435 : state374
state429
state435 : state429
state431
state435 : state431
state434
state435 : state434
state437
state435 : state437
state443
state435 : state443
state449
state435 : state449
state466
state435 : state466
state469
state435 : state469
state471
state435 : state471
state473
state435 : state473
state487
state435 : state487
state490
state435 : state490
state495
state435 : state495
state500
state435 : state500
state503
state435 : state503
state514
state435 : state514
state517
state435 : state517
state522
state435 : state522
state525
state435 : state525
state531
state435 : state531
state534
state435 : state534
state542
state435 : state542
state556
state435 : state556
state559
state435 : state559
state560
state435 : state560
state561
state435 : state561
state562
state435 : state562
state563
state435 : state563
state564
state435 : state564
state565
state435 : state565
state566
state435 : state566
state567
state435 : state567
state568
state435 : state568
state569
state435 : state569
state570
state435 : state570
state571
state435 : state571
state572
state435 : state572
state573
state435 : state573
state574
state435 : state574
state575
state435 : state575
state576
state435 : state576
state577
state435 : state577
state578
state435 : state578
state579
state435 : state579
state580
state435 : state580
state581
state435 : state581
state582
state435 : state582
state583
state435 : state583
state584
state435 : state584
state585
state435 : state585
state586
state435 : state586
state587
state435 : state587
state588
state435 : state588
state589
state435 : state589
state590
state435 : state590
state591
state435 : state591
index
state438 : index
state3
state438 : state3
state5
state438 : state5
state6
state438 : state6
state8
state438 : state8
state10
state438 : state10
state12
state438 : state12
state20
state438 : state20
state27
state438 : state27
state31
state438 : state31
state36
state438 : state36
state40
state438 : state40
state41
state438 : state41
state49
state438 : state49
state61
state438 : state61
state64
state438 : state64
state73
state438 : state73
state125
state438 : state125
state139
state438 : state139
state145
state438 : state145
state148
state438 : state148
state151
state438 : state151
state154
state438 : state154
state156
state438 : state156
state167
state438 : state167
state170
state438 : state170
state178
state438 : state178
state181
state438 : state181
state195
state438 : state195
state211
state438 : state211
state215
state438 : state215
state219
state438 : state219
state223
state438 : state223
state225
state438 : state225
state239
state438 : state239
state241
state438 : state241
state247
state438 : state247
state259
state438 : state259
state265
state438 : state265
state274
state438 : state274
state277
state438 : state277
state279
state438 : state279
state298
state438 : state298
state303
state438 : state303
state314
state438 : state314
state325
state438 : state325
state329
state438 : state329
state336
state438 : state336
state338
state438 : state338
state343
state438 : state343
state346
state438 : state346
state349
state438 : state349
state367
state438 : state367
state374
state438 : state374
state429
state438 : state429
state431
state438 : state431
state434
state438 : state434
state437
state438 : state437
state443
state438 : state443
state449
state438 : state449
state466
state438 : state466
state469
state438 : state469
state471
state438 : state471
state473
state438 : state473
state487
state438 : state487
state490
state438 : state490
state495
state438 : state495
state500
state438 : state500
state503
state438 : state503
state514
state438 : state514
state517
state438 : state517
state522
state438 : state522
state525
state438 : state525
state531
state438 : state531
state534
state438 : state534
state542
state438 : state542
state556
state438 : state556
state559
state438 : state559
state560
state438 : state560
state561
state438 : state561
state562
state438 : state562
state563
state438 : state563
state564
state438 : state564
state565
state438 : state565
state566
state438 : state566
state567
state438 : state567
state568
state438 : state568
state569
state438 : state569
state570
state438 : state570
state571
state438 : state571
state572
state438 : state572
state573
state438 : state573
state574
state438 : state574
state575
state438 : state575
state576
state438 : state576
state577
state438 : state577
state578
state438 : state578
state579
state438 : state579
state580
state438 : state580
state581
state438 : state581
state582
state438 : state582
state583
state438 : state583
state584
state438 : state584
state585
state438 : state585
state586
state438 : state586
state587
state438 : state587
state588
state438 : state588
state589
state438 : state589
state590
state438 : state590
state591
state438 : state591
index
state445 : index
state3
state445 : state3
state5
state445 : state5
state6
state445 : state6
state8
state445 : state8
state10
state445 : state10
state12
state445 : state12
state20
state445 : state20
state27
state445 : state27
state31
state445 : state31
state36
state445 : state36
state40
state445 : state40
state41
state445 : state41
state49
state445 : state49
state61
state445 : state61
state64
state445 : state64
state73
state445 : state73
state125
state445 : state125
state139
state445 : state139
state145
state445 : state145
state148
state445 : state148
state151
state445 : state151
state154
state445 : state154
state156
state445 : state156
state167
state445 : state167
state170
state445 : state170
state178
state445 : state178
state181
state445 : state181
state195
state445 : state195
state211
state445 : state211
state215
state445 : state215
state219
state445 : state219
state223
state445 : state223
state225
state445 : state225
state239
state445 : state239
state241
state445 : state241
state247
state445 : state247
state259
state445 : state259
state265
state445 : state265
state274
state445 : state274
state277
state445 : state277
state279
state445 : state279
state298
state445 : state298
state303
state445 : state303
state314
state445 : state314
state325
state445 : state325
state329
state445 : state329
state336
state445 : state336
state338
state445 : state338
state343
state445 : state343
state346
state445 : state346
state349
state445 : state349
state367
state445 : state367
state374
state445 : state374
state429
state445 : state429
state431
state445 : state431
state434
state445 : state434
state437
state445 : state437
state443
state445 : state443
state449
state445 : state449
state466
state445 : state466
state469
state445 : state469
state471
state445 : state471
state473
state445 : state473
state487
state445 : state487
state490
state445 : state490
state495
state445 : state495
state500
state445 : state500
state503
state445 : state503
state514
state445 : state514
state517
state445 : state517
state522
state445 : state522
state525
state445 : state525
state531
state445 : state531
state534
state445 : state534
state542
state445 : state542
state556
state445 : state556
state559
state445 : state559
state560
state445 : state560
state561
state445 : state561
state562
state445 : state562
state563
state445 : state563
state564
state445 : state564
state565
state445 : state565
state566
state445 : state566
state567
state445 : state567
state568
state445 : state568
state569
state445 : state569
state570
state445 : state570
state571
state445 : state571
state572
state445 : state572
state573
state445 : state573
state574
state445 : state574
state575
state445 : state575
state576
state445 : state576
state577
state445 : state577
state578
state445 : state578
state579
state445 : state579
state580
state445 : state580
state581
state445 : state581
state582
state445 : state582
state583
state445 : state583
state584
state445 : state584
state585
state445 : state585
state586
state445 : state586
state587
state445 : state587
state588
state445 : state588
state589
state445 : state589
state590
state445 : state590
state591
state445 : state591
index
state447 : index
state3
state447 : state3
state5
state447 : state5
state6
state447 : state6
state8
state447 : state8
state10
state447 : state10
state12
state447 : state12
state20
state447 : state20
state27
state447 : state27
state31
state447 : state31
state36
state447 : state36
state40
state447 : state40
state41
state447 : state41
state49
state447 : state49
state61
state447 : state61
state64
state447 : state64
state73
state447 : state73
state125
state447 : state125
state139
state447 : state139
state145
state447 : state145
state148
state447 : state148
state151
state447 : state151
state154
state447 : state154
state156
state447 : state156
state167
state447 : state167
state170
state447 : state170
state178
state447 : state178
state181
state447 : state181
state195
state447 : state195
state211
state447 : state211
state215
state447 : state215
state219
state447 : state219
state223
state447 : state223
state225
state447 : state225
state239
state447 : state239
state241
state447 : state241
state247
state447 : state247
state259
state447 : state259
state265
state447 : state265
state274
state447 : state274
state277
state447 : state277
state279
state447 : state279
state298
state447 : state298
state303
state447 : state303
state314
state447 : state314
state325
state447 : state325
state329
state447 : state329
state336
state447 : state336
state338
state447 : state338
state343
state447 : state343
state346
state447 : state346
state349
state447 : state349
state367
state447 : state367
state374
state447 : state374
state429
state447 : state429
state431
state447 : state431
state434
state447 : state434
state437
state447 : state437
state443
state447 : state443
state449
state447 : state449
state466
state447 : state466
state469
state447 : state469
state471
state447 : state471
state473
state447 : state473
state487
state447 : state487
state490
state447 : state490
state495
state447 : state495
state500
state447 : state500
state503
state447 : state503
state514
state447 : state514
state517
state447 : state517
state522
state447 : state522
state525
state447 : state525
state531
state447 : state531
state534
state447 : state534
state542
state447 : state542
state556
state447 : state556
state559
state447 : state559
state560
state447 : state560
state561
state447 : state561
state562
state447 : state562
state563
state447 : state563
state564
state447 : state564
state565
state447 : state565
state566
state447 : state566
state567
state447 : state567
state568
state447 : state568
state569
state447 : state569
state570
state447 : state570
state571
state447 : state571
state572
state447 : state572
state573
state447 : state573
state574
state447 : state574
state575
state447 : state575
state576
state447 : state576
state577
state447 : state577
state578
state447 : state578
state579
state447 : state579
state580
state447 : state580
state581
state447 : state581
state582
state447 : state582
state583
state447 : state583
state584
state447 : state584
state585
state447 : state585
state586
state447 : state586
state587
state447 : state587
state588
state447 : state588
state589
state447 : state589
state590
state447 : state590
state591
state447 : state591
index
state449 : index
state3
state449 : state3
state5
state449 : state5
state6
state449 : state6
state8
state449 : state8
state10
state449 : state10
state12
state449 : state12
state20
state449 : state20
state27
state449 : state27
state31
state449 : state31
state36
state449 : state36
state40
state449 : state40
state41
state449 : state41
state49
state449 : state49
state61
state449 : state61
state64
state449 : state64
state73
state449 : state73
state125
state449 : state125
state139
state449 : state139
state145
state449 : state145
state148
state449 : state148
state151
state449 : state151
state154
state449 : state154
state156
state449 : state156
state167
state449 : state167
state170
state449 : state170
state178
state449 : state178
state181
state449 : state181
state195
state449 : state195
state211
state449 : state211
state215
state449 : state215
state219
state449 : state219
state223
state449 : state223
state225
state449 : state225
state239
state449 : state239
state241
state449 : state241
state247
state449 : state247
state259
state449 : state259
state265
state449 : state265
state274
state449 : state274
state277
state449 : state277
state279
state449 : state279
state298
state449 : state298
state303
state449 : state303
state314
state449 : state314
state325
state449 : state325
state329
state449 : state329
state336
state449 : state336
state338
state449 : state338
state343
state449 : state343
state346
state449 : state346
state349
state449 : state349
state367
state449 : state367
state374
state449 : state374
state429
state449 : state429
state431
state449 : state431
state434
state449 : state434
state437
state449 : state437
state443
state449 : state443
state449
state449 : state449
state466
state449 : state466
state469
state449 : state469
state471
state449 : state471
state473
state449 : state473
state487
state449 : state487
state490
state449 : state490
state495
state449 : state495
state500
state449 : state500
state503
state449 : state503
state514
state449 : state514
state517
state449 : state517
state522
state449 : state522
state525
state449 : state525
state531
state449 : state531
state534
state449 : state534
state542
state449 : state542
state556
state449 : state556
state559
state449 : state559
state560
state449 : state560
state561
state449 : state561
state562
state449 : state562
state563
state449 : state563
state564
state449 : state564
state565
state449 : state565
state566
state449 : state566
state567
state449 : state567
state568
state449 : state568
state569
state449 : state569
state570
state449 : state570
state571
state449 : state571
state572
state449 : state572
state573
state449 : state573
state574
state449 : state574
state575
state449 : state575
state576
state449 : state576
state577
state449 : state577
state578
state449 : state578
state579
state449 : state579
state580
state449 : state580
state581
state449 : state581
state582
state449 : state582
state583
state449 : state583
state584
state449 : state584
state585
state449 : state585
state586
state449 : state586
state587
state449 : state587
state588
state449 : state588
state589
state449 : state589
state590
state449 : state590
state591
state449 : state591
index
state453 : index
state3
state453 : state3
state5
state453 : state5
state6
state453 : state6
state8
state453 : state8
state10
state453 : state10
state12
state453 : state12
state20
state453 : state20
state27
state453 : state27
state31
state453 : state31
state36
state453 : state36
state40
state453 : state40
state41
state453 : state41
state49
state453 : state49
state61
state453 : state61
state64
state453 : state64
state73
state453 : state73
state125
state453 : state125
state139
state453 : state139
state145
state453 : state145
state148
state453 : state148
state151
state453 : state151
state154
state453 : state154
state156
state453 : state156
state167
state453 : state167
state170
state453 : state170
state178
state453 : state178
state181
state453 : state181
state195
state453 : state195
state211
state453 : state211
state215
state453 : state215
state219
state453 : state219
state223
state453 : state223
state225
state453 : state225
state239
state453 : state239
state241
state453 : state241
state247
state453 : state247
state259
state453 : state259
state265
state453 : state265
state274
state453 : state274
state277
state453 : state277
state279
state453 : state279
state298
state453 : state298
state303
state453 : state303
state314
state453 : state314
state325
state453 : state325
state329
state453 : state329
state336
state453 : state336
state338
state453 : state338
state343
state453 : state343
state346
state453 : state346
state349
state453 : state349
state367
state453 : state367
state374
state453 : state374
state429
state453 : state429
state431
state453 : state431
state434
state453 : state434
state437
state453 : state437
state443
state453 : state443
state449
state453 : state449
state466
state453 : state466
state469
state453 : state469
state471
state453 : state471
state473
state453 : state473
state487
state453 : state487
state490
state453 : state490
state495
state453 : state495
state500
state453 : state500
state503
state453 : state503
state514
state453 : state514
state517
state453 : state517
state522
state453 : state522
state525
state453 : state525
state531
state453 : state531
state534
state453 : state534
state542
state453 : state542
state556
state453 : state556
state559
state453 : state559
state560
state453 : state560
state561
state453 : state561
state562
state453 : state562
state563
state453 : state563
state564
state453 : state564
state565
state453 : state565
state566
state453 : state566
state567
state453 : state567
state568
state453 : state568
state569
state453 : state569
state570
state453 : state570
state571
state453 : state571
state572
state453 : state572
state573
state453 : state573
state574
state453 : state574
state575
state453 : state575
state576
state453 : state576
state577
state453 : state577
state578
state453 : state578
state579
state453 : state579
state580
state453 : state580
state581
state453 : state581
state582
state453 : state582
state583
state453 : state583
state584
state453 : state584
state585
state453 : state585
state586
state453 : state586
state587
state453 : state587
state588
state453 : state588
state589
state453 : state589
state590
state453 : state590
state591
state453 : state591
index
state480 : index
state3
state480 : state3
state5
state480 : state5
state6
state480 : state6
state8
state480 : state8
state10
state480 : state10
state12
state480 : state12
state20
state480 : state20
state27
state480 : state27
state31
state480 : state31
state36
state480 : state36
state40
state480 : state40
state41
state480 : state41
state49
state480 : state49
state61
state480 : state61
state64
state480 : state64
state73
state480 : state73
state125
state480 : state125
state139
state480 : state139
state145
state480 : state145
state148
state480 : state148
state151
state480 : state151
state154
state480 : state154
state156
state480 : state156
state167
state480 : state167
state170
state480 : state170
state178
state480 : state178
state181
state480 : state181
state195
state480 : state195
state211
state480 : state211
state215
state480 : state215
state219
state480 : state219
state223
state480 : state223
state225
state480 : state225
state239
state480 : state239
state241
state480 : state241
state247
state480 : state247
state259
state480 : state259
state265
state480 : state265
state274
state480 : state274
state277
state480 : state277
state279
state480 : state279
state298
state480 : state298
state303
state480 : state303
state314
state480 : state314
state325
state480 : state325
state329
state480 : state329
state336
state480 : state336
state338
state480 : state338
state343
state480 : state343
state346
state480 : state346
state349
state480 : state349
state367
state480 : state367
state374
state480 : state374
state429
state480 : state429
state431
state480 : state431
state434
state480 : state434
state437
state480 : state437
state443
state480 : state443
state449
state480 : state449
state466
state480 : state466
state469
state480 : state469
state471
state480 : state471
state473
state480 : state473
state487
state480 : state487
state490
state480 : state490
state495
state480 : state495
state500
state480 : state500
state503
state480 : state503
state514
state480 : state514
state517
state480 : state517
state522
state480 : state522
state525
state480 : state525
state531
state480 : state531
state534
state480 : state534
state542
state480 : state542
state556
state480 : state556
state559
state480 : state559
state560
state480 : state560
state561
state480 : state561
state562
state480 : state562
state563
state480 : state563
state564
state480 : state564
state565
state480 : state565
state566
state480 : state566
state567
state480 : state567
state568
state480 : state568
state569
state480 : state569
state570
state480 : state570
state571
state480 : state571
state572
state480 : state572
state573
state480 : state573
state574
state480 : state574
state575
state480 : state575
state576
state480 : state576
state577
state480 : state577
state578
state480 : state578
state579
state480 : state579
state580
state480 : state580
state581
state480 : state581
state582
state480 : state582
state583
state480 : state583
state584
state480 : state584
state585
state480 : state585
state586
state480 : state586
state587
state480 : state587
state588
state480 : state588
state589
state480 : state589
state590
state480 : state590
state591
state480 : state591
index
state485 : index
state3
state485 : state3
state5
state485 : state5
state6
state485 : state6
state8
state485 : state8
state10
state485 : state10
state12
state485 : state12
state20
state485 : state20
state27
state485 : state27
state31
state485 : state31
state36
state485 : state36
state40
state485 : state40
state41
state485 : state41
state49
state485 : state49
state61
state485 : state61
state64
state485 : state64
state73
state485 : state73
state125
state485 : state125
state139
state485 : state139
state145
state485 : state145
state148
state485 : state148
state151
state485 : state151
state154
state485 : state154
state156
state485 : state156
state167
state485 : state167
state170
state485 : state170
state178
state485 : state178
state181
state485 : state181
state195
state485 : state195
state211
state485 : state211
state215
state485 : state215
state219
state485 : state219
state223
state485 : state223
state225
state485 : state225
state239
state485 : state239
state241
state485 : state241
state247
state485 : state247
state259
state485 : state259
state265
state485 : state265
state274
state485 : state274
state277
state485 : state277
state279
state485 : state279
state298
state485 : state298
state303
state485 : state303
state314
state485 : state314
state325
state485 : state325
state329
state485 : state329
state336
state485 : state336
state338
state485 : state338
state343
state485 : state343
state346
state485 : state346
state349
state485 : state349
state367
state485 : state367
state374
state485 : state374
state429
state485 : state429
state431
state485 : state431
state434
state485 : state434
state437
state485 : state437
state443
state485 : state443
state449
state485 : state449
state466
state485 : state466
state469
state485 : state469
state471
state485 : state471
state473
state485 : state473
state487
state485 : state487
state490
state485 : state490
state495
state485 : state495
state500
state485 : state500
state503
state485 : state503
state514
state485 : state514
state517
state485 : state517
state522
state485 : state522
state525
state485 : state525
state531
state485 : state531
state534
state485 : state534
state542
state485 : state542
state556
state485 : state556
state559
state485 : state559
state560
state485 : state560
state561
state485 : state561
state562
state485 : state562
state563
state485 : state563
state564
state485 : state564
state565
state485 : state565
state566
state485 : state566
state567
state485 : state567
state568
state485 : state568
state569
state485 : state569
state570
state485 : state570
state571
state485 : state571
state572
state485 : state572
state573
state485 : state573
state574
state485 : state574
state575
state485 : state575
state576
state485 : state576
state577
state485 : state577
state578
state485 : state578
state579
state485 : state579
state580
state485 : state580
state581
state485 : state581
state582
state485 : state582
state583
state485 : state583
state584
state485 : state584
state585
state485 : state585
state586
state485 : state586
state587
state485 : state587
state588
state485 : state588
state589
state485 : state589
state590
state485 : state590
state591
state485 : state591
index
state491 : index
state3
state491 : state3
state5
state491 : state5
state6
state491 : state6
state8
state491 : state8
state10
state491 : state10
state12
state491 : state12
state20
state491 : state20
state27
state491 : state27
state31
state491 : state31
state36
state491 : state36
state40
state491 : state40
state41
state491 : state41
state49
state491 : state49
state61
state491 : state61
state64
state491 : state64
state73
state491 : state73
state125
state491 : state125
state139
state491 : state139
state145
state491 : state145
state148
state491 : state148
state151
state491 : state151
state154
state491 : state154
state156
state491 : state156
state167
state491 : state167
state170
state491 : state170
state178
state491 : state178
state181
state491 : state181
state195
state491 : state195
state211
state491 : state211
state215
state491 : state215
state219
state491 : state219
state223
state491 : state223
state225
state491 : state225
state239
state491 : state239
state241
state491 : state241
state247
state491 : state247
state259
state491 : state259
state265
state491 : state265
state274
state491 : state274
state277
state491 : state277
state279
state491 : state279
state298
state491 : state298
state303
state491 : state303
state314
state491 : state314
state325
state491 : state325
state329
state491 : state329
state336
state491 : state336
state338
state491 : state338
state343
state491 : state343
state346
state491 : state346
state349
state491 : state349
state367
state491 : state367
state374
state491 : state374
state429
state491 : state429
state431
state491 : state431
state434
state491 : state434
state437
state491 : state437
state443
state491 : state443
state449
state491 : state449
state466
state491 : state466
state469
state491 : state469
state471
state491 : state471
state473
state491 : state473
state487
state491 : state487
state490
state491 : state490
state495
state491 : state495
state500
state491 : state500
state503
state491 : state503
state514
state491 : state514
state517
state491 : state517
state522
state491 : state522
state525
state491 : state525
state531
state491 : state531
state534
state491 : state534
state542
state491 : state542
state556
state491 : state556
state559
state491 : state559
state560
state491 : state560
state561
state491 : state561
state562
state491 : state562
state563
state491 : state563
state564
state491 : state564
state565
state491 : state565
state566
state491 : state566
state567
state491 : state567
state568
state491 : state568
state569
state491 : state569
state570
state491 : state570
state571
state491 : state571
state572
state491 : state572
state573
state491 : state573
state574
state491 : state574
state575
state491 : state575
state576
state491 : state576
state577
state491 : state577
state578
state491 : state578
state579
state491 : state579
state580
state491 : state580
state581
state491 : state581
state582
state491 : state582
state583
state491 : state583
state584
state491 : state584
state585
state491 : state585
state586
state491 : state586
state587
state491 : state587
state588
state491 : state588
state589
state491 : state589
state590
state491 : state590
state591
state491 : state591
index
state496 : index
state3
state496 : state3
state5
state496 : state5
state6
state496 : state6
state8
state496 : state8
state10
state496 : state10
state12
state496 : state12
state20
state496 : state20
state27
state496 : state27
state31
state496 : state31
state36
state496 : state36
state40
state496 : state40
state41
state496 : state41
state49
state496 : state49
state61
state496 : state61
state64
state496 : state64
state73
state496 : state73
state125
state496 : state125
state139
state496 : state139
state145
state496 : state145
state148
state496 : state148
state151
state496 : state151
state154
state496 : state154
state156
state496 : state156
state167
state496 : state167
state170
state496 : state170
state178
state496 : state178
state181
state496 : state181
state195
state496 : state195
state211
state496 : state211
state215
state496 : state215
state219
state496 : state219
state223
state496 : state223
state225
state496 : state225
state239
state496 : state239
state241
state496 : state241
state247
state496 : state247
state259
state496 : state259
state265
state496 : state265
state274
state496 : state274
state277
state496 : state277
state279
state496 : state279
state298
state496 : state298
state303
state496 : state303
state314
state496 : state314
state325
state496 : state325
state329
state496 : state329
state336
state496 : state336
state338
state496 : state338
state343
state496 : state343
state346
state496 : state346
state349
state496 : state349
state367
state496 : state367
state374
state496 : state374
state429
state496 : state429
state431
state496 : state431
state434
state496 : state434
state437
state496 : state437
state443
state496 : state443
state449
state496 : state449
state466
state496 : state466
state469
state496 : state469
state471
state496 : state471
state473
state496 : state473
state487
state496 : state487
state490
state496 : state490
state495
state496 : state495
state500
state496 : state500
state503
state496 : state503
state514
state496 : state514
state517
state496 : state517
state522
state496 : state522
state525
state496 : state525
state531
state496 : state531
state534
state496 : state534
state542
state496 : state542
state556
state496 : state556
state559
state496 : state559
state560
state496 : state560
state561
state496 : state561
state562
state496 : state562
state563
state496 : state563
state564
state496 : state564
state565
state496 : state565
state566
state496 : state566
state567
state496 : state567
state568
state496 : state568
state569
state496 : state569
state570
state496 : state570
state571
state496 : state571
state572
state496 : state572
state573
state496 : state573
state574
state496 : state574
state575
state496 : state575
state576
state496 : state576
state577
state496 : state577
state578
state496 : state578
state579
state496 : state579
state580
state496 : state580
state581
state496 : state581
state582
state496 : state582
state583
state496 : state583
state584
state496 : state584
state585
state496 : state585
state586
state496 : state586
state587
state496 : state587
state588
state496 : state588
state589
state496 : state589
state590
state496 : state590
state591
state496 : state591
index
state533 : index
state3
state533 : state3
state5
state533 : state5
state6
state533 : state6
state8
state533 : state8
state10
state533 : state10
state12
state533 : state12
state20
state533 : state20
state27
state533 : state27
state31
state533 : state31
state36
state533 : state36
state40
state533 : state40
state41
state533 : state41
state49
state533 : state49
state61
state533 : state61
state64
state533 : state64
state73
state533 : state73
state125
state533 : state125
state139
state533 : state139
state145
state533 : state145
state148
state533 : state148
state151
state533 : state151
state154
state533 : state154
state156
state533 : state156
state167
state533 : state167
state170
state533 : state170
state178
state533 : state178
state181
state533 : state181
state195
state533 : state195
state211
state533 : state211
state215
state533 : state215
state219
state533 : state219
state223
state533 : state223
state225
state533 : state225
state239
state533 : state239
state241
state533 : state241
state247
state533 : state247
state259
state533 : state259
state265
state533 : state265
state274
state533 : state274
state277
state533 : state277
state279
state533 : state279
state298
state533 : state298
state303
state533 : state303
state314
state533 : state314
state325
state533 : state325
state329
state533 : state329
state336
state533 : state336
state338
state533 : state338
state343
state533 : state343
state346
state533 : state346
state349
state533 : state349
state367
state533 : state367
state374
state533 : state374
state429
state533 : state429
state431
state533 : state431
state434
state533 : state434
state437
state533 : state437
state443
state533 : state443
state449
state533 : state449
state466
state533 : state466
state469
state533 : state469
state471
state533 : state471
state473
state533 : state473
state487
state533 : state487
state490
state533 : state490
state495
state533 : state495
state500
state533 : state500
state503
state533 : state503
state514
state533 : state514
state517
state533 : state517
state522
state533 : state522
state525
state533 : state525
state531
state533 : state531
state534
state533 : state534
state542
state533 : state542
state556
state533 : state556
state559
state533 : state559
state560
state533 : state560
state561
state533 : state561
state562
state533 : state562
state563
state533 : state563
state564
state533 : state564
state565
state533 : state565
state566
state533 : state566
state567
state533 : state567
state568
state533 : state568
state569
state533 : state569
state570
state533 : state570
state571
state533 : state571
state572
state533 : state572
state573
state533 : state573
state574
state533 : state574
state575
state533 : state575
state576
state533 : state576
state577
state533 : state577
state578
state533 : state578
state579
state533 : state579
state580
state533 : state580
state581
state533 : state581
state582
state533 : state582
state583
state533 : state583
state584
state533 : state584
state585
state533 : state585
state586
state533 : state586
state587
state533 : state587
state588
state533 : state588
state589
state533 : state589
state590
state533 : state590
state591
state533 : state591
index
state543 : index
state3
state543 : state3
state5
state543 : state5
state6
state543 : state6
state8
state543 : state8
state10
state543 : state10
state12
state543 : state12
state20
state543 : state20
state27
state543 : state27
state31
state543 : state31
state36
state543 : state36
state40
state543 : state40
state41
state543 : state41
state49
state543 : state49
state61
state543 : state61
state64
state543 : state64
state73
state543 : state73
state125
state543 : state125
state139
state543 : state139
state145
state543 : state145
state148
state543 : state148
state151
state543 : state151
state154
state543 : state154
state156
state543 : state156
state167
state543 : state167
state170
state543 : state170
state178
state543 : state178
state181
state543 : state181
state195
state543 : state195
state211
state543 : state211
state215
state543 : state215
state219
state543 : state219
state223
state543 : state223
state225
state543 : state225
state239
state543 : state239
state241
state543 : state241
state247
state543 : state247
state259
state543 : state259
state265
state543 : state265
state274
state543 : state274
state277
state543 : state277
state279
state543 : state279
state298
state543 : state298
state303
state543 : state303
state314
state543 : state314
state325
state543 : state325
state329
state543 : state329
state336
state543 : state336
state338
state543 : state338
state343
state543 : state343
state346
state543 : state346
state349
state543 : state349
state367
state543 : state367
state374
state543 : state374
state429
state543 : state429
state431
state543 : state431
state434
state543 : state434
state437
state543 : state437
state443
state543 : state443
state449
state543 : state449
state466
state543 : state466
state469
state543 : state469
state471
state543 : state471
state473
state543 : state473
state487
state543 : state487
state490
state543 : state490
state495
state543 : state495
state500
state543 : state500
state503
state543 : state503
state514
state543 : state514
state517
state543 : state517
state522
state543 : state522
state525
state543 : state525
state531
state543 : state531
state534
state543 : state534
state542
state543 : state542
state556
state543 : state556
state559
state543 : state559
state560
state543 : state560
state561
state543 : state561
state562
state543 : state562
state563
state543 : state563
state564
state543 : state564
state565
state543 : state565
state566
state543 : state566
state567
state543 : state567
state568
state543 : state568
state569
state543 : state569
state570
state543 : state570
state571
state543 : state571
state572
state543 : state572
state573
state543 : state573
state574
state543 : state574
state575
state543 : state575
state576
state543 : state576
state577
state543 : state577
state578
state543 : state578
state579
state543 : state579
state580
state543 : state580
state581
state543 : state581
state582
state543 : state582
state583
state543 : state583
state584
state543 : state584
state585
state543 : state585
state586
state543 : state586
state587
state543 : state587
state588
state543 : state588
state589
state543 : state589
state590
state543 : state590
state591
state543 : state591
index
state545 : index
state3
state545 : state3
state5
state545 : state5
state6
state545 : state6
state8
state545 : state8
state10
state545 : state10
state12
state545 : state12
state20
state545 : state20
state27
state545 : state27
state31
state545 : state31
state36
state545 : state36
state40
state545 : state40
state41
state545 : state41
state49
state545 : state49
state61
state545 : state61
state64
state545 : state64
state73
state545 : state73
state125
state545 : state125
state139
state545 : state139
state145
state545 : state145
state148
state545 : state148
state151
state545 : state151
state154
state545 : state154
state156
state545 : state156
state167
state545 : state167
state170
state545 : state170
state178
state545 : state178
state181
state545 : state181
state195
state545 : state195
state211
state545 : state211
state215
state545 : state215
state219
state545 : state219
state223
state545 : state223
state225
state545 : state225
state239
state545 : state239
state241
state545 : state241
state247
state545 : state247
state259
state545 : state259
state265
state545 : state265
state274
state545 : state274
state277
state545 : state277
state279
state545 : state279
state298
state545 : state298
state303
state545 : state303
state314
state545 : state314
state325
state545 : state325
state329
state545 : state329
state336
state545 : state336
state338
state545 : state338
state343
state545 : state343
state346
state545 : state346
state349
state545 : state349
state367
state545 : state367
state374
state545 : state374
state429
state545 : state429
state431
state545 : state431
state434
state545 : state434
state437
state545 : state437
state443
state545 : state443
state449
state545 : state449
state466
state545 : state466
state469
state545 : state469
state471
state545 : state471
state473
state545 : state473
state487
state545 : state487
state490
state545 : state490
state495
state545 : state495
state500
state545 : state500
state503
state545 : state503
state514
state545 : state514
state517
state545 : state517
state522
state545 : state522
state525
state545 : state525
state531
state545 : state531
state534
state545 : state534
state542
state545 : state542
state556
state545 : state556
state559
state545 : state559
state560
state545 : state560
state561
state545 : state561
state562
state545 : state562
state563
state545 : state563
state564
state545 : state564
state565
state545 : state565
state566
state545 : state566
state567
state545 : state567
state568
state545 : state568
state569
state545 : state569
state570
state545 : state570
state571
state545 : state571
state572
state545 : state572
state573
state545 : state573
state574
state545 : state574
state575
state545 : state575
state576
state545 : state576
state577
state545 : state577
state578
state545 : state578
state579
state545 : state579
state580
state545 : state580
state581
state545 : state581
state582
state545 : state582
state583
state545 : state583
state584
state545 : state584
state585
state545 : state585
state586
state545 : state586
state587
state545 : state587
state588
state545 : state588
state589
state545 : state589
state590
state545 : state590
state591
state545 : state591
index
state547 : index
state3
state547 : state3
state5
state547 : state5
state6
state547 : state6
state8
state547 : state8
state10
state547 : state10
state12
state547 : state12
state20
state547 : state20
state27
state547 : state27
state31
state547 : state31
state36
state547 : state36
state40
state547 : state40
state41
state547 : state41
state49
state547 : state49
state61
state547 : state61
state64
state547 : state64
state73
state547 : state73
state125
state547 : state125
state139
state547 : state139
state145
state547 : state145
state148
state547 : state148
state151
state547 : state151
state154
state547 : state154
state156
state547 : state156
state167
state547 : state167
state170
state547 : state170
state178
state547 : state178
state181
state547 : state181
state195
state547 : state195
state211
state547 : state211
state215
state547 : state215
state219
state547 : state219
state223
state547 : state223
state225
state547 : state225
state239
state547 : state239
state241
state547 : state241
state247
state547 : state247
state259
state547 : state259
state265
state547 : state265
state274
state547 : state274
state277
state547 : state277
state279
state547 : state279
state298
state547 : state298
state303
state547 : state303
state314
state547 : state314
state325
state547 : state325
state329
state547 : state329
state336
state547 : state336
state338
state547 : state338
state343
state547 : state343
state346
state547 : state346
state349
state547 : state349
state367
state547 : state367
state374
state547 : state374
state429
state547 : state429
state431
state547 : state431
state434
state547 : state434
state437
state547 : state437
state443
state547 : state443
state449
state547 : state449
state466
state547 : state466
state469
state547 : state469
state471
state547 : state471
state473
state547 : state473
state487
state547 : state487
state490
state547 : state490
state495
state547 : state495
state500
state547 : state500
state503
state547 : state503
state514
state547 : state514
state517
state547 : state517
state522
state547 : state522
state525
state547 : state525
state531
state547 : state531
state534
state547 : state534
state542
state547 : state542
state556
state547 : state556
state559
state547 : state559
state560
state547 : state560
state561
state547 : state561
state562
state547 : state562
state563
state547 : state563
state564
state547 : state564
state565
state547 : state565
state566
state547 : state566
state567
state547 : state567
state568
state547 : state568
state569
state547 : state569
state570
state547 : state570
state571
state547 : state571
state572
state547 : state572
state573
state547 : state573
state574
state547 : state574
state575
state547 : state575
state576
state547 : state576
state577
state547 : state577
state578
state547 : state578
state579
state547 : state579
state580
state547 : state580
state581
state547 : state581
state582
state547 : state582
state583
state547 : state583
state584
state547 : state584
state585
state547 : state585
state586
state547 : state586
state587
state547 : state587
state588
state547 : state588
state589
state547 : state589
state590
state547 : state590
state591
state547 : state591
index
state552 : index
state3
state552 : state3
state5
state552 : state5
state6
state552 : state6
state8
state552 : state8
state10
state552 : state10
state12
state552 : state12
state20
state552 : state20
state27
state552 : state27
state31
state552 : state31
state36
state552 : state36
state40
state552 : state40
state41
state552 : state41
state49
state552 : state49
state61
state552 : state61
state64
state552 : state64
state73
state552 : state73
state125
state552 : state125
state139
state552 : state139
state145
state552 : state145
state148
state552 : state148
state151
state552 : state151
state154
state552 : state154
state156
state552 : state156
state167
state552 : state167
state170
state552 : state170
state178
state552 : state178
state181
state552 : state181
state195
state552 : state195
state211
state552 : state211
state215
state552 : state215
state219
state552 : state219
state223
state552 : state223
state225
state552 : state225
state239
state552 : state239
state241
state552 : state241
state247
state552 : state247
state259
state552 : state259
state265
state552 : state265
state274
state552 : state274
state277
state552 : state277
state279
state552 : state279
state298
state552 : state298
state303
state552 : state303
state314
state552 : state314
state325
state552 : state325
state329
state552 : state329
state336
state552 : state336
state338
state552 : state338
state343
state552 : state343
state346
state552 : state346
state349
state552 : state349
state367
state552 : state367
state374
state552 : state374
state429
state552 : state429
state431
state552 : state431
state434
state552 : state434
state437
state552 : state437
state443
state552 : state443
state449
state552 : state449
state466
state552 : state466
state469
state552 : state469
state471
state552 : state471
state473
state552 : state473
state487
state552 : state487
state490
state552 : state490
state495
state552 : state495
state500
state552 : state500
state503
state552 : state503
state514
state552 : state514
state517
state552 : state517
state522
state552 : state522
state525
state552 : state525
state531
state552 : state531
state534
state552 : state534
state542
state552 : state542
state556
state552 : state556
state559
state552 : state559
state560
state552 : state560
state561
state552 : state561
state562
state552 : state562
state563
state552 : state563
state564
state552 : state564
state565
state552 : state565
state566
state552 : state566
state567
state552 : state567
state568
state552 : state568
state569
state552 : state569
state570
state552 : state570
state571
state552 : state571
state572
state552 : state572
state573
state552 : state573
state574
state552 : state574
state575
state552 : state575
state576
state552 : state576
state577
state552 : state577
state578
state552 : state578
state579
state552 : state579
state580
state552 : state580
state581
state552 : state581
state582
state552 : state582
state583
state552 : state583
state584
state552 : state584
state585
state552 : state585
state586
state552 : state586
state587
state552 : state587
state588
state552 : state588
state589
state552 : state589
state590
state552 : state590
state591
state552 : state591
index
state556 : index
state3
state556 : state3
state5
state556 : state5
state6
state556 : state6
state8
state556 : state8
state10
state556 : state10
state12
state556 : state12
state20
state556 : state20
state27
state556 : state27
state31
state556 : state31
state36
state556 : state36
state40
state556 : state40
state41
state556 : state41
state49
state556 : state49
state61
state556 : state61
state64
state556 : state64
state73
state556 : state73
state125
state556 : state125
state139
state556 : state139
state145
state556 : state145
state148
state556 : state148
state151
state556 : state151
state154
state556 : state154
state156
state556 : state156
state167
state556 : state167
state170
state556 : state170
state178
state556 : state178
state181
state556 : state181
state195
state556 : state195
state211
state556 : state211
state215
state556 : state215
state219
state556 : state219
state223
state556 : state223
state225
state556 : state225
state239
state556 : state239
state241
state556 : state241
state247
state556 : state247
state259
state556 : state259
state265
state556 : state265
state274
state556 : state274
state277
state556 : state277
state279
state556 : state279
state298
state556 : state298
state303
state556 : state303
state314
state556 : state314
state325
state556 : state325
state329
state556 : state329
state336
state556 : state336
state338
state556 : state338
state343
state556 : state343
state346
state556 : state346
state349
state556 : state349
state367
state556 : state367
state374
state556 : state374
state429
state556 : state429
state431
state556 : state431
state434
state556 : state434
state437
state556 : state437
state443
state556 : state443
state449
state556 : state449
state466
state556 : state466
state469
state556 : state469
state471
state556 : state471
state473
state556 : state473
state487
state556 : state487
state490
state556 : state490
state495
state556 : state495
state500
state556 : state500
state503
state556 : state503
state514
state556 : state514
state517
state556 : state517
state522
state556 : state522
state525
state556 : state525
state531
state556 : state531
state534
state556 : state534
state542
state556 : state542
state556
state556 : state556
state559
state556 : state559
state560
state556 : state560
state561
state556 : state561
state562
state556 : state562
state563
state556 : state563
state564
state556 : state564
state565
state556 : state565
state566
state556 : state566
state567
state556 : state567
state568
state556 : state568
state569
state556 : state569
state570
state556 : state570
state571
state556 : state571
state572
state556 : state572
state573
state556 : state573
state574
state556 : state574
state575
state556 : state575
state576
state556 : state576
state577
state556 : state577
state578
state556 : state578
state579
state556 : state579
state580
state556 : state580
state581
state556 : state581
state582
state556 : state582
state583
state556 : state583
state584
state556 : state584
state585
state556 : state585
state586
state556 : state586
state587
state556 : state587
state588
state556 : state588
state589
state556 : state589
state590
state556 : state590
state591
state556 : state591
index
state560 : index
state3
state560 : state3
state5
state560 : state5
state6
state560 : state6
state8
state560 : state8
state10
state560 : state10
state12
state560 : state12
state20
state560 : state20
state27
state560 : state27
state31
state560 : state31
state36
state560 : state36
state40
state560 : state40
state41
state560 : state41
state49
state560 : state49
state61
state560 : state61
state64
state560 : state64
state73
state560 : state73
state125
state560 : state125
state139
state560 : state139
state145
state560 : state145
state148
state560 : state148
state151
state560 : state151
state154
state560 : state154
state156
state560 : state156
state167
state560 : state167
state170
state560 : state170
state178
state560 : state178
state181
state560 : state181
state195
state560 : state195
state211
state560 : state211
state215
state560 : state215
state219
state560 : state219
state223
state560 : state223
state225
state560 : state225
state239
state560 : state239
state241
state560 : state241
state247
state560 : state247
state259
state560 : state259
state265
state560 : state265
state274
state560 : state274
state277
state560 : state277
state279
state560 : state279
state298
state560 : state298
state303
state560 : state303
state314
state560 : state314
state325
state560 : state325
state329
state560 : state329
state336
state560 : state336
state338
state560 : state338
state343
state560 : state343
state346
state560 : state346
state349
state560 : state349
state367
state560 : state367
state374
state560 : state374
state429
state560 : state429
state431
state560 : state431
state434
state560 : state434
state437
state560 : state437
state443
state560 : state443
state449
state560 : state449
state466
state560 : state466
state469
state560 : state469
state471
state560 : state471
state473
state560 : state473
state487
state560 : state487
state490
state560 : state490
state495
state560 : state495
state500
state560 : state500
state503
state560 : state503
state514
state560 : state514
state517
state560 : state517
state522
state560 : state522
state525
state560 : state525
state531
state560 : state531
state534
state560 : state534
state542
state560 : state542
state556
state560 : state556
state559
state560 : state559
state560
state560 : state560
state561
state560 : state561
state562
state560 : state562
state563
state560 : state563
state564
state560 : state564
state565
state560 : state565
state566
state560 : state566
state567
state560 : state567
state568
state560 : state568
state569
state560 : state569
state570
state560 : state570
state571
state560 : state571
state572
state560 : state572
state573
state560 : state573
state574
state560 : state574
state575
state560 : state575
state576
state560 : state576
state577
state560 : state577
state578
state560 : state578
state579
state560 : state579
state580
state560 : state580
state581
state560 : state581
state582
state560 : state582
state583
state560 : state583
state584
state560 : state584
state585
state560 : state585
state586
state560 : state586
state587
state560 : state587
state588
state560 : state588
state589
state560 : state589
state590
state560 : state590
state591
state560 : state591
index
state563 : index
state3
state563 : state3
state5
state563 : state5
state6
state563 : state6
state8
state563 : state8
state10
state563 : state10
state12
state563 : state12
state20
state563 : state20
state27
state563 : state27
state31
state563 : state31
state36
state563 : state36
state40
state563 : state40
state41
state563 : state41
state49
state563 : state49
state61
state563 : state61
state64
state563 : state64
state73
state563 : state73
state125
state563 : state125
state139
state563 : state139
state145
state563 : state145
state148
state563 : state148
state151
state563 : state151
state154
state563 : state154
state156
state563 : state156
state167
state563 : state167
state170
state563 : state170
state178
state563 : state178
state181
state563 : state181
state195
state563 : state195
state211
state563 : state211
state215
state563 : state215
state219
state563 : state219
state223
state563 : state223
state225
state563 : state225
state239
state563 : state239
state241
state563 : state241
state247
state563 : state247
state259
state563 : state259
state265
state563 : state265
state274
state563 : state274
state277
state563 : state277
state279
state563 : state279
state298
state563 : state298
state303
state563 : state303
state314
state563 : state314
state325
state563 : state325
state329
state563 : state329
state336
state563 : state336
state338
state563 : state338
state343
state563 : state343
state346
state563 : state346
state349
state563 : state349
state367
state563 : state367
state374
state563 : state374
state429
state563 : state429
state431
state563 : state431
state434
state563 : state434
state437
state563 : state437
state443
state563 : state443
state449
state563 : state449
state466
state563 : state466
state469
state563 : state469
state471
state563 : state471
state473
state563 : state473
state487
state563 : state487
state490
state563 : state490
state495
state563 : state495
state500
state563 : state500
state503
state563 : state503
state514
state563 : state514
state517
state563 : state517
state522
state563 : state522
state525
state563 : state525
state531
state563 : state531
state534
state563 : state534
state542
state563 : state542
state556
state563 : state556
state559
state563 : state559
state560
state563 : state560
state561
state563 : state561
state562
state563 : state562
state563
state563 : state563
state564
state563 : state564
state565
state563 : state565
state566
state563 : state566
state567
state563 : state567
state568
state563 : state568
state569
state563 : state569
state570
state563 : state570
state571
state563 : state571
state572
state563 : state572
state573
state563 : state573
state574
state563 : state574
state575
state563 : state575
state576
state563 : state576
state577
state563 : state577
state578
state563 : state578
state579
state563 : state579
state580
state563 : state580
state581
state563 : state581
state582
state563 : state582
state583
state563 : state583
state584
state563 : state584
state585
state563 : state585
state586
state563 : state586
state587
state563 : state587
state588
state563 : state588
state589
state563 : state589
state590
state563 : state590
state591
state563 : state591
index
state583 : index
state3
state583 : state3
state5
state583 : state5
state6
state583 : state6
state8
state583 : state8
state10
state583 : state10
state12
state583 : state12
state20
state583 : state20
state27
state583 : state27
state31
state583 : state31
state36
state583 : state36
state40
state583 : state40
state41
state583 : state41
state49
state583 : state49
state61
state583 : state61
state64
state583 : state64
state73
state583 : state73
state125
state583 : state125
state139
state583 : state139
state145
state583 : state145
state148
state583 : state148
state151
state583 : state151
state154
state583 : state154
state156
state583 : state156
state167
state583 : state167
state170
state583 : state170
state178
state583 : state178
state181
state583 : state181
state195
state583 : state195
state211
state583 : state211
state215
state583 : state215
state219
state583 : state219
state223
state583 : state223
state225
state583 : state225
state239
state583 : state239
state241
state583 : state241
state247
state583 : state247
state259
state583 : state259
state265
state583 : state265
state274
state583 : state274
state277
state583 : state277
state279
state583 : state279
state298
state583 : state298
state303
state583 : state303
state314
state583 : state314
state325
state583 : state325
state329
state583 : state329
state336
state583 : state336
state338
state583 : state338
state343
state583 : state343
state346
state583 : state346
state349
state583 : state349
state367
state583 : state367
state374
state583 : state374
state429
state583 : state429
state431
state583 : state431
state434
state583 : state434
state437
state583 : state437
state443
state583 : state443
state449
state583 : state449
state466
state583 : state466
state469
state583 : state469
state471
state583 : state471
state473
state583 : state473
state487
state583 : state487
state490
state583 : state490
state495
state583 : state495
state500
state583 : state500
state503
state583 : state503
state514
state583 : state514
state517
state583 : state517
state522
state583 : state522
state525
state583 : state525
state531
state583 : state531
state534
state583 : state534
state542
state583 : state542
state556
state583 : state556
state559
state583 : state559
state560
state583 : state560
state561
state583 : state561
state562
state583 : state562
state563
state583 : state563
state564
state583 : state564
state565
state583 : state565
state566
state583 : state566
state567
state583 : state567
state568
state583 : state568
state569
state583 : state569
state570
state583 : state570
state571
state583 : state571
state572
state583 : state572
state573
state583 : state573
state574
state583 : state574
state575
state583 : state575
state576
state583 : state576
state577
state583 : state577
state578
state583 : state578
state579
state583 : state579
state580
state583 : state580
state581
state583 : state581
state582
state583 : state582
state583
state583 : state583
state584
state583 : state584
state585
state583 : state585
state586
state583 : state586
state587
state583 : state587
state588
state583 : state588
state589
state583 : state589
state590
state583 : state590
state591
state583 : state591
index
state590 : index
state3
state590 : state3
state5
state590 : state5
state6
state590 : state6
state8
state590 : state8
state10
state590 : state10
state12
state590 : state12
state20
state590 : state20
state27
state590 : state27
state31
state590 : state31
state36
state590 : state36
state40
state590 : state40
state41
state590 : state41
state49
state590 : state49
state61
state590 : state61
state64
state590 : state64
state73
state590 : state73
state125
state590 : state125
state139
state590 : state139
state145
state590 : state145
state148
state590 : state148
state151
state590 : state151
state154
state590 : state154
state156
state590 : state156
state167
state590 : state167
state170
state590 : state170
state178
state590 : state178
state181
state590 : state181
state195
state590 : state195
state211
state590 : state211
state215
state590 : state215
state219
state590 : state219
state223
state590 : state223
state225
state590 : state225
state239
state590 : state239
state241
state590 : state241
state247
state590 : state247
state259
state590 : state259
state265
state590 : state265
state274
state590 : state274
state277
state590 : state277
state279
state590 : state279
state298
state590 : state298
state303
state590 : state303
state314
state590 : state314
state325
state590 : state325
state329
state590 : state329
state336
state590 : state336
state338
state590 : state338
state343
state590 : state343
state346
state590 : state346
state349
state590 : state349
state367
state590 : state367
state374
state590 : state374
state429
state590 : state429
state431
state590 : state431
state434
state590 : state434
state437
state590 : state437
state443
state590 : state443
state449
state590 : state449
state466
state590 : state466
state469
state590 : state469
state471
state590 : state471
state473
state590 : state473
state487
state590 : state487
state490
state590 : state490
state495
state590 : state495
state500
state590 : state500
state503
state590 : state503
state514
state590 : state514
state517
state590 : state517
state522
state590 : state522
state525
state590 : state525
state531
state590 : state531
state534
state590 : state534
state542
state590 : state542
state556
state590 : state556
state559
state590 : state559
state560
state590 : state560
state561
state590 : state561
state562
state590 : state562
state563
state590 : state563
state564
state590 : state564
state565
state590 : state565
state566
state590 : state566
state567
state590 : state567
state568
state590 : state568
state569
state590 : state569
state570
state590 : state570
state571
state590 : state571
state572
state590 : state572
state573
state590 : state573
state574
state590 : state574
state575
state590 : state575
state576
state590 : state576
state577
state590 : state577
state578
state590 : state578
state579
state590 : state579
state580
state590 : state580
state581
state590 : state581
state582
state590 : state582
state583
state590 : state583
state584
state590 : state584
state585
state590 : state585
state586
state590 : state586
state587
state590 : state587
state588
state590 : state588
state589
state590 : state589
state590
state590 : state590
state591
state590 : state591
index
state608 : index
state3
state608 : state3
state5
state608 : state5
state6
state608 : state6
state8
state608 : state8
state10
state608 : state10
state12
state608 : state12
state20
state608 : state20
state27
state608 : state27
state31
state608 : state31
state36
state608 : state36
state40
state608 : state40
state41
state608 : state41
state49
state608 : state49
state61
state608 : state61
state64
state608 : state64
state73
state608 : state73
state125
state608 : state125
state139
state608 : state139
state145
state608 : state145
state148
state608 : state148
state151
state608 : state151
state154
state608 : state154
state156
state608 : state156
state167
state608 : state167
state170
state608 : state170
state178
state608 : state178
state181
state608 : state181
state195
state608 : state195
state211
state608 : state211
state215
state608 : state215
state219
state608 : state219
state223
state608 : state223
state225
state608 : state225
state239
state608 : state239
state241
state608 : state241
state247
state608 : state247
state259
state608 : state259
state265
state608 : state265
state274
state608 : state274
state277
state608 : state277
state279
state608 : state279
state298
state608 : state298
state303
state608 : state303
state314
state608 : state314
state325
state608 : state325
state329
state608 : state329
state336
state608 : state336
state338
state608 : state338
state343
state608 : state343
state346
state608 : state346
state349
state608 : state349
state367
state608 : state367
state374
state608 : state374
state429
state608 : state429
state431
state608 : state431
state434
state608 : state434
state437
state608 : state437
state443
state608 : state443
state449
state608 : state449
state466
state608 : state466
state469
state608 : state469
state471
state608 : state471
state473
state608 : state473
state487
state608 : state487
state490
state608 : state490
state495
state608 : state495
state500
state608 : state500
state503
state608 : state503
state514
state608 : state514
state517
state608 : state517
state522
state608 : state522
state525
state608 : state525
state531
state608 : state531
state534
state608 : state534
state542
state608 : state542
state556
state608 : state556
state559
state608 : state559
state560
state608 : state560
state561
state608 : state561
state562
state608 : state562
state563
state608 : state563
state564
state608 : state564
state565
state608 : state565
state566
state608 : state566
state567
state608 : state567
state568
state608 : state568
state569
state608 : state569
state570
state608 : state570
state571
state608 : state571
state572
state608 : state572
state573
state608 : state573
state574
state608 : state574
state575
state608 : state575
state576
state608 : state576
state577
state608 : state577
state578
state608 : state578
state579
state608 : state579
state580
state608 : state580
state581
state608 : state581
state582
state608 : state582
state583
state608 : state583
state584
state608 : state584
state585
state608 : state585
state586
state608 : state586
state587
state608 : state587
state588
state608 : state588
state589
state608 : state589
state590
state608 : state590
state591
state608 : state591
index
state617 : index
state3
state617 : state3
state5
state617 : state5
state6
state617 : state6
state8
state617 : state8
state10
state617 : state10
state12
state617 : state12
state20
state617 : state20
state27
state617 : state27
state31
state617 : state31
state36
state617 : state36
state40
state617 : state40
state41
state617 : state41
state49
state617 : state49
state61
state617 : state61
state64
state617 : state64
state73
state617 : state73
state125
state617 : state125
state139
state617 : state139
state145
state617 : state145
state148
state617 : state148
state151
state617 : state151
state154
state617 : state154
state156
state617 : state156
state167
state617 : state167
state170
state617 : state170
state178
state617 : state178
state181
state617 : state181
state195
state617 : state195
state211
state617 : state211
state215
state617 : state215
state219
state617 : state219
state223
state617 : state223
state225
state617 : state225
state239
state617 : state239
state241
state617 : state241
state247
state617 : state247
state259
state617 : state259
state265
state617 : state265
state274
state617 : state274
state277
state617 : state277
state279
state617 : state279
state298
state617 : state298
state303
state617 : state303
state314
state617 : state314
state325
state617 : state325
state329
state617 : state329
state336
state617 : state336
state338
state617 : state338
state343
state617 : state343
state346
state617 : state346
state349
state617 : state349
state367
state617 : state367
state374
state617 : state374
state429
state617 : state429
state431
state617 : state431
state434
state617 : state434
state437
state617 : state437
state443
state617 : state443
state449
state617 : state449
state466
state617 : state466
state469
state617 : state469
state471
state617 : state471
state473
state617 : state473
state487
state617 : state487
state490
state617 : state490
state495
state617 : state495
state500
state617 : state500
state503
state617 : state503
state514
state617 : state514
state517
state617 : state517
state522
state617 : state522
state525
state617 : state525
state531
state617 : state531
state534
state617 : state534
state542
state617 : state542
state556
state617 : state556
state559
state617 : state559
state560
state617 : state560
state561
state617 : state561
state562
state617 : state562
state563
state617 : state563
state564
state617 : state564
state565
state617 : state565
state566
state617 : state566
state567
state617 : state567
state568
state617 : state568
state569
state617 : state569
state570
state617 : state570
state571
state617 : state571
state572
state617 : state572
state573
state617 : state573
state574
state617 : state574
state575
state617 : state575
state576
state617 : state576
state577
state617 : state577
state578
state617 : state578
state579
state617 : state579
state580
state617 : state580
state581
state617 : state581
state582
state617 : state582
state583
state617 : state583
state584
state617 : state584
state585
state617 : state585
state586
state617 : state586
state587
state617 : state587
state588
state617 : state588
state589
state617 : state589
state590
state617 : state590
state591
state617 : state591
index
state637 : index
state3
state637 : state3
state5
state637 : state5
state6
state637 : state6
state8
state637 : state8
state10
state637 : state10
state12
state637 : state12
state20
state637 : state20
state27
state637 : state27
state31
state637 : state31
state36
state637 : state36
state40
state637 : state40
state41
state637 : state41
state49
state637 : state49
state61
state637 : state61
state64
state637 : state64
state73
state637 : state73
state125
state637 : state125
state139
state637 : state139
state145
state637 : state145
state148
state637 : state148
state151
state637 : state151
state154
state637 : state154
state156
state637 : state156
state167
state637 : state167
state170
state637 : state170
state178
state637 : state178
state181
state637 : state181
state195
state637 : state195
state211
state637 : state211
state215
state637 : state215
state219
state637 : state219
state223
state637 : state223
state225
state637 : state225
state239
state637 : state239
state241
state637 : state241
state247
state637 : state247
state259
state637 : state259
state265
state637 : state265
state274
state637 : state274
state277
state637 : state277
state279
state637 : state279
state298
state637 : state298
state303
state637 : state303
state314
state637 : state314
state325
state637 : state325
state329
state637 : state329
state336
state637 : state336
state338
state637 : state338
state343
state637 : state343
state346
state637 : state346
state349
state637 : state349
state367
state637 : state367
state374
state637 : state374
state429
state637 : state429
state431
state637 : state431
state434
state637 : state434
state437
state637 : state437
state443
state637 : state443
state449
state637 : state449
state466
state637 : state466
state469
state637 : state469
state471
state637 : state471
state473
state637 : state473
state487
state637 : state487
state490
state637 : state490
state495
state637 : state495
state500
state637 : state500
state503
state637 : state503
state514
state637 : state514
state517
state637 : state517
state522
state637 : state522
state525
state637 : state525
state531
state637 : state531
state534
state637 : state534
state542
state637 : state542
state556
state637 : state556
state559
state637 : state559
state560
state637 : state560
state561
state637 : state561
state562
state637 : state562
state563
state637 : state563
state564
state637 : state564
state565
state637 : state565
state566
state637 : state566
state567
state637 : state567
state568
state637 : state568
state569
state637 : state569
state570
state637 : state570
state571
state637 : state571
state572
state637 : state572
state573
state637 : state573
state574
state637 : state574
state575
state637 : state575
state576
state637 : state576
state577
state637 : state577
state578
state637 : state578
state579
state637 : state579
state580
state637 : state580
state581
state637 : state581
state582
state637 : state582
state583
state637 : state583
state584
state637 : state584
state585
state637 : state585
state586
state637 : state586
state587
state637 : state587
state588
state637 : state588
state589
state637 : state589
state590
state637 : state590
state591
state637 : state591
index
state639 : index
state3
state639 : state3
state5
state639 : state5
state6
state639 : state6
state8
state639 : state8
state10
state639 : state10
state12
state639 : state12
state20
state639 : state20
state27
state639 : state27
state31
state639 : state31
state36
state639 : state36
state40
state639 : state40
state41
state639 : state41
state49
state639 : state49
state61
state639 : state61
state64
state639 : state64
state73
state639 : state73
state125
state639 : state125
state139
state639 : state139
state145
state639 : state145
state148
state639 : state148
state151
state639 : state151
state154
state639 : state154
state156
state639 : state156
state167
state639 : state167
state170
state639 : state170
state178
state639 : state178
state181
state639 : state181
state195
state639 : state195
state211
state639 : state211
state215
state639 : state215
state219
state639 : state219
state223
state639 : state223
state225
state639 : state225
state239
state639 : state239
state241
state639 : state241
state247
state639 : state247
state259
state639 : state259
state265
state639 : state265
state274
state639 : state274
state277
state639 : state277
state279
state639 : state279
state298
state639 : state298
state303
state639 : state303
state314
state639 : state314
state325
state639 : state325
state329
state639 : state329
state336
state639 : state336
state338
state639 : state338
state343
state639 : state343
state346
state639 : state346
state349
state639 : state349
state367
state639 : state367
state374
state639 : state374
state429
state639 : state429
state431
state639 : state431
state434
state639 : state434
state437
state639 : state437
state443
state639 : state443
state449
state639 : state449
state466
state639 : state466
state469
state639 : state469
state471
state639 : state471
state473
state639 : state473
state487
state639 : state487
state490
state639 : state490
state495
state639 : state495
state500
state639 : state500
state503
state639 : state503
state514
state639 : state514
state517
state639 : state517
state522
state639 : state522
state525
state639 : state525
state531
state639 : state531
state534
state639 : state534
state542
state639 : state542
state556
state639 : state556
state559
state639 : state559
state560
state639 : state560
state561
state639 : state561
state562
state639 : state562
state563
state639 : state563
state564
state639 : state564
state565
state639 : state565
state566
state639 : state566
state567
state639 : state567
state568
state639 : state568
state569
state639 : state569
state570
state639 : state570
state571
state639 : state571
state572
state639 : state572
state573
state639 : state573
state574
state639 : state574
state575
state639 : state575
state576
state639 : state576
state577
state639 : state577
state578
state639 : state578
state579
state639 : state579
state580
state639 : state580
state581
state639 : state581
state582
state639 : state582
state583
state639 : state583
state584
state639 : state584
state585
state639 : state585
state586
state639 : state586
state587
state639 : state587
state588
state639 : state588
state589
state639 : state589
state590
state639 : state590
state591
state639 : state591
{state9=**notFound**, state6=**notFound**, state291=**notFound**, state5=state5, state293=**notFound**, state491=**notFound**, state130=**notFound**, state176=**notFound**, state3=**notFound**, state244=**notFound**, state321=**notFound**, state563=**notFound**, state485=**notFound**, state246=**notFound**, state367=**notFound**, state203=**notFound**, state445=**notFound**, state206=**notFound**, state249=**notFound**, state447=**notFound**, state449=**notFound**, state608=**notFound**, state14=**notFound**, index=**notFound**, state183=**notFound**, state583=**notFound**, state142=**notFound**, state384=**notFound**, state453=**notFound**, state133=**notFound**, state210=**notFound**, state298=**notFound**, state496=**notFound**, state136=**notFound**, state258=**notFound**, state533=**notFound**, state139=**notFound**, state617=**notFound**, state48=**notFound**, state30=**notFound**, state74=**notFound**, state190=**notFound**, state590=**notFound**, state393=**notFound**, state154=**notFound**, state231=**notFound**, state275=**notFound**, state351=**notFound**, state343=**notFound**, state221=**notFound**, state265=**notFound**, state543=**notFound**, state146=**notFound**, state545=**notFound**, state346=**notFound**, state423=**notFound**, state426=**notFound**, state547=**notFound**, state227=**notFound**, state33=state61, state77=**notFound**, state37=state41, state36=**notFound**, state63=**notFound**, state480=**notFound**, state160=**notFound**, state163=**notFound**, state240=**notFound**, state560=**notFound**, state552=**notFound**, state397=**notFound**, state279=**notFound**, state312=**notFound**, state356=**notFound**, state435=**notFound**, state556=**notFound**, state359=**notFound**, state637=**notFound**, state317=**notFound**, state438=**notFound**, state639=**notFound**, state21=**notFound**, state26=**notFound**}
OutPutModel{exitStatus=Maximum time passed, states={state9=State{name=state9, id=9, url=http://localhost:3000/addressbook825/index.php, candidateElements=[CandidateElementPosition{top=5, left=892, xpath=//DIV[@id = 'top']/FORM[1]/A[1], width=50, height=14}, CandidateElementPosition{top=0, left=0, xpath=//DIV[@id = 'header']/H1[1]/A[1], width=0, height=0}, CandidateElementPosition{top=89, left=650, xpath=//DIV[@id = 'header']/A[1], width=340, height=14}, CandidateElementPosition{top=105, left=513, xpath=//DIV[@id = 'nav']/UL[1]/LI[1]/A[1], width=44, height=14}, CandidateElementPosition{top=105, left=560, xpath=//DIV[@id = 'nav']/UL[1]/LI[2]/A[1], width=68, height=14}, CandidateElementPosition{top=105, left=632, xpath=//DIV[@id = 'nav']/UL[1]/LI[3]/A[1], width=60, height=14}, CandidateElementPosition{top=105, left=695, xpath=//DIV[@id = 'nav']/UL[1]/LI[4]/A[1], width=114, height=14}, CandidateElementPosition{top=105, left=813, xpath=//DIV[@id = 'nav']/UL[1]/LI[5]/A[1], width=72, height=14}, CandidateElementPosition{top=105, left=888, xpath=//DIV[@id = 'nav']/UL[1]/LI[6]/A[1], width=101, height=14}, CandidateElementPosition{top=291, left=905, xpath=//TABLE[@id = 'maintable']/TBODY[1]/TR[1]/TH[2]/A[1], width=43, height=14}, CandidateElementPosition{top=291, left=769, xpath=//TABLE[@id = 'maintable']/TBODY[1]/TR[1]/TH[3]/A[1], width=73, height=14}, CandidateElementPosition{top=291, left=640, xpath=//TABLE[@id = 'maintable']/TBODY[1]/TR[1]/TH[4]/A[1], width=58, height=14}, CandidateElementPosition{top=291, left=494, xpath=//TABLE[@id = 'maintable']/TBODY[1]/TR[1]/TH[5]/A[1], width=76, height=14}, CandidateElementPosition{top=291, left=333, xpath=//TABLE[@id = 'maintable']/TBODY[1]/TR[1]/TH[6]/A[1], width=80, height=14}, CandidateElementPosition{top=409, left=957, xpath=//DIV[@id = 'footer']/UL[1]/LI[1]/A[2], width=33, height=14}, CandidateElementPosition{top=347, left=236, xpath=//DIV[@id = 'content']/FORM[2]/DIV[4]/INPUT[1], width=70, height=21}, CandidateElementPosition{top=347, left=889, xpath=//DIV[@id = 'content']/FORM[2]/DIV[1]/INPUT[1], width=100, height=21}, CandidateElementPosition{top=347, left=821, xpath=//DIV[@id = 'content']/FORM[2]/DIV[2]/INPUT[1], width=68, height=21}], fanIn=21, fanOut=15, failedEvents=[xpath //FORM[@id = 'LoginForm']/INPUT[3], xpath //FORM[@id = 'LoginForm']/INPUT[3], xpath //FORM[@id = 'LoginForm']/INPUT[3], xpath //FORM[@id = 'LoginForm']/INPUT[3], xpath //FORM[@id = 'LoginForm']/INPUT[3], xpath //FORM[@id = 'LoginForm']/INPUT[3], xpath //FORM[@id = 'LoginForm']/INPUT[3], xpath //FORM[@id = 'LoginForm']/INPUT[3]], hasNearDuplicate=false, nearestState=index, distToNearestState=0.8222222222222222, timeAdded=1764141888559}, state6=State{name=state6, id=6, url=http://localhost:3000/addressbook825/register/login.php, candidateElements=[CandidateElementPosition{top=220, left=536, xpath=//FORM[@id = 'form']/DIV[1]/P[2]/A[1], width=126, height=17}, CandidateElementPosition{top=253, left=492, xpath=//FORM[@id = 'form']/DIV[1]/P[3]/FONT[1]/A[1], width=216, height=15}, CandidateElementPosition{top=352, left=8, xpath=//FORM[@id = 'form']/DIV[1]/P[6]/FONT[1]/A[1], width=0, height=0}, CandidateElementPosition{top=185, left=571, xpath=//FORM[@id = 'form']/DIV[1]/P[1]/FONT[1]/STRONG[1]/INPUT[1], width=58, height=21}], fanIn=2, fanOut=4, failedEvents=[], hasNearDuplicate=false, nearestState=state5, distToNearestState=0.2153846153846154, timeAdded=1764141884403}, state291=State{name=state291, id=291, url=http://localhost:3000/addressbook825/index.php, candidateElements=[CandidateElementPosition{top=5, left=892, xpath=//DIV[@id = 'top']/FORM[1]/A[1], width=50, height=14}, CandidateElementPosition{top=0, left=0, xpath=//DIV[@id = 'header']/H1[1]/A[1], width=0, height=0}, CandidateElementPosition{top=89, left=650, xpath=//DIV[@id = 'header']/A[1], width=340, height=14}, CandidateElementPosition{top=105, left=513, xpath=//DIV[@id = 'nav']/UL[1]/LI[1]/A[1], width=44, height=14}, CandidateElementPosition{top=105, left=560, xpath=//DIV[@id = 'nav']/UL[1]/LI[2]/A[1], width=68, height=14}, CandidateElementPosition{top=105, left=632, xpath=//DIV[@id = 'nav']/UL[1]/LI[3]/A[1], width=60, height=14}, CandidateElementPosition{top=105, left=695, xpath=//DIV[@id = 'nav']/UL[1]/LI[4]/A[1], width=114, height=14}, CandidateElementPosition{top=105, left=813, xpath=//DIV[@id = 'nav']/UL[1]/LI[5]/A[1], width=72, height=14}, CandidateElementPosition{top=105, left=888, xpath=//DIV[@id = 'nav']/UL[1]/LI[6]/A[1], width=101, height=14}, CandidateElementPosition{top=291, left=908, xpath=//TABLE[@id = 'maintable']/TBODY[1]/TR[1]/TH[2]/A[1], width=43, height=14}, CandidateElementPosition{top=291, left=772, xpath=//TABLE[@id = 'maintable']/TBODY[1]/TR[1]/TH[3]/A[1], width=72, height=14}, CandidateElementPosition{top=291, left=627, xpath=//TABLE[@id = 'maintable']/TBODY[1]/TR[1]/TH[4]/A[1], width=59, height=14}, CandidateElementPosition{top=291, left=478, xpath=//TABLE[@id = 'maintable']/TBODY[1]/TR[1]/TH[5]/A[1], width=76, height=14}, CandidateElementPosition{top=291, left=343, xpath=//TABLE[@id = 'maintable']/TBODY[1]/TR[1]/TH[6]/A[1], width=80, height=14}, CandidateElementPosition{top=341, left=309, xpath=//TABLE[@id = 'maintable']/TBODY[1]/TR[2]/TD[7]/A[1], width=16, height=14}, CandidateElementPosition{top=341, left=286, xpath=//TABLE[@id = 'maintable']/TBODY[1]/TR[2]/TD[8]/A[1], width=16, height=14}, CandidateElementPosition{top=341, left=262, xpath=//TABLE[@id = 'maintable']/TBODY[1]/TR[2]/TD[9]/A[1], width=16, height=14}, CandidateElementPosition{top=402, left=309, xpath=//TABLE[@id = 'maintable']/TBODY[1]/TR[3]/TD[7]/A[1], width=16, height=14}, CandidateElementPosition{top=402, left=286, xpath=//TABLE[@id = 'maintable']/TBODY[1]/TR[3]/TD[8]/A[1], width=16, height=14}, CandidateElementPosition{top=402, left=262, xpath=//TABLE[@id = 'maintable']/TBODY[1]/TR[3]/TD[9]/A[1], width=16, height=14}, CandidateElementPosition{top=463, left=309, xpath=//TABLE[@id = 'maintable']/TBODY[1]/TR[4]/TD[7]/A[1], width=16, height=14}, CandidateElementPosition{top=463, left=286, xpath=//TABLE[@id = 'maintable']/TBODY[1]/TR[4]/TD[8]/A[1], width=16, height=14}, CandidateElementPosition{top=463, left=262, xpath=//TABLE[@id = 'maintable']/TBODY[1]/TR[4]/TD[9]/A[1], width=16, height=14}, CandidateElementPosition{top=524, left=309, xpath=//TABLE[@id = 'maintable']/TBODY[1]/TR[5]/TD[7]/A[1], width=16, height=14}, CandidateElementPosition{top=524, left=286, xpath=//TABLE[@id = 'maintable']/TBODY[1]/TR[5]/TD[8]/A[1], width=16, height=14}, CandidateElementPosition{top=524, left=262, xpath=//TABLE[@id = 'maintable']/TBODY[1]/TR[5]/TD[9]/A[1], width=16, height=14}, CandidateElementPosition{top=585, left=309, xpath=//TABLE[@id = 'maintable']/TBODY[1]/TR[6]/TD[7]/A[1], width=16, height=14}, CandidateElementPosition{top=585, left=286, xpath=//TABLE[@id = 'maintable']/TBODY[1]/TR[6]/TD[8]/A[1], width=16, height=14}, CandidateElementPosition{top=585, left=262, xpath=//TABLE[@id = 'maintable']/TBODY[1]/TR[6]/TD[9]/A[1], width=16, height=14}, CandidateElementPosition{top=646, left=309, xpath=//TABLE[@id = 'maintable']/TBODY[1]/TR[7]/TD[7]/A[1], width=16, height=14}, CandidateElementPosition{top=646, left=286, xpath=//TABLE[@id = 'maintable']/TBODY[1]/TR[7]/TD[8]/A[1], width=16, height=14}, CandidateElementPosition{top=646, left=262, xpath=//TABLE[@id = 'maintable']/TBODY[1]/TR[7]/TD[9]/A[1], width=16, height=14}, CandidateElementPosition{top=707, left=309, xpath=//TABLE[@id = 'maintable']/TBODY[1]/TR[8]/TD[7]/A[1], width=16, height=14}, CandidateElementPosition{top=707, left=286, xpath=//TABLE[@id = 'maintable']/TBODY[1]/TR[8]/TD[8]/A[1], width=16, height=14}, CandidateElementPosition{top=707, left=262, xpath=//TABLE[@id = 'maintable']/TBODY[1]/TR[8]/TD[9]/A[1], width=16, height=14}, CandidateElementPosition{top=836, left=957, xpath=//DIV[@id = 'footer']/UL[1]/LI[1]/A[2], width=33, height=14}, CandidateElementPosition{top=774, left=236, xpath=//DIV[@id = 'content']/FORM[2]/DIV[4]/INPUT[1], width=70, height=21}, CandidateElementPosition{top=774, left=889, xpath=//DIV[@id = 'content']/FORM[2]/DIV[1]/INPUT[1], width=100, height=21}, CandidateElementPosition{top=774, left=821, xpath=//DIV[@id = 'content']/FORM[2]/DIV[2]/INPUT[1], width=68, height=21}], fanIn=0, fanOut=1, failedEvents=[], hasNearDuplicate=false, nearestState=state246, distToNearestState=0.10097719869706841, timeAdded=1764142570603}, state5=State{name=state5, id=5, url=http://localhost:3000/addressbook825/register/email_password.php, candidateElements=[CandidateElementPosition{top=174, left=510, xpath=//FORM[@id = 'form']/DIV[1]/P[2]/A[1], width=180, height=17}, CandidateElementPosition{top=207, left=8, xpath=//FORM[@id = 'form']/DIV[1]/P[3]/FONT[1]/A[1], width=0, height=0}, CandidateElementPosition{top=275, left=8, xpath=//FORM[@id = 'form']/DIV[1]/P[6]/FONT[1]/A[1], width=0, height=0}, CandidateElementPosition{top=139, left=571, xpath=//FORM[@id = 'form']/DIV[1]/P[1]/FONT[1]/STRONG[1]/INPUT[1], width=58, height=21}], fanIn=2, fanOut=2, failedEvents=[], hasNearDuplicate=false, nearestState=state3, distToNearestState=0.9433962264150944, timeAdded=1764141882741}, state293=State{name=state293, id=293, url=http://localhost:3000/addressbook825/index.php, candidateElements=[CandidateElementPosition{top=5, left=885, xpath=//DIV[@id = 'top']/FORM[1]/A[1], width=51, height=14}, CandidateElementPosition{top=41, left=0, xpath=//DIV[@id = 'header']/H1[1]/A[1], width=0, height=0}, CandidateElementPosition{top=89, left=642, xpath=//DIV[@id = 'header']/A[1], width=340, height=14}, CandidateElementPosition{top=105, left=506, xpath=//DIV[@id = 'nav']/UL[1]/LI[1]/A[1], width=44, height=14}, CandidateElementPosition{top=105, left=553, xpath=//DIV[@id = 'nav']/UL[1]/LI[2]/A[1], width=68, height=14}, CandidateElementPosition{top=105, left=624, xpath=//DIV[@id = 'nav']/UL[1]/LI[3]/A[1], width=60, height=14}, CandidateElementPosition{top=105, left=688, xpath=//DIV[@id = 'nav']/UL[1]/LI[4]/A[1], width=114, height=14}, CandidateElementPosition{top=105, left=805, xpath=//DIV[@id = 'nav']/UL[1]/LI[5]/A[1], width=72, height=14}, CandidateElementPosition{top=105, left=881, xpath=//DIV[@id = 'nav']/UL[1]/LI[6]/A[1], width=102, height=14}, CandidateElementPosition{top=291, left=900, xpath=//TABLE[@id = 'maintable']/TBODY[1]/TR[1]/TH[2]/A[1], width=43, height=14}, CandidateElementPosition{top=291, left=765, xpath=//TABLE[@id = 'maintable']/TBODY[1]/TR[1]/TH[3]/A[1], width=72, height=14}, CandidateElementPosition{top=291, left=619, xpath=//TABLE[@id = 'maintable']/TBODY[1]/TR[1]/TH[4]/A[1], width=59, height=14}, CandidateElementPosition{top=291, left=470, xpath=//TABLE[@id = 'maintable']/TBODY[1]/TR[1]/TH[5]/A[1], width=76, height=14}, CandidateElementPosition{top=291, left=336, xpath=//TABLE[@id = 'maintable']/TBODY[1]/TR[1]/TH[6]/A[1], width=80, height=14}, CandidateElementPosition{top=341, left=301, xpath=//TABLE[@id = 'maintable']/TBODY[1]/TR[2]/TD[7]/A[1], width=16, height=14}, CandidateElementPosition{top=341, left=278, xpath=//TABLE[@id = 'maintable']/TBODY[1]/TR[2]/TD[8]/A[1], width=16, height=14}, CandidateElementPosition{top=341, left=255, xpath=//TABLE[@id = 'maintable']/TBODY[1]/TR[2]/TD[9]/A[1], width=16, height=14}, CandidateElementPosition{top=402, left=301, xpath=//TABLE[@id = 'maintable']/TBODY[1]/TR[3]/TD[7]/A[1], width=16, height=14}, CandidateElementPosition{top=402, left=278, xpath=//TABLE[@id = 'maintable']/TBODY[1]/TR[3]/TD[8]/A[1], width=16, height=14}, CandidateElementPosition{top=402, left=255, xpath=//TABLE[@id = 'maintable']/TBODY[1]/TR[3]/TD[9]/A[1], width=16, height=14}, CandidateElementPosition{top=463, left=301, xpath=//TABLE[@id = 'maintable']/TBODY[1]/TR[4]/TD[7]/A[1], width=16, height=14}, CandidateElementPosition{top=463, left=278, xpath=//TABLE[@id = 'maintable']/TBODY[1]/TR[4]/TD[8]/A[1], width=16, height=14}, CandidateElementPosition{top=463, left=255, xpath=//TABLE[@id = 'maintable']/TBODY[1]/TR[4]/TD[9]/A[1], width=16, height=14}, CandidateElementPosition{top=524, left=301, xpath=//TABLE[@id = 'maintable']/TBODY[1]/TR[5]/TD[7]/A[1], width=16, height=14}, CandidateElementPosition{top=524, left=278, xpath=//TABLE[@id = 'maintable']/TBODY[1]/TR[5]/TD[8]/A[1], width=16, height=14}, CandidateElementPosition{top=524, left=255, xpath=//TABLE[@id = 'maintable']/TBODY[1]/TR[5]/TD[9]/A[1], width=16, height=14}, CandidateElementPosition{top=585, left=301, xpath=//TABLE[@id = 'maintable']/TBODY[1]/TR[6]/TD[7]/A[1], width=16, height=14}, CandidateElementPosition{top=585, left=278, xpath=//TABLE[@id = 'maintable']/TBODY[1]/TR[6]/TD[8]/A[1], width=16, height=14}, CandidateElementPosition{top=585, left=255, xpath=//TABLE[@id = 'maintable']/TBODY[1]/TR[6]/TD[9]/A[1], width=16, height=14}, CandidateElementPosition{top=646, left=301, xpath=//TABLE[@id = 'maintable']/TBODY[1]/TR[7]/TD[7]/A[1], width=16, height=14}, CandidateElementPosition{top=646, left=278, xpath=//TABLE[@id = 'maintable']/TBODY[1]/TR[7]/TD[8]/A[1], width=16, height=14}, CandidateElementPosition{top=646, left=255, xpath=//TABLE[@id = 'maintable']/TBODY[1]/TR[7]/TD[9]/A[1], width=16, height=14}, CandidateElementPosition{top=707, left=301, xpath=//TABLE[@id = 'maintable']/TBODY[1]/TR[8]/TD[7]/A[1], width=16, height=14}, CandidateElementPosition{top=707, left=278, xpath=//TABLE[@id = 'maintable']/TBODY[1]/TR[8]/TD[8]/A[1], width=16, height=14}, CandidateElementPosition{top=707, left=255, xpath=//TABLE[@id = 'maintable']/TBODY[1]/TR[8]/TD[9]/A[1], width=16, height=14}, CandidateElementPosition{top=768, left=301, xpath=//TABLE[@id = 'maintable']/TBODY[1]/TR[9]/TD[7]/A[1], width=16, height=14}, CandidateElementPosition{top=768, left=278, xpath=//TABLE[@id = 'maintable']/TBODY[1]/TR[9]/TD[8]/A[1], width=16, height=14}, CandidateElementPosition{top=768, left=255, xpath=//TABLE[@id = 'maintable']/TBODY[1]/TR[9]/TD[9]/A[1], width=16, height=14}, CandidateElementPosition{top=897, left=949, xpath=//DIV[@id = 'footer']/UL[1]/LI[1]/A[2], width=33, height=14}, CandidateElementPosition{top=835, left=228, xpath=//DIV[@id = 'content']/FORM[2]/DIV[4]/INPUT[1], width=70, height=21}, CandidateElementPosition{top=835, left=882, xpath=//DIV[@id = 'content']/FORM[2]/DIV[1]/INPUT[1], width=100, height=21}, CandidateElementPosition{top=835, left=814, xpath=//DIV[@id = 'content']/FORM[2]/DIV[2]/INPUT[1], width=68, height=21}], fanIn=9, fanOut=12, failedEvents=[], hasNearDuplicate=false, nearestState=state291, distToNearestState=0.09171597633136094, timeAdded=1764142591904}, state491=State{name=state491, id=491, url=http://localhost:3000/addressbook825/view.php?all&print, candidateElements=[CandidateElementPosition{top=1944, left=1150, xpath=//DIV[@id = 'footer']/UL[1]/LI[1]/A[2], width=33, height=14}], fanIn=5, fanOut=1, failedEvents=[], hasNearDuplicate=false, nearestState=state445, distToNearestState=0.12475633528265107, timeAdded=1764143524819}, state130=State{name=state130, id=130, url=http://localhost:3000/addressbook825/group.php, candidateElements=[CandidateElementPosition{top=5, left=892, xpath=//DIV[@id = 'top']/FORM[1]/A[1], width=50, height=14}, CandidateElementPosition{top=0, left=0, xpath=//DIV[@id = 'header']/H1[1]/A[1], width=0, height=0}, CandidateElementPosition{top=89, left=650, xpath=//DIV[@id = 'header']/A[1], width=340, height=14}, CandidateElementPosition{top=105, left=513, xpath=//DIV[@id = 'nav']/UL[1]/LI[1]/A[1], width=44, height=14}, CandidateElementPosition{top=105, left=560, xpath=//DIV[@id = 'nav']/UL[1]/LI[2]/A[1], width=68, height=14}, CandidateElementPosition{top=105, left=632, xpath=//DIV[@id = 'nav']/UL[1]/LI[3]/A[1], width=60, height=14}, CandidateElementPosition{top=105, left=695, xpath=//DIV[@id = 'nav']/UL[1]/LI[4]/A[1], width=114, height=14}, CandidateElementPosition{top=105, left=813, xpath=//DIV[@id = 'nav']/UL[1]/LI[5]/A[1], width=72, height=14}, CandidateElementPosition{top=105, left=888, xpath=//DIV[@id = 'nav']/UL[1]/LI[6]/A[1], width=101, height=14}, CandidateElementPosition{top=673, left=957, xpath=//DIV[@id = 'footer']/UL[1]/LI[1]/A[2], width=33, height=14}, CandidateElementPosition{top=604, left=872, xpath=//DIV[@id = 'content']/FORM[1]/INPUT[2], width=117, height=21}], fanIn=1, fanOut=9, failedEvents=[], hasNearDuplicate=false, nearestState=state26, distToNearestState=0.2692307692307692, timeAdded=1764142117276}, state176=State{name=state176, id=176, url=http://localhost:3000/addressbook825/birthdays.php?group=[none], candidateElements=[CandidateElementPosition{top=5, left=892, xpath=//DIV[@id = 'top']/FORM[1]/A[1], width=50, height=14}, CandidateElementPosition{top=0, left=0, xpath=//DIV[@id = 'header']/H1[1]/A[1], width=0, height=0}, CandidateElementPosition{top=89, left=650, xpath=//DIV[@id = 'header']/A[1], width=340, height=14}, CandidateElementPosition{top=105, left=513, xpath=//DIV[@id = 'nav']/UL[1]/LI[1]/A[1], width=44, height=14}, CandidateElementPosition{top=105, left=560, xpath=//DIV[@id = 'nav']/UL[1]/LI[2]/A[1], width=68, height=14}, CandidateElementPosition{top=105, left=632, xpath=//DIV[@id = 'nav']/UL[1]/LI[3]/A[1], width=60, height=14}, CandidateElementPosition{top=105, left=695, xpath=//DIV[@id = 'nav']/UL[1]/LI[4]/A[1], width=114, height=14}, CandidateElementPosition{top=105, left=813, xpath=//DIV[@id = 'nav']/UL[1]/LI[5]/A[1], width=72, height=14}, CandidateElementPosition{top=105, left=888, xpath=//DIV[@id = 'nav']/UL[1]/LI[6]/A[1], width=101, height=14}, CandidateElementPosition{top=256, left=354, xpath=//TABLE[@id = 'birthdays']/TBODY[1]/TR[2]/TD[7]/A[1], width=16, height=14}, CandidateElementPosition{top=256, left=321, xpath=//TABLE[@id = 'birthdays']/TBODY[1]/TR[2]/TD[8]/A[1], width=16, height=14}, CandidateElementPosition{top=256, left=287, xpath=//TABLE[@id = 'birthdays']/TBODY[1]/TR[2]/TD[9]/A[1], width=16, height=14}, CandidateElementPosition{top=277, left=354, xpath=//TABLE[@id = 'birthdays']/TBODY[1]/TR[3]/TD[7]/A[1], width=16, height=14}, CandidateElementPosition{top=277, left=321, xpath=//TABLE[@id = 'birthdays']/TBODY[1]/TR[3]/TD[8]/A[1], width=16, height=14}, CandidateElementPosition{top=277, left=287, xpath=//TABLE[@id = 'birthdays']/TBODY[1]/TR[3]/TD[9]/A[1], width=16, height=14}, CandidateElementPosition{top=339, left=957, xpath=//DIV[@id = 'footer']/UL[1]/LI[1]/A[2], width=33, height=14}], fanIn=3, fanOut=9, failedEvents=[], hasNearDuplicate=false, nearestState=state139, distToNearestState=0.27586206896551724, timeAdded=1764142237108}, state3=State{name=state3, id=3, url=http://localhost:3000/addressbook825/register/user_add.php, candidateElements=[CandidateElementPosition{top=89, left=210, xpath=//DIV[@id = 'header']/A[1], width=340, height=14}, CandidateElementPosition{top=206, left=210, xpath=//DIV[@id = 'content']/FORM[1]/INPUT[3], width=64, height=21}, CandidateElementPosition{top=206, left=210, xpath=//DIV[@id = 'content']/FORM[1]/INPUT[3], width=64, height=21}], fanIn=2, fanOut=1, failedEvents=[], hasNearDuplicate=false, nearestState=index, distToNearestState=0.4482758620689655, timeAdded=1764141879917}, state244=State{name=state244, id=244, url=http://localhost:3000/addressbook825/index.php, candidateElements=[CandidateElementPosition{top=5, left=892, xpath=//DIV[@id = 'top']/FORM[1]/A[1], width=50, height=14}, CandidateElementPosition{top=0, left=0, xpath=//DIV[@id = 'header']/H1[1]/A[1], width=0, height=0}, CandidateElementPosition{top=89, left=650, xpath=//DIV[@id = 'header']/A[1], width=340, height=14}, CandidateElementPosition{top=105, left=513, xpath=//DIV[@id = 'nav']/UL[1]/LI[1]/A[1], width=44, height=14}, CandidateElementPosition{top=105, left=560, xpath=//DIV[@id = 'nav']/UL[1]/LI[2]/A[1], width=68, height=14}, CandidateElementPosition{top=105, left=632, xpath=//DIV[@id = 'nav']/UL[1]/LI[3]/A[1], width=60, height=14}, CandidateElementPosition{top=105, left=695, xpath=//DIV[@id = 'nav']/UL[1]/LI[4]/A[1], width=114, height=14}, CandidateElementPosition{top=105, left=813, xpath=//DIV[@id = 'nav']/UL[1]/LI[5]/A[1], width=72, height=14}, CandidateElementPosition{top=105, left=888, xpath=//DIV[@id = 'nav']/UL[1]/LI[6]/A[1], width=101, height=14}, CandidateElementPosition{top=291, left=908, xpath=//TABLE[@id = 'maintable']/TBODY[1]/TR[1]/TH[2]/A[1], width=43, height=14}, CandidateElementPosition{top=291, left=772, xpath=//TABLE[@id = 'maintable']/TBODY[1]/TR[1]/TH[3]/A[1], width=72, height=14}, CandidateElementPosition{top=291, left=627, xpath=//TABLE[@id = 'maintable']/TBODY[1]/TR[1]/TH[4]/A[1], width=59, height=14}, CandidateElementPosition{top=291, left=478, xpath=//TABLE[@id = 'maintable']/TBODY[1]/TR[1]/TH[5]/A[1], width=76, height=14}, CandidateElementPosition{top=291, left=343, xpath=//TABLE[@id = 'maintable']/TBODY[1]/TR[1]/TH[6]/A[1], width=80, height=14}, CandidateElementPosition{top=341, left=309, xpath=//TABLE[@id = 'maintable']/TBODY[1]/TR[2]/TD[7]/A[1], width=16, height=14}, CandidateElementPosition{top=341, left=286, xpath=//TABLE[@id = 'maintable']/TBODY[1]/TR[2]/TD[8]/A[1], width=16, height=14}, CandidateElementPosition{top=341, left=262, xpath=//TABLE[@id = 'maintable']/TBODY[1]/TR[2]/TD[9]/A[1], width=16, height=14}, CandidateElementPosition{top=402, left=309, xpath=//TABLE[@id = 'maintable']/TBODY[1]/TR[3]/TD[7]/A[1], width=16, height=14}, CandidateElementPosition{top=402, left=286, xpath=//TABLE[@id = 'maintable']/TBODY[1]/TR[3]/TD[8]/A[1], width=16, height=14}, CandidateElementPosition{top=402, left=262, xpath=//TABLE[@id = 'maintable']/TBODY[1]/TR[3]/TD[9]/A[1], width=16, height=14}, CandidateElementPosition{top=463, left=309, xpath=//TABLE[@id = 'maintable']/TBODY[1]/TR[4]/TD[7]/A[1], width=16, height=14}, CandidateElementPosition{top=463, left=286, xpath=//TABLE[@id = 'maintable']/TBODY[1]/TR[4]/TD[8]/A[1], width=16, height=14}, CandidateElementPosition{top=463, left=262, xpath=//TABLE[@id = 'maintable']/TBODY[1]/TR[4]/TD[9]/A[1], width=16, height=14}, CandidateElementPosition{top=524, left=309, xpath=//TABLE[@id = 'maintable']/TBODY[1]/TR[5]/TD[7]/A[1], width=16, height=14}, CandidateElementPosition{top=524, left=286, xpath=//TABLE[@id = 'maintable']/TBODY[1]/TR[5]/TD[8]/A[1], width=16, height=14}, CandidateElementPosition{top=524, left=262, xpath=//TABLE[@id = 'maintable']/TBODY[1]/TR[5]/TD[9]/A[1], width=16, height=14}, CandidateElementPosition{top=585, left=309, xpath=//TABLE[@id = 'maintable']/TBODY[1]/TR[6]/TD[7]/A[1], width=16, height=14}, CandidateElementPosition{top=585, left=286, xpath=//TABLE[@id = 'maintable']/TBODY[1]/TR[6]/TD[8]/A[1], width=16, height=14}, CandidateElementPosition{top=585, left=262, xpath=//TABLE[@id = 'maintable']/TBODY[1]/TR[6]/TD[9]/A[1], width=16, height=14}, CandidateElementPosition{top=714, left=957, xpath=//DIV[@id = 'footer']/UL[1]/LI[1]/A[2], width=33, height=14}, CandidateElementPosition{top=652, left=236, xpath=//DIV[@id = 'content']/FORM[2]/DIV[4]/INPUT[1], width=70, height=21}, CandidateElementPosition{top=652, left=889, xpath=//DIV[@id = 'content']/FORM[2]/DIV[1]/INPUT[1], width=100, height=21}, CandidateElementPosition{top=652, left=821, xpath=//DIV[@id = 'content']/FORM[2]/DIV[2]/INPUT[1], width=68, height=21}], fanIn=0, fanOut=1, failedEvents=[], hasNearDuplicate=false, nearestState=state210, distToNearestState=0.12653061224489795, timeAdded=1764142416558}, state321=State{name=state321, id=321, url=http://localhost:3000/addressbook825/view.php?group=[none]&all&print&phones, candidateElements=[CandidateElementPosition{top=357, left=1165, xpath=//DIV[@id = 'footer']/UL[1]/LI[1]/A[2], width=33, height=14}], fanIn=1, fanOut=1, failedEvents=[], hasNearDuplicate=false, nearestState=state265, distToNearestState=0.18181818181818182, timeAdded=1764142697317}, state563=State{name=state563, id=563, url=http://localhost:3000/addressbook825/index.php?group=%5Bnone%5D, candidateElements=[CandidateElementPosition{top=5, left=892, xpath=//DIV[@id = 'top']/FORM[1]/A[1], width=50, height=14}, CandidateElementPosition{top=0, left=0, xpath=//DIV[@id = 'header']/H1[1]/A[1], width=0, height=0}, CandidateElementPosition{top=89, left=650, xpath=//DIV[@id = 'header']/A[1], width=340, height=14}, CandidateElementPosition{top=105, left=513, xpath=//DIV[@id = 'nav']/UL[1]/LI[1]/A[1], width=44, height=14}, CandidateElementPosition{top=105, left=560, xpath=//DIV[@id = 'nav']/UL[1]/LI[2]/A[1], width=68, height=14}, CandidateElementPosition{top=105, left=632, xpath=//DIV[@id = 'nav']/UL[1]/LI[3]/A[1], width=60, height=14}, CandidateElementPosition{top=105, left=695, xpath=//DIV[@id = 'nav']/UL[1]/LI[4]/A[1], width=114, height=14}, CandidateElementPosition{top=105, left=813, xpath=//DIV[@id = 'nav']/UL[1]/LI[5]/A[1], width=72, height=14}, CandidateElementPosition{top=105, left=888, xpath=//DIV[@id = 'nav']/UL[1]/LI[6]/A[1], width=101, height=14}, CandidateElementPosition{top=291, left=905, xpath=//TABLE[@id = 'maintable']/TBODY[1]/TR[1]/TH[2]/A[1], width=43, height=14}, CandidateElementPosition{top=291, left=769, xpath=//TABLE[@id = 'maintable']/TBODY[1]/TR[1]/TH[3]/A[1], width=73, height=14}, CandidateElementPosition{top=291, left=640, xpath=//TABLE[@id = 'maintable']/TBODY[1]/TR[1]/TH[4]/A[1], width=58, height=14}, CandidateElementPosition{top=291, left=494, xpath=//TABLE[@id = 'maintable']/TBODY[1]/TR[1]/TH[5]/A[1], width=76, height=14}, CandidateElementPosition{top=291, left=333, xpath=//TABLE[@id = 'maintable']/TBODY[1]/TR[1]/TH[6]/A[1], width=80, height=14}, CandidateElementPosition{top=0, left=0, xpath=//TABLE[@id = 'maintable']/TBODY[1]/TR[2]/TD[7]/A[1], width=0, height=0}, CandidateElementPosition{top=0, left=0, xpath=//TABLE[@id = 'maintable']/TBODY[1]/TR[2]/TD[8]/A[1], width=0, height=0}, CandidateElementPosition{top=0, left=0, xpath=//TABLE[@id = 'maintable']/TBODY[1]/TR[2]/TD[9]/A[1], width=0, height=0}, CandidateElementPosition{top=0, left=0, xpath=//TABLE[@id = 'maintable']/TBODY[1]/TR[3]/TD[7]/A[1], width=0, height=0}, CandidateElementPosition{top=0, left=0, xpath=//TABLE[@id = 'maintable']/TBODY[1]/TR[3]/TD[8]/A[1], width=0, height=0}, CandidateElementPosition{top=0, left=0, xpath=//TABLE[@id = 'maintable']/TBODY[1]/TR[3]/TD[9]/A[1], width=0, height=0}, CandidateElementPosition{top=0, left=0, xpath=//TABLE[@id = 'maintable']/TBODY[1]/TR[4]/TD[7]/A[1], width=0, height=0}, CandidateElementPosition{top=0, left=0, xpath=//TABLE[@id = 'maintable']/TBODY[1]/TR[4]/TD[8]/A[1], width=0, height=0}, CandidateElementPosition{top=0, left=0, xpath=//TABLE[@id = 'maintable']/TBODY[1]/TR[4]/TD[9]/A[1], width=0, height=0}, CandidateElementPosition{top=0, left=0, xpath=//TABLE[@id = 'maintable']/TBODY[1]/TR[5]/TD[7]/A[1], width=0, height=0}, CandidateElementPosition{top=0, left=0, xpath=//TABLE[@id = 'maintable']/TBODY[1]/TR[5]/TD[8]/A[1], width=0, height=0}, CandidateElementPosition{top=0, left=0, xpath=//TABLE[@id = 'maintable']/TBODY[1]/TR[5]/TD[9]/A[1], width=0, height=0}, CandidateElementPosition{top=0, left=0, xpath=//TABLE[@id = 'maintable']/TBODY[1]/TR[6]/TD[7]/A[1], width=0, height=0}, CandidateElementPosition{top=0, left=0, xpath=//TABLE[@id = 'maintable']/TBODY[1]/TR[6]/TD[8]/A[1], width=0, height=0}, CandidateElementPosition{top=0, left=0, xpath=//TABLE[@id = 'maintable']/TBODY[1]/TR[6]/TD[9]/A[1], width=0, height=0}, CandidateElementPosition{top=0, left=0, xpath=//TABLE[@id = 'maintable']/TBODY[1]/TR[7]/TD[7]/A[1], width=0, height=0}, CandidateElementPosition{top=0, left=0, xpath=//TABLE[@id = 'maintable']/TBODY[1]/TR[7]/TD[8]/A[1], width=0, height=0}, CandidateElementPosition{top=0, left=0, xpath=//TABLE[@id = 'maintable']/TBODY[1]/TR[7]/TD[9]/A[1], width=0, height=0}, CandidateElementPosition{top=0, left=0, xpath=//TABLE[@id = 'maintable']/TBODY[1]/TR[8]/TD[7]/A[1], width=0, height=0}, CandidateElementPosition{top=0, left=0, xpath=//TABLE[@id = 'maintable']/TBODY[1]/TR[8]/TD[8]/A[1], width=0, height=0}, CandidateElementPosition{top=0, left=0, xpath=//TABLE[@id = 'maintable']/TBODY[1]/TR[8]/TD[9]/A[1], width=0, height=0}, CandidateElementPosition{top=0, left=0, xpath=//TABLE[@id = 'maintable']/TBODY[1]/TR[9]/TD[7]/A[1], width=0, height=0}, CandidateElementPosition{top=0, left=0, xpath=//TABLE[@id = 'maintable']/TBODY[1]/TR[9]/TD[8]/A[1], width=0, height=0}, CandidateElementPosition{top=0, left=0, xpath=//TABLE[@id = 'maintable']/TBODY[1]/TR[9]/TD[9]/A[1], width=0, height=0}, CandidateElementPosition{top=0, left=0, xpath=//TABLE[@id = 'maintable']/TBODY[1]/TR[10]/TD[7]/A[1], width=0, height=0}, CandidateElementPosition{top=0, left=0, xpath=//TABLE[@id = 'maintable']/TBODY[1]/TR[10]/TD[8]/A[1], width=0, height=0}, CandidateElementPosition{top=0, left=0, xpath=//TABLE[@id = 'maintable']/TBODY[1]/TR[10]/TD[9]/A[1], width=0, height=0}, CandidateElementPosition{top=0, left=0, xpath=//TABLE[@id = 'maintable']/TBODY[1]/TR[11]/TD[7]/A[1], width=0, height=0}, CandidateElementPosition{top=0, left=0, xpath=//TABLE[@id = 'maintable']/TBODY[1]/TR[11]/TD[8]/A[1], width=0, height=0}, CandidateElementPosition{top=0, left=0, xpath=//TABLE[@id = 'maintable']/TBODY[1]/TR[11]/TD[9]/A[1], width=0, height=0}, CandidateElementPosition{top=0, left=0, xpath=//TABLE[@id = 'maintable']/TBODY[1]/TR[12]/TD[7]/A[1], width=0, height=0}, CandidateElementPosition{top=0, left=0, xpath=//TABLE[@id = 'maintable']/TBODY[1]/TR[12]/TD[8]/A[1], width=0, height=0}, CandidateElementPosition{top=0, left=0, xpath=//TABLE[@id = 'maintable']/TBODY[1]/TR[12]/TD[9]/A[1], width=0, height=0}, CandidateElementPosition{top=0, left=0, xpath=//TABLE[@id = 'maintable']/TBODY[1]/TR[13]/TD[7]/A[1], width=0, height=0}, CandidateElementPosition{top=0, left=0, xpath=//TABLE[@id = 'maintable']/TBODY[1]/TR[13]/TD[8]/A[1], width=0, height=0}, CandidateElementPosition{top=0, left=0, xpath=//TABLE[@id = 'maintable']/TBODY[1]/TR[13]/TD[9]/A[1], width=0, height=0}, CandidateElementPosition{top=0, left=0, xpath=//TABLE[@id = 'maintable']/TBODY[1]/TR[14]/TD[7]/A[1], width=0, height=0}, CandidateElementPosition{top=0, left=0, xpath=//TABLE[@id = 'maintable']/TBODY[1]/TR[14]/TD[8]/A[1], width=0, height=0}, CandidateElementPosition{top=0, left=0, xpath=//TABLE[@id = 'maintable']/TBODY[1]/TR[14]/TD[9]/A[1], width=0, height=0}, CandidateElementPosition{top=0, left=0, xpath=//TABLE[@id = 'maintable']/TBODY[1]/TR[15]/TD[7]/A[1], width=0, height=0}, CandidateElementPosition{top=0, left=0, xpath=//TABLE[@id = 'maintable']/TBODY[1]/TR[15]/TD[8]/A[1], width=0, height=0}, CandidateElementPosition{top=0, left=0, xpath=//TABLE[@id = 'maintable']/TBODY[1]/TR[15]/TD[9]/A[1], width=0, height=0}, CandidateElementPosition{top=0, left=0, xpath=//TABLE[@id = 'maintable']/TBODY[1]/TR[16]/TD[7]/A[1], width=0, height=0}, CandidateElementPosition{top=0, left=0, xpath=//TABLE[@id = 'maintable']/TBODY[1]/TR[16]/TD[8]/A[1], width=0, height=0}, CandidateElementPosition{top=0, left=0, xpath=//TABLE[@id = 'maintable']/TBODY[1]/TR[16]/TD[9]/A[1], width=0, height=0}, CandidateElementPosition{top=0, left=0, xpath=//TABLE[@id = 'maintable']/TBODY[1]/TR[17]/TD[7]/A[1], width=0, height=0}, CandidateElementPosition{top=0, left=0, xpath=//TABLE[@id = 'maintable']/TBODY[1]/TR[17]/TD[8]/A[1], width=0, height=0}, CandidateElementPosition{top=0, left=0, xpath=//TABLE[@id = 'maintable']/TBODY[1]/TR[17]/TD[9]/A[1], width=0, height=0}, CandidateElementPosition{top=0, left=0, xpath=//TABLE[@id = 'maintable']/TBODY[1]/TR[18]/TD[7]/A[1], width=0, height=0}, CandidateElementPosition{top=0, left=0, xpath=//TABLE[@id = 'maintable']/TBODY[1]/TR[18]/TD[8]/A[1], width=0, height=0}, CandidateElementPosition{top=0, left=0, xpath=//TABLE[@id = 'maintable']/TBODY[1]/TR[18]/TD[9]/A[1], width=0, height=0}, CandidateElementPosition{top=0, left=0, xpath=//TABLE[@id = 'maintable']/TBODY[1]/TR[19]/TD[7]/A[1], width=0, height=0}, CandidateElementPosition{top=0, left=0, xpath=//TABLE[@id = 'maintable']/TBODY[1]/TR[19]/TD[8]/A[1], width=0, height=0}, CandidateElementPosition{top=0, left=0, xpath=//TABLE[@id = 'maintable']/TBODY[1]/TR[19]/TD[9]/A[1], width=0, height=0}, CandidateElementPosition{top=0, left=0, xpath=//TABLE[@id = 'maintable']/TBODY[1]/TR[20]/TD[7]/A[1], width=0, height=0}, CandidateElementPosition{top=0, left=0, xpath=//TABLE[@id = 'maintable']/TBODY[1]/TR[20]/TD[8]/A[1], width=0, height=0}, CandidateElementPosition{top=0, left=0, xpath=//TABLE[@id = 'maintable']/TBODY[1]/TR[20]/TD[9]/A[1], width=0, height=0}, CandidateElementPosition{top=409, left=957, xpath=//DIV[@id = 'footer']/UL[1]/LI[1]/A[2], width=33, height=14}, CandidateElementPosition{top=347, left=236, xpath=//DIV[@id = 'content']/FORM[2]/DIV[4]/INPUT[1], width=70, height=21}, CandidateElementPosition{top=347, left=889, xpath=//DIV[@id = 'content']/FORM[2]/DIV[1]/INPUT[1], width=100, height=21}, CandidateElementPosition{top=347, left=821, xpath=//DIV[@id = 'content']/FORM[2]/DIV[2]/INPUT[1], width=68, height=21}], fanIn=6, fanOut=6, failedEvents=[], hasNearDuplicate=false, nearestState=state556, distToNearestState=0.0014705882352941176, timeAdded=1764144166400}, state485=State{name=state485, id=485, url=http://localhost:3000/addressbook825/index.php?group=%5Bnone%5D, candidateElements=[CandidateElementPosition{top=5, left=892, xpath=//DIV[@id = 'top']/FORM[1]/A[1], width=50, height=14}, CandidateElementPosition{top=0, left=0, xpath=//DIV[@id = 'header']/H1[1]/A[1], width=0, height=0}, CandidateElementPosition{top=89, left=650, xpath=//DIV[@id = 'header']/A[1], width=340, height=14}, CandidateElementPosition{top=105, left=513, xpath=//DIV[@id = 'nav']/UL[1]/LI[1]/A[1], width=44, height=14}, CandidateElementPosition{top=105, left=560, xpath=//DIV[@id = 'nav']/UL[1]/LI[2]/A[1], width=68, height=14}, CandidateElementPosition{top=105, left=632, xpath=//DIV[@id = 'nav']/UL[1]/LI[3]/A[1], width=60, height=14}, CandidateElementPosition{top=105, left=695, xpath=//DIV[@id = 'nav']/UL[1]/LI[4]/A[1], width=114, height=14}, CandidateElementPosition{top=105, left=813, xpath=//DIV[@id = 'nav']/UL[1]/LI[5]/A[1], width=72, height=14}, CandidateElementPosition{top=105, left=888, xpath=//DIV[@id = 'nav']/UL[1]/LI[6]/A[1], width=101, height=14}, CandidateElementPosition{top=291, left=907, xpath=//TABLE[@id = 'maintable']/TBODY[1]/TR[1]/TH[2]/A[1], width=43, height=14}, CandidateElementPosition{top=291, left=773, xpath=//TABLE[@id = 'maintable']/TBODY[1]/TR[1]/TH[3]/A[1], width=72, height=14}, CandidateElementPosition{top=291, left=648, xpath=//TABLE[@id = 'maintable']/TBODY[1]/TR[1]/TH[4]/A[1], width=59, height=14}, CandidateElementPosition{top=291, left=501, xpath=//TABLE[@id = 'maintable']/TBODY[1]/TR[1]/TH[5]/A[1], width=75, height=14}, CandidateElementPosition{top=291, left=330, xpath=//TABLE[@id = 'maintable']/TBODY[1]/TR[1]/TH[6]/A[1], width=81, height=14}, CandidateElementPosition{top=0, left=0, xpath=//TABLE[@id = 'maintable']/TBODY[1]/TR[2]/TD[7]/A[1], width=0, height=0}, CandidateElementPosition{top=0, left=0, xpath=//TABLE[@id = 'maintable']/TBODY[1]/TR[2]/TD[8]/A[1], width=0, height=0}, CandidateElementPosition{top=0, left=0, xpath=//TABLE[@id = 'maintable']/TBODY[1]/TR[2]/TD[9]/A[1], width=0, height=0}, CandidateElementPosition{top=0, left=0, xpath=//TABLE[@id = 'maintable']/TBODY[1]/TR[3]/TD[7]/A[1], width=0, height=0}, CandidateElementPosition{top=0, left=0, xpath=//TABLE[@id = 'maintable']/TBODY[1]/TR[3]/TD[8]/A[1], width=0, height=0}, CandidateElementPosition{top=0, left=0, xpath=//TABLE[@id = 'maintable']/TBODY[1]/TR[3]/TD[9]/A[1], width=0, height=0}, CandidateElementPosition{top=0, left=0, xpath=//TABLE[@id = 'maintable']/TBODY[1]/TR[4]/TD[7]/A[1], width=0, height=0}, CandidateElementPosition{top=0, left=0, xpath=//TABLE[@id = 'maintable']/TBODY[1]/TR[4]/TD[8]/A[1], width=0, height=0}, CandidateElementPosition{top=0, left=0, xpath=//TABLE[@id = 'maintable']/TBODY[1]/TR[4]/TD[9]/A[1], width=0, height=0}, CandidateElementPosition{top=0, left=0, xpath=//TABLE[@id = 'maintable']/TBODY[1]/TR[5]/TD[7]/A[1], width=0, height=0}, CandidateElementPosition{top=0, left=0, xpath=//TABLE[@id = 'maintable']/TBODY[1]/TR[5]/TD[8]/A[1], width=0, height=0}, CandidateElementPosition{top=0, left=0, xpath=//TABLE[@id = 'maintable']/TBODY[1]/TR[5]/TD[9]/A[1], width=0, height=0}, CandidateElementPosition{top=0, left=0, xpath=//TABLE[@id = 'maintable']/TBODY[1]/TR[6]/TD[7]/A[1], width=0, height=0}, CandidateElementPosition{top=0, left=0, xpath=//TABLE[@id = 'maintable']/TBODY[1]/TR[6]/TD[8]/A[1], width=0, height=0}, CandidateElementPosition{top=0, left=0, xpath=//TABLE[@id = 'maintable']/TBODY[1]/TR[6]/TD[9]/A[1], width=0, height=0}, CandidateElementPosition{top=0, left=0, xpath=//TABLE[@id = 'maintable']/TBODY[1]/TR[7]/TD[7]/A[1], width=0, height=0}, CandidateElementPosition{top=0, left=0, xpath=//TABLE[@id = 'maintable']/TBODY[1]/TR[7]/TD[8]/A[1], width=0, height=0}, CandidateElementPosition{top=0, left=0, xpath=//TABLE[@id = 'maintable']/TBODY[1]/TR[7]/TD[9]/A[1], width=0, height=0}, CandidateElementPosition{top=0, left=0, xpath=//TABLE[@id = 'maintable']/TBODY[1]/TR[8]/TD[7]/A[1], width=0, height=0}, CandidateElementPosition{top=0, left=0, xpath=//TABLE[@id = 'maintable']/TBODY[1]/TR[8]/TD[8]/A[1], width=0, height=0}, CandidateElementPosition{top=0, left=0, xpath=//TABLE[@id = 'maintable']/TBODY[1]/TR[8]/TD[9]/A[1], width=0, height=0}, CandidateElementPosition{top=0, left=0, xpath=//TABLE[@id = 'maintable']/TBODY[1]/TR[9]/TD[7]/A[1], width=0, height=0}, CandidateElementPosition{top=0, left=0, xpath=//TABLE[@id = 'maintable']/TBODY[1]/TR[9]/TD[8]/A[1], width=0, height=0}, CandidateElementPosition{top=0, left=0, xpath=//TABLE[@id = 'maintable']/TBODY[1]/TR[9]/TD[9]/A[1], width=0, height=0}, CandidateElementPosition{top=0, left=0, xpath=//TABLE[@id = 'maintable']/TBODY[1]/TR[10]/TD[7]/A[1], width=0, height=0}, CandidateElementPosition{top=0, left=0, xpath=//TABLE[@id = 'maintable']/TBODY[1]/TR[10]/TD[8]/A[1], width=0, height=0}, CandidateElementPosition{top=0, left=0, xpath=//TABLE[@id = 'maintable']/TBODY[1]/TR[10]/TD[9]/A[1], width=0, height=0}, CandidateElementPosition{top=0, left=0, xpath=//TABLE[@id = 'maintable']/TBODY[1]/TR[11]/TD[7]/A[1], width=0, height=0}, CandidateElementPosition{top=0, left=0, xpath=//TABLE[@id = 'maintable']/TBODY[1]/TR[11]/TD[8]/A[1], width=0, height=0}, CandidateElementPosition{top=0, left=0, xpath=//TABLE[@id = 'maintable']/TBODY[1]/TR[11]/TD[9]/A[1], width=0, height=0}, CandidateElementPosition{top=0, left=0, xpath=//TABLE[@id = 'maintable']/TBODY[1]/TR[12]/TD[7]/A[1], width=0, height=0}, CandidateElementPosition{top=0, left=0, xpath=//TABLE[@id = 'maintable']/TBODY[1]/TR[12]/TD[8]/A[1], width=0, height=0}, CandidateElementPosition{top=0, left=0, xpath=//TABLE[@id = 'maintable']/TBODY[1]/TR[12]/TD[9]/A[1], width=0, height=0}, CandidateElementPosition{top=0, left=0, xpath=//TABLE[@id = 'maintable']/TBODY[1]/TR[13]/TD[7]/A[1], width=0, height=0}, CandidateElementPosition{top=0, left=0, xpath=//TABLE[@id = 'maintable']/TBODY[1]/TR[13]/TD[8]/A[1], width=0, height=0}, CandidateElementPosition{top=0, left=0, xpath=//TABLE[@id = 'maintable']/TBODY[1]/TR[13]/TD[9]/A[1], width=0, height=0}, CandidateElementPosition{top=0, left=0, xpath=//TABLE[@id = 'maintable']/TBODY[1]/TR[14]/TD[7]/A[1], width=0, height=0}, CandidateElementPosition{top=0, left=0, xpath=//TABLE[@id = 'maintable']/TBODY[1]/TR[14]/TD[8]/A[1], width=0, height=0}, CandidateElementPosition{top=0, left=0, xpath=//TABLE[@id = 'maintable']/TBODY[1]/TR[14]/TD[9]/A[1], width=0, height=0}, CandidateElementPosition{top=0, left=0, xpath=//TABLE[@id = 'maintable']/TBODY[1]/TR[15]/TD[7]/A[1], width=0, height=0}, CandidateElementPosition{top=0, left=0, xpath=//TABLE[@id = 'maintable']/TBODY[1]/TR[15]/TD[8]/A[1], width=0, height=0}, CandidateElementPosition{top=0, left=0, xpath=//TABLE[@id = 'maintable']/TBODY[1]/TR[15]/TD[9]/A[1], width=0, height=0}, CandidateElementPosition{top=0, left=0, xpath=//TABLE[@id = 'maintable']/TBODY[1]/TR[16]/TD[7]/A[1], width=0, height=0}, CandidateElementPosition{top=0, left=0, xpath=//TABLE[@id = 'maintable']/TBODY[1]/TR[16]/TD[8]/A[1], width=0, height=0}, CandidateElementPosition{top=0, left=0, xpath=//TABLE[@id = 'maintable']/TBODY[1]/TR[16]/TD[9]/A[1], width=0, height=0}, CandidateElementPosition{top=409, left=957, xpath=//DIV[@id = 'footer']/UL[1]/LI[1]/A[2], width=33, height=14}, CandidateElementPosition{top=347, left=236, xpath=//DIV[@id = 'content']/FORM[2]/DIV[4]/INPUT[1], width=70, height=21}, CandidateElementPosition{top=347, left=889, xpath=//DIV[@id = 'content']/FORM[2]/DIV[1]/INPUT[1], width=100, height=21}, CandidateElementPosition{top=347, left=821, xpath=//DIV[@id = 'content']/FORM[2]/DIV[2]/INPUT[1], width=68, height=21}], fanIn=5, fanOut=6, failedEvents=[], hasNearDuplicate=false, nearestState=state453, distToNearestState=0.0017985611510791368, timeAdded=1764143486259}, state246=State{name=state246, id=246, url=http://localhost:3000/addressbook825/index.php, candidateElements=[CandidateElementPosition{top=5, left=892, xpath=//DIV[@id = 'top']/FORM[1]/A[1], width=50, height=14}, CandidateElementPosition{top=0, left=0, xpath=//DIV[@id = 'header']/H1[1]/A[1], width=0, height=0}, CandidateElementPosition{top=89, left=650, xpath=//DIV[@id = 'header']/A[1], width=340, height=14}, CandidateElementPosition{top=105, left=513, xpath=//DIV[@id = 'nav']/UL[1]/LI[1]/A[1], width=44, height=14}, CandidateElementPosition{top=105, left=560, xpath=//DIV[@id = 'nav']/UL[1]/LI[2]/A[1], width=68, height=14}, CandidateElementPosition{top=105, left=632, xpath=//DIV[@id = 'nav']/UL[1]/LI[3]/A[1], width=60, height=14}, CandidateElementPosition{top=105, left=695, xpath=//DIV[@id = 'nav']/UL[1]/LI[4]/A[1], width=114, height=14}, CandidateElementPosition{top=105, left=813, xpath=//DIV[@id = 'nav']/UL[1]/LI[5]/A[1], width=72, height=14}, CandidateElementPosition{top=105, left=888, xpath=//DIV[@id = 'nav']/UL[1]/LI[6]/A[1], width=101, height=14}, CandidateElementPosition{top=291, left=908, xpath=//TABLE[@id = 'maintable']/TBODY[1]/TR[1]/TH[2]/A[1], width=43, height=14}, CandidateElementPosition{top=291, left=772, xpath=//TABLE[@id = 'maintable']/TBODY[1]/TR[1]/TH[3]/A[1], width=72, height=14}, CandidateElementPosition{top=291, left=627, xpath=//TABLE[@id = 'maintable']/TBODY[1]/TR[1]/TH[4]/A[1], width=59, height=14}, CandidateElementPosition{top=291, left=478, xpath=//TABLE[@id = 'maintable']/TBODY[1]/TR[1]/TH[5]/A[1], width=76, height=14}, CandidateElementPosition{top=291, left=343, xpath=//TABLE[@id = 'maintable']/TBODY[1]/TR[1]/TH[6]/A[1], width=80, height=14}, CandidateElementPosition{top=341, left=309, xpath=//TABLE[@id = 'maintable']/TBODY[1]/TR[2]/TD[7]/A[1], width=16, height=14}, CandidateElementPosition{top=341, left=286, xpath=//TABLE[@id = 'maintable']/TBODY[1]/TR[2]/TD[8]/A[1], width=16, height=14}, CandidateElementPosition{top=341, left=262, xpath=//TABLE[@id = 'maintable']/TBODY[1]/TR[2]/TD[9]/A[1], width=16, height=14}, CandidateElementPosition{top=402, left=309, xpath=//TABLE[@id = 'maintable']/TBODY[1]/TR[3]/TD[7]/A[1], width=16, height=14}, CandidateElementPosition{top=402, left=286, xpath=//TABLE[@id = 'maintable']/TBODY[1]/TR[3]/TD[8]/A[1], width=16, height=14}, CandidateElementPosition{top=402, left=262, xpath=//TABLE[@id = 'maintable']/TBODY[1]/TR[3]/TD[9]/A[1], width=16, height=14}, CandidateElementPosition{top=463, left=309, xpath=//TABLE[@id = 'maintable']/TBODY[1]/TR[4]/TD[7]/A[1], width=16, height=14}, CandidateElementPosition{top=463, left=286, xpath=//TABLE[@id = 'maintable']/TBODY[1]/TR[4]/TD[8]/A[1], width=16, height=14}, CandidateElementPosition{top=463, left=262, xpath=//TABLE[@id = 'maintable']/TBODY[1]/TR[4]/TD[9]/A[1], width=16, height=14}, CandidateElementPosition{top=524, left=309, xpath=//TABLE[@id = 'maintable']/TBODY[1]/TR[5]/TD[7]/A[1], width=16, height=14}, CandidateElementPosition{top=524, left=286, xpath=//TABLE[@id = 'maintable']/TBODY[1]/TR[5]/TD[8]/A[1], width=16, height=14}, CandidateElementPosition{top=524, left=262, xpath=//TABLE[@id = 'maintable']/TBODY[1]/TR[5]/TD[9]/A[1], width=16, height=14}, CandidateElementPosition{top=585, left=309, xpath=//TABLE[@id = 'maintable']/TBODY[1]/TR[6]/TD[7]/A[1], width=16, height=14}, CandidateElementPosition{top=585, left=286, xpath=//TABLE[@id = 'maintable']/TBODY[1]/TR[6]/TD[8]/A[1], width=16, height=14}, CandidateElementPosition{top=585, left=262, xpath=//TABLE[@id = 'maintable']/TBODY[1]/TR[6]/TD[9]/A[1], width=16, height=14}, CandidateElementPosition{top=646, left=309, xpath=//TABLE[@id = 'maintable']/TBODY[1]/TR[7]/TD[7]/A[1], width=16, height=14}, CandidateElementPosition{top=646, left=286, xpath=//TABLE[@id = 'maintable']/TBODY[1]/TR[7]/TD[8]/A[1], width=16, height=14}, CandidateElementPosition{top=646, left=262, xpath=//TABLE[@id = 'maintable']/TBODY[1]/TR[7]/TD[9]/A[1], width=16, height=14}, CandidateElementPosition{top=775, left=957, xpath=//DIV[@id = 'footer']/UL[1]/LI[1]/A[2], width=33, height=14}, CandidateElementPosition{top=713, left=236, xpath=//DIV[@id = 'content']/FORM[2]/DIV[4]/INPUT[1], width=70, height=21}, CandidateElementPosition{top=713, left=889, xpath=//DIV[@id = 'content']/FORM[2]/DIV[1]/INPUT[1], width=100, height=21}, CandidateElementPosition{top=713, left=821, xpath=//DIV[@id = 'content']/FORM[2]/DIV[2]/INPUT[1], width=68, height=21}], fanIn=6, fanOut=10, failedEvents=[], hasNearDuplicate=false, nearestState=state244, distToNearestState=0.11231884057971014, timeAdded=1764142429499}, state367=State{name=state367, id=367, url=http://localhost:3000/addressbook825/index.php?group=%5Bnone%5D, candidateElements=[CandidateElementPosition{top=5, left=892, xpath=//DIV[@id = 'top']/FORM[1]/A[1], width=50, height=14}, CandidateElementPosition{top=0, left=0, xpath=//DIV[@id = 'header']/H1[1]/A[1], width=0, height=0}, CandidateElementPosition{top=89, left=650, xpath=//DIV[@id = 'header']/A[1], width=340, height=14}, CandidateElementPosition{top=105, left=513, xpath=//DIV[@id = 'nav']/UL[1]/LI[1]/A[1], width=44, height=14}, CandidateElementPosition{top=105, left=560, xpath=//DIV[@id = 'nav']/UL[1]/LI[2]/A[1], width=68, height=14}, CandidateElementPosition{top=105, left=632, xpath=//DIV[@id = 'nav']/UL[1]/LI[3]/A[1], width=60, height=14}, CandidateElementPosition{top=105, left=695, xpath=//DIV[@id = 'nav']/UL[1]/LI[4]/A[1], width=114, height=14}, CandidateElementPosition{top=105, left=813, xpath=//DIV[@id = 'nav']/UL[1]/LI[5]/A[1], width=72, height=14}, CandidateElementPosition{top=105, left=888, xpath=//DIV[@id = 'nav']/UL[1]/LI[6]/A[1], width=101, height=14}, CandidateElementPosition{top=291, left=907, xpath=//TABLE[@id = 'maintable']/TBODY[1]/TR[1]/TH[2]/A[1], width=43, height=14}, CandidateElementPosition{top=291, left=773, xpath=//TABLE[@id = 'maintable']/TBODY[1]/TR[1]/TH[3]/A[1], width=72, height=14}, CandidateElementPosition{top=291, left=648, xpath=//TABLE[@id = 'maintable']/TBODY[1]/TR[1]/TH[4]/A[1], width=59, height=14}, CandidateElementPosition{top=291, left=501, xpath=//TABLE[@id = 'maintable']/TBODY[1]/TR[1]/TH[5]/A[1], width=75, height=14}, CandidateElementPosition{top=291, left=330, xpath=//TABLE[@id = 'maintable']/TBODY[1]/TR[1]/TH[6]/A[1], width=81, height=14}, CandidateElementPosition{top=0, left=0, xpath=//TABLE[@id = 'maintable']/TBODY[1]/TR[2]/TD[7]/A[1], width=0, height=0}, CandidateElementPosition{top=0, left=0, xpath=//TABLE[@id = 'maintable']/TBODY[1]/TR[2]/TD[8]/A[1], width=0, height=0}, CandidateElementPosition{top=0, left=0, xpath=//TABLE[@id = 'maintable']/TBODY[1]/TR[2]/TD[9]/A[1], width=0, height=0}, CandidateElementPosition{top=0, left=0, xpath=//TABLE[@id = 'maintable']/TBODY[1]/TR[3]/TD[7]/A[1], width=0, height=0}, CandidateElementPosition{top=0, left=0, xpath=//TABLE[@id = 'maintable']/TBODY[1]/TR[3]/TD[8]/A[1], width=0, height=0}, CandidateElementPosition{top=0, left=0, xpath=//TABLE[@id = 'maintable']/TBODY[1]/TR[3]/TD[9]/A[1], width=0, height=0}, CandidateElementPosition{top=0, left=0, xpath=//TABLE[@id = 'maintable']/TBODY[1]/TR[4]/TD[7]/A[1], width=0, height=0}, CandidateElementPosition{top=0, left=0, xpath=//TABLE[@id = 'maintable']/TBODY[1]/TR[4]/TD[8]/A[1], width=0, height=0}, CandidateElementPosition{top=0, left=0, xpath=//TABLE[@id = 'maintable']/TBODY[1]/TR[4]/TD[9]/A[1], width=0, height=0}, CandidateElementPosition{top=0, left=0, xpath=//TABLE[@id = 'maintable']/TBODY[1]/TR[5]/TD[7]/A[1], width=0, height=0}, CandidateElementPosition{top=0, left=0, xpath=//TABLE[@id = 'maintable']/TBODY[1]/TR[5]/TD[8]/A[1], width=0, height=0}, CandidateElementPosition{top=0, left=0, xpath=//TABLE[@id = 'maintable']/TBODY[1]/TR[5]/TD[9]/A[1], width=0, height=0}, CandidateElementPosition{top=0, left=0, xpath=//TABLE[@id = 'maintable']/TBODY[1]/TR[6]/TD[7]/A[1], width=0, height=0}, CandidateElementPosition{top=0, left=0, xpath=//TABLE[@id = 'maintable']/TBODY[1]/TR[6]/TD[8]/A[1], width=0, height=0}, CandidateElementPosition{top=0, left=0, xpath=//TABLE[@id = 'maintable']/TBODY[1]/TR[6]/TD[9]/A[1], width=0, height=0}, CandidateElementPosition{top=0, left=0, xpath=//TABLE[@id = 'maintable']/TBODY[1]/TR[7]/TD[7]/A[1], width=0, height=0}, CandidateElementPosition{top=0, left=0, xpath=//TABLE[@id = 'maintable']/TBODY[1]/TR[7]/TD[8]/A[1], width=0, height=0}, CandidateElementPosition{top=0, left=0, xpath=//TABLE[@id = 'maintable']/TBODY[1]/TR[7]/TD[9]/A[1], width=0, height=0}, CandidateElementPosition{top=0, left=0, xpath=//TABLE[@id = 'maintable']/TBODY[1]/TR[8]/TD[7]/A[1], width=0, height=0}, CandidateElementPosition{top=0, left=0, xpath=//TABLE[@id = 'maintable']/TBODY[1]/TR[8]/TD[8]/A[1], width=0, height=0}, CandidateElementPosition{top=0, left=0, xpath=//TABLE[@id = 'maintable']/TBODY[1]/TR[8]/TD[9]/A[1], width=0, height=0}, CandidateElementPosition{top=0, left=0, xpath=//TABLE[@id = 'maintable']/TBODY[1]/TR[9]/TD[7]/A[1], width=0, height=0}, CandidateElementPosition{top=0, left=0, xpath=//TABLE[@id = 'maintable']/TBODY[1]/TR[9]/TD[8]/A[1], width=0, height=0}, CandidateElementPosition{top=0, left=0, xpath=//TABLE[@id = 'maintable']/TBODY[1]/TR[9]/TD[9]/A[1], width=0, height=0}, CandidateElementPosition{top=0, left=0, xpath=//TABLE[@id = 'maintable']/TBODY[1]/TR[10]/TD[7]/A[1], width=0, height=0}, CandidateElementPosition{top=0, left=0, xpath=//TABLE[@id = 'maintable']/TBODY[1]/TR[10]/TD[8]/A[1], width=0, height=0}, CandidateElementPosition{top=0, left=0, xpath=//TABLE[@id = 'maintable']/TBODY[1]/TR[10]/TD[9]/A[1], width=0, height=0}, CandidateElementPosition{top=0, left=0, xpath=//TABLE[@id = 'maintable']/TBODY[1]/TR[11]/TD[7]/A[1], width=0, height=0}, CandidateElementPosition{top=0, left=0, xpath=//TABLE[@id = 'maintable']/TBODY[1]/TR[11]/TD[8]/A[1], width=0, height=0}, CandidateElementPosition{top=0, left=0, xpath=//TABLE[@id = 'maintable']/TBODY[1]/TR[11]/TD[9]/A[1], width=0, height=0}, CandidateElementPosition{top=0, left=0, xpath=//TABLE[@id = 'maintable']/TBODY[1]/TR[12]/TD[7]/A[1], width=0, height=0}, CandidateElementPosition{top=0, left=0, xpath=//TABLE[@id = 'maintable']/TBODY[1]/TR[12]/TD[8]/A[1], width=0, height=0}, CandidateElementPosition{top=0, left=0, xpath=//TABLE[@id = 'maintable']/TBODY[1]/TR[12]/TD[9]/A[1], width=0, height=0}, CandidateElementPosition{top=409, left=957, xpath=//DIV[@id = 'footer']/UL[1]/LI[1]/A[2], width=33, height=14}, CandidateElementPosition{top=347, left=236, xpath=//DIV[@id = 'content']/FORM[2]/DIV[4]/INPUT[1], width=70, height=21}, CandidateElementPosition{top=347, left=889, xpath=//DIV[@id = 'content']/FORM[2]/DIV[1]/INPUT[1], width=100, height=21}, CandidateElementPosition{top=347, left=821, xpath=//DIV[@id = 'content']/FORM[2]/DIV[2]/INPUT[1], width=68, height=21}], fanIn=11, fanOut=11, failedEvents=[], hasNearDuplicate=false, nearestState=state359, distToNearestState=0.0023148148148148147, timeAdded=1764142901531}, state203=State{name=state203, id=203, url=http://localhost:3000/addressbook825/index.php, candidateElements=[CandidateElementPosition{top=5, left=892, xpath=//DIV[@id = 'top']/FORM[1]/A[1], width=50, height=14}, CandidateElementPosition{top=0, left=0, xpath=//DIV[@id = 'header']/H1[1]/A[1], width=0, height=0}, CandidateElementPosition{top=89, left=650, xpath=//DIV[@id = 'header']/A[1], width=340, height=14}, CandidateElementPosition{top=105, left=513, xpath=//DIV[@id = 'nav']/UL[1]/LI[1]/A[1], width=44, height=14}, CandidateElementPosition{top=105, left=560, xpath=//DIV[@id = 'nav']/UL[1]/LI[2]/A[1], width=68, height=14}, CandidateElementPosition{top=105, left=632, xpath=//DIV[@id = 'nav']/UL[1]/LI[3]/A[1], width=60, height=14}, CandidateElementPosition{top=105, left=695, xpath=//DIV[@id = 'nav']/UL[1]/LI[4]/A[1], width=114, height=14}, CandidateElementPosition{top=105, left=813, xpath=//DIV[@id = 'nav']/UL[1]/LI[5]/A[1], width=72, height=14}, CandidateElementPosition{top=105, left=888, xpath=//DIV[@id = 'nav']/UL[1]/LI[6]/A[1], width=101, height=14}, CandidateElementPosition{top=291, left=908, xpath=//TABLE[@id = 'maintable']/TBODY[1]/TR[1]/TH[2]/A[1], width=43, height=14}, CandidateElementPosition{top=291, left=772, xpath=//TABLE[@id = 'maintable']/TBODY[1]/TR[1]/TH[3]/A[1], width=72, height=14}, CandidateElementPosition{top=291, left=627, xpath=//TABLE[@id = 'maintable']/TBODY[1]/TR[1]/TH[4]/A[1], width=59, height=14}, CandidateElementPosition{top=291, left=478, xpath=//TABLE[@id = 'maintable']/TBODY[1]/TR[1]/TH[5]/A[1], width=76, height=14}, CandidateElementPosition{top=291, left=343, xpath=//TABLE[@id = 'maintable']/TBODY[1]/TR[1]/TH[6]/A[1], width=80, height=14}, CandidateElementPosition{top=341, left=309, xpath=//TABLE[@id = 'maintable']/TBODY[1]/TR[2]/TD[7]/A[1], width=16, height=14}, CandidateElementPosition{top=341, left=286, xpath=//TABLE[@id = 'maintable']/TBODY[1]/TR[2]/TD[8]/A[1], width=16, height=14}, CandidateElementPosition{top=341, left=262, xpath=//TABLE[@id = 'maintable']/TBODY[1]/TR[2]/TD[9]/A[1], width=16, height=14}, CandidateElementPosition{top=402, left=309, xpath=//TABLE[@id = 'maintable']/TBODY[1]/TR[3]/TD[7]/A[1], width=16, height=14}, CandidateElementPosition{top=402, left=286, xpath=//TABLE[@id = 'maintable']/TBODY[1]/TR[3]/TD[8]/A[1], width=16, height=14}, CandidateElementPosition{top=402, left=262, xpath=//TABLE[@id = 'maintable']/TBODY[1]/TR[3]/TD[9]/A[1], width=16, height=14}, CandidateElementPosition{top=463, left=309, xpath=//TABLE[@id = 'maintable']/TBODY[1]/TR[4]/TD[7]/A[1], width=16, height=14}, CandidateElementPosition{top=463, left=286, xpath=//TABLE[@id = 'maintable']/TBODY[1]/TR[4]/TD[8]/A[1], width=16, height=14}, CandidateElementPosition{top=463, left=262, xpath=//TABLE[@id = 'maintable']/TBODY[1]/TR[4]/TD[9]/A[1], width=16, height=14}, CandidateElementPosition{top=592, left=957, xpath=//DIV[@id = 'footer']/UL[1]/LI[1]/A[2], width=33, height=14}, CandidateElementPosition{top=530, left=236, xpath=//DIV[@id = 'content']/FORM[2]/DIV[4]/INPUT[1], width=70, height=21}, CandidateElementPosition{top=530, left=889, xpath=//DIV[@id = 'content']/FORM[2]/DIV[1]/INPUT[1], width=100, height=21}, CandidateElementPosition{top=530, left=821, xpath=//DIV[@id = 'content']/FORM[2]/DIV[2]/INPUT[1], width=68, height=21}], fanIn=1, fanOut=6, failedEvents=[], hasNearDuplicate=false, nearestState=state160, distToNearestState=0.16939890710382513, timeAdded=1764142285559}, state445=State{name=state445, id=445, url=http://localhost:3000/addressbook825/view.php?all&print, candidateElements=[CandidateElementPosition{top=1944, left=1150, xpath=//DIV[@id = 'footer']/UL[1]/LI[1]/A[2], width=33, height=14}], fanIn=1, fanOut=1, failedEvents=[], hasNearDuplicate=false, nearestState=state393, distToNearestState=0.15367483296213807, timeAdded=1764143247560}, state206=State{name=state206, id=206, url=http://localhost:3000/addressbook825/view.php?id=2, candidateElements=[CandidateElementPosition{top=5, left=892, xpath=//DIV[@id = 'top']/FORM[1]/A[1], width=50, height=14}, CandidateElementPosition{top=0, left=0, xpath=//DIV[@id = 'header']/H1[1]/A[1], width=0, height=0}, CandidateElementPosition{top=89, left=650, xpath=//DIV[@id = 'header']/A[1], width=340, height=14}, CandidateElementPosition{top=105, left=513, xpath=//DIV[@id = 'nav']/UL[1]/LI[1]/A[1], width=44, height=14}, CandidateElementPosition{top=105, left=560, xpath=//DIV[@id = 'nav']/UL[1]/LI[2]/A[1], width=68, height=14}, CandidateElementPosition{top=105, left=632, xpath=//DIV[@id = 'nav']/UL[1]/LI[3]/A[1], width=60, height=14}, CandidateElementPosition{top=105, left=695, xpath=//DIV[@id = 'nav']/UL[1]/LI[4]/A[1], width=114, height=14}, CandidateElementPosition{top=105, left=813, xpath=//DIV[@id = 'nav']/UL[1]/LI[5]/A[1], width=72, height=14}, CandidateElementPosition{top=105, left=888, xpath=//DIV[@id = 'nav']/UL[1]/LI[6]/A[1], width=101, height=14}, CandidateElementPosition{top=638, left=957, xpath=//DIV[@id = 'footer']/UL[1]/LI[1]/A[2], width=33, height=14}, CandidateElementPosition{top=548, left=922, xpath=//DIV[@id = 'content']/FORM[1]/INPUT[2], width=68, height=21}, CandidateElementPosition{top=569, left=934, xpath=//DIV[@id = 'content']/FORM[2]/INPUT[2], width=56, height=21}], fanIn=5, fanOut=10, failedEvents=[], hasNearDuplicate=false, nearestState=state146, distToNearestState=0.4605263157894737, timeAdded=1764142293193}, state249=State{name=state249, id=249, url=http://localhost:3000/addressbook825/edit.php?id=2, candidateElements=[CandidateElementPosition{top=5, left=885, xpath=//DIV[@id = 'top']/FORM[1]/A[1], width=51, height=14}, CandidateElementPosition{top=296, left=0, xpath=//DIV[@id = 'header']/H1[1]/A[1], width=0, height=0}, CandidateElementPosition{top=89, left=642, xpath=//DIV[@id = 'header']/A[1], width=340, height=14}, CandidateElementPosition{top=105, left=506, xpath=//DIV[@id = 'nav']/UL[1]/LI[1]/A[1], width=44, height=14}, CandidateElementPosition{top=105, left=553, xpath=//DIV[@id = 'nav']/UL[1]/LI[2]/A[1], width=68, height=14}, CandidateElementPosition{top=105, left=624, xpath=//DIV[@id = 'nav']/UL[1]/LI[3]/A[1], width=60, height=14}, CandidateElementPosition{top=105, left=688, xpath=//DIV[@id = 'nav']/UL[1]/LI[4]/A[1], width=114, height=14}, CandidateElementPosition{top=105, left=805, xpath=//DIV[@id = 'nav']/UL[1]/LI[5]/A[1], width=72, height=14}, CandidateElementPosition{top=105, left=881, xpath=//DIV[@id = 'nav']/UL[1]/LI[6]/A[1], width=102, height=14}, CandidateElementPosition{top=1152, left=949, xpath=//DIV[@id = 'footer']/UL[1]/LI[1]/A[2], width=33, height=14}, CandidateElementPosition{top=215, left=913, xpath=//DIV[@id = 'content']/FORM[1]/INPUT[1], width=69, height=21}, CandidateElementPosition{top=1062, left=913, xpath=//DIV[@id = 'content']/FORM[1]/INPUT[22], width=69, height=21}, CandidateElementPosition{top=1083, left=914, xpath=//DIV[@id = 'content']/FORM[2]/INPUT[2], width=68, height=21}], fanIn=5, fanOut=9, failedEvents=[], hasNearDuplicate=false, nearestState=state21, distToNearestState=0.06363636363636363, timeAdded=1764142438675}, state447=State{name=state447, id=447, url=http://localhost:3000/addressbook825/index.php, candidateElements=[CandidateElementPosition{top=5, left=885, xpath=//DIV[@id = 'top']/FORM[1]/A[1], width=51, height=14}, CandidateElementPosition{top=346, left=0, xpath=//DIV[@id = 'header']/H1[1]/A[1], width=0, height=0}, CandidateElementPosition{top=89, left=642, xpath=//DIV[@id = 'header']/A[1], width=340, height=14}, CandidateElementPosition{top=105, left=506, xpath=//DIV[@id = 'nav']/UL[1]/LI[1]/A[1], width=44, height=14}, CandidateElementPosition{top=105, left=553, xpath=//DIV[@id = 'nav']/UL[1]/LI[2]/A[1], width=68, height=14}, CandidateElementPosition{top=105, left=624, xpath=//DIV[@id = 'nav']/UL[1]/LI[3]/A[1], width=60, height=14}, CandidateElementPosition{top=105, left=688, xpath=//DIV[@id = 'nav']/UL[1]/LI[4]/A[1], width=114, height=14}, CandidateElementPosition{top=105, left=805, xpath=//DIV[@id = 'nav']/UL[1]/LI[5]/A[1], width=72, height=14}, CandidateElementPosition{top=105, left=881, xpath=//DIV[@id = 'nav']/UL[1]/LI[6]/A[1], width=102, height=14}, CandidateElementPosition{top=291, left=900, xpath=//TABLE[@id = 'maintable']/TBODY[1]/TR[1]/TH[2]/A[1], width=43, height=14}, CandidateElementPosition{top=291, left=765, xpath=//TABLE[@id = 'maintable']/TBODY[1]/TR[1]/TH[3]/A[1], width=72, height=14}, CandidateElementPosition{top=291, left=619, xpath=//TABLE[@id = 'maintable']/TBODY[1]/TR[1]/TH[4]/A[1], width=59, height=14}, CandidateElementPosition{top=291, left=470, xpath=//TABLE[@id = 'maintable']/TBODY[1]/TR[1]/TH[5]/A[1], width=76, height=14}, CandidateElementPosition{top=291, left=336, xpath=//TABLE[@id = 'maintable']/TBODY[1]/TR[1]/TH[6]/A[1], width=80, height=14}, CandidateElementPosition{top=341, left=301, xpath=//TABLE[@id = 'maintable']/TBODY[1]/TR[2]/TD[7]/A[1], width=16, height=14}, CandidateElementPosition{top=341, left=278, xpath=//TABLE[@id = 'maintable']/TBODY[1]/TR[2]/TD[8]/A[1], width=16, height=14}, CandidateElementPosition{top=341, left=255, xpath=//TABLE[@id = 'maintable']/TBODY[1]/TR[2]/TD[9]/A[1], width=16, height=14}, CandidateElementPosition{top=402, left=301, xpath=//TABLE[@id = 'maintable']/TBODY[1]/TR[3]/TD[7]/A[1], width=16, height=14}, CandidateElementPosition{top=402, left=278, xpath=//TABLE[@id = 'maintable']/TBODY[1]/TR[3]/TD[8]/A[1], width=16, height=14}, CandidateElementPosition{top=402, left=255, xpath=//TABLE[@id = 'maintable']/TBODY[1]/TR[3]/TD[9]/A[1], width=16, height=14}, CandidateElementPosition{top=463, left=301, xpath=//TABLE[@id = 'maintable']/TBODY[1]/TR[4]/TD[7]/A[1], width=16, height=14}, CandidateElementPosition{top=463, left=278, xpath=//TABLE[@id = 'maintable']/TBODY[1]/TR[4]/TD[8]/A[1], width=16, height=14}, CandidateElementPosition{top=463, left=255, xpath=//TABLE[@id = 'maintable']/TBODY[1]/TR[4]/TD[9]/A[1], width=16, height=14}, CandidateElementPosition{top=524, left=301, xpath=//TABLE[@id = 'maintable']/TBODY[1]/TR[5]/TD[7]/A[1], width=16, height=14}, CandidateElementPosition{top=524, left=278, xpath=//TABLE[@id = 'maintable']/TBODY[1]/TR[5]/TD[8]/A[1], width=16, height=14}, CandidateElementPosition{top=524, left=255, xpath=//TABLE[@id = 'maintable']/TBODY[1]/TR[5]/TD[9]/A[1], width=16, height=14}, CandidateElementPosition{top=585, left=301, xpath=//TABLE[@id = 'maintable']/TBODY[1]/TR[6]/TD[7]/A[1], width=16, height=14}, CandidateElementPosition{top=585, left=278, xpath=//TABLE[@id = 'maintable']/TBODY[1]/TR[6]/TD[8]/A[1], width=16, height=14}, CandidateElementPosition{top=585, left=255, xpath=//TABLE[@id = 'maintable']/TBODY[1]/TR[6]/TD[9]/A[1], width=16, height=14}, CandidateElementPosition{top=646, left=301, xpath=//TABLE[@id = 'maintable']/TBODY[1]/TR[7]/TD[7]/A[1], width=16, height=14}, CandidateElementPosition{top=646, left=278, xpath=//TABLE[@id = 'maintable']/TBODY[1]/TR[7]/TD[8]/A[1], width=16, height=14}, CandidateElementPosition{top=646, left=255, xpath=//TABLE[@id = 'maintable']/TBODY[1]/TR[7]/TD[9]/A[1], width=16, height=14}, CandidateElementPosition{top=707, left=301, xpath=//TABLE[@id = 'maintable']/TBODY[1]/TR[8]/TD[7]/A[1], width=16, height=14}, CandidateElementPosition{top=707, left=278, xpath=//TABLE[@id = 'maintable']/TBODY[1]/TR[8]/TD[8]/A[1], width=16, height=14}, CandidateElementPosition{top=707, left=255, xpath=//TABLE[@id = 'maintable']/TBODY[1]/TR[8]/TD[9]/A[1], width=16, height=14}, CandidateElementPosition{top=768, left=301, xpath=//TABLE[@id = 'maintable']/TBODY[1]/TR[9]/TD[7]/A[1], width=16, height=14}, CandidateElementPosition{top=768, left=278, xpath=//TABLE[@id = 'maintable']/TBODY[1]/TR[9]/TD[8]/A[1], width=16, height=14}, CandidateElementPosition{top=768, left=255, xpath=//TABLE[@id = 'maintable']/TBODY[1]/TR[9]/TD[9]/A[1], width=16, height=14}, CandidateElementPosition{top=829, left=301, xpath=//TABLE[@id = 'maintable']/TBODY[1]/TR[10]/TD[7]/A[1], width=16, height=14}, CandidateElementPosition{top=829, left=278, xpath=//TABLE[@id = 'maintable']/TBODY[1]/TR[10]/TD[8]/A[1], width=16, height=14}, CandidateElementPosition{top=829, left=255, xpath=//TABLE[@id = 'maintable']/TBODY[1]/TR[10]/TD[9]/A[1], width=16, height=14}, CandidateElementPosition{top=890, left=301, xpath=//TABLE[@id = 'maintable']/TBODY[1]/TR[11]/TD[7]/A[1], width=16, height=14}, CandidateElementPosition{top=890, left=278, xpath=//TABLE[@id = 'maintable']/TBODY[1]/TR[11]/TD[8]/A[1], width=16, height=14}, CandidateElementPosition{top=890, left=255, xpath=//TABLE[@id = 'maintable']/TBODY[1]/TR[11]/TD[9]/A[1], width=16, height=14}, CandidateElementPosition{top=951, left=301, xpath=//TABLE[@id = 'maintable']/TBODY[1]/TR[12]/TD[7]/A[1], width=16, height=14}, CandidateElementPosition{top=951, left=278, xpath=//TABLE[@id = 'maintable']/TBODY[1]/TR[12]/TD[8]/A[1], width=16, height=14}, CandidateElementPosition{top=951, left=255, xpath=//TABLE[@id = 'maintable']/TBODY[1]/TR[12]/TD[9]/A[1], width=16, height=14}, CandidateElementPosition{top=1012, left=301, xpath=//TABLE[@id = 'maintable']/TBODY[1]/TR[13]/TD[7]/A[1], width=16, height=14}, CandidateElementPosition{top=1012, left=278, xpath=//TABLE[@id = 'maintable']/TBODY[1]/TR[13]/TD[8]/A[1], width=16, height=14}, CandidateElementPosition{top=1012, left=255, xpath=//TABLE[@id = 'maintable']/TBODY[1]/TR[13]/TD[9]/A[1], width=16, height=14}, CandidateElementPosition{top=1073, left=301, xpath=//TABLE[@id = 'maintable']/TBODY[1]/TR[14]/TD[7]/A[1], width=16, height=14}, CandidateElementPosition{top=1073, left=278, xpath=//TABLE[@id = 'maintable']/TBODY[1]/TR[14]/TD[8]/A[1], width=16, height=14}, CandidateElementPosition{top=1073, left=255, xpath=//TABLE[@id = 'maintable']/TBODY[1]/TR[14]/TD[9]/A[1], width=16, height=14}, CandidateElementPosition{top=1202, left=949, xpath=//DIV[@id = 'footer']/UL[1]/LI[1]/A[2], width=33, height=14}, CandidateElementPosition{top=1140, left=228, xpath=//DIV[@id = 'content']/FORM[2]/DIV[4]/INPUT[1], width=70, height=21}, CandidateElementPosition{top=1140, left=882, xpath=//DIV[@id = 'content']/FORM[2]/DIV[1]/INPUT[1], width=100, height=21}, CandidateElementPosition{top=1140, left=814, xpath=//DIV[@id = 'content']/FORM[2]/DIV[2]/INPUT[1], width=68, height=21}], fanIn=0, fanOut=1, failedEvents=[], hasNearDuplicate=false, nearestState=state426, distToNearestState=0.06288032454361055, timeAdded=1764143253884}, state449=State{name=state449, id=449, url=http://localhost:3000/addressbook825/index.php, candidateElements=[CandidateElementPosition{top=5, left=885, xpath=//DIV[@id = 'top']/FORM[1]/A[1], width=51, height=14}, CandidateElementPosition{top=407, left=0, xpath=//DIV[@id = 'header']/H1[1]/A[1], width=0, height=0}, CandidateElementPosition{top=89, left=642, xpath=//DIV[@id = 'header']/A[1], width=340, height=14}, CandidateElementPosition{top=105, left=506, xpath=//DIV[@id = 'nav']/UL[1]/LI[1]/A[1], width=44, height=14}, CandidateElementPosition{top=105, left=553, xpath=//DIV[@id = 'nav']/UL[1]/LI[2]/A[1], width=68, height=14}, CandidateElementPosition{top=105, left=624, xpath=//DIV[@id = 'nav']/UL[1]/LI[3]/A[1], width=60, height=14}, CandidateElementPosition{top=105, left=688, xpath=//DIV[@id = 'nav']/UL[1]/LI[4]/A[1], width=114, height=14}, CandidateElementPosition{top=105, left=805, xpath=//DIV[@id = 'nav']/UL[1]/LI[5]/A[1], width=72, height=14}, CandidateElementPosition{top=105, left=881, xpath=//DIV[@id = 'nav']/UL[1]/LI[6]/A[1], width=102, height=14}, CandidateElementPosition{top=291, left=900, xpath=//TABLE[@id = 'maintable']/TBODY[1]/TR[1]/TH[2]/A[1], width=43, height=14}, CandidateElementPosition{top=291, left=765, xpath=//TABLE[@id = 'maintable']/TBODY[1]/TR[1]/TH[3]/A[1], width=72, height=14}, CandidateElementPosition{top=291, left=619, xpath=//TABLE[@id = 'maintable']/TBODY[1]/TR[1]/TH[4]/A[1], width=59, height=14}, CandidateElementPosition{top=291, left=470, xpath=//TABLE[@id = 'maintable']/TBODY[1]/TR[1]/TH[5]/A[1], width=76, height=14}, CandidateElementPosition{top=291, left=336, xpath=//TABLE[@id = 'maintable']/TBODY[1]/TR[1]/TH[6]/A[1], width=80, height=14}, CandidateElementPosition{top=341, left=301, xpath=//TABLE[@id = 'maintable']/TBODY[1]/TR[2]/TD[7]/A[1], width=16, height=14}, CandidateElementPosition{top=341, left=278, xpath=//TABLE[@id = 'maintable']/TBODY[1]/TR[2]/TD[8]/A[1], width=16, height=14}, CandidateElementPosition{top=341, left=255, xpath=//TABLE[@id = 'maintable']/TBODY[1]/TR[2]/TD[9]/A[1], width=16, height=14}, CandidateElementPosition{top=402, left=301, xpath=//TABLE[@id = 'maintable']/TBODY[1]/TR[3]/TD[7]/A[1], width=16, height=14}, CandidateElementPosition{top=402, left=278, xpath=//TABLE[@id = 'maintable']/TBODY[1]/TR[3]/TD[8]/A[1], width=16, height=14}, CandidateElementPosition{top=402, left=255, xpath=//TABLE[@id = 'maintable']/TBODY[1]/TR[3]/TD[9]/A[1], width=16, height=14}, CandidateElementPosition{top=463, left=301, xpath=//TABLE[@id = 'maintable']/TBODY[1]/TR[4]/TD[7]/A[1], width=16, height=14}, CandidateElementPosition{top=463, left=278, xpath=//TABLE[@id = 'maintable']/TBODY[1]/TR[4]/TD[8]/A[1], width=16, height=14}, CandidateElementPosition{top=463, left=255, xpath=//TABLE[@id = 'maintable']/TBODY[1]/TR[4]/TD[9]/A[1], width=16, height=14}, CandidateElementPosition{top=524, left=301, xpath=//TABLE[@id = 'maintable']/TBODY[1]/TR[5]/TD[7]/A[1], width=16, height=14}, CandidateElementPosition{top=524, left=278, xpath=//TABLE[@id = 'maintable']/TBODY[1]/TR[5]/TD[8]/A[1], width=16, height=14}, CandidateElementPosition{top=524, left=255, xpath=//TABLE[@id = 'maintable']/TBODY[1]/TR[5]/TD[9]/A[1], width=16, height=14}, CandidateElementPosition{top=585, left=301, xpath=//TABLE[@id = 'maintable']/TBODY[1]/TR[6]/TD[7]/A[1], width=16, height=14}, CandidateElementPosition{top=585, left=278, xpath=//TABLE[@id = 'maintable']/TBODY[1]/TR[6]/TD[8]/A[1], width=16, height=14}, CandidateElementPosition{top=585, left=255, xpath=//TABLE[@id = 'maintable']/TBODY[1]/TR[6]/TD[9]/A[1], width=16, height=14}, CandidateElementPosition{top=646, left=301, xpath=//TABLE[@id = 'maintable']/TBODY[1]/TR[7]/TD[7]/A[1], width=16, height=14}, CandidateElementPosition{top=646, left=278, xpath=//TABLE[@id = 'maintable']/TBODY[1]/TR[7]/TD[8]/A[1], width=16, height=14}, CandidateElementPosition{top=646, left=255, xpath=//TABLE[@id = 'maintable']/TBODY[1]/TR[7]/TD[9]/A[1], width=16, height=14}, CandidateElementPosition{top=707, left=301, xpath=//TABLE[@id = 'maintable']/TBODY[1]/TR[8]/TD[7]/A[1], width=16, height=14}, CandidateElementPosition{top=707, left=278, xpath=//TABLE[@id = 'maintable']/TBODY[1]/TR[8]/TD[8]/A[1], width=16, height=14}, CandidateElementPosition{top=707, left=255, xpath=//TABLE[@id = 'maintable']/TBODY[1]/TR[8]/TD[9]/A[1], width=16, height=14}, CandidateElementPosition{top=768, left=301, xpath=//TABLE[@id = 'maintable']/TBODY[1]/TR[9]/TD[7]/A[1], width=16, height=14}, CandidateElementPosition{top=768, left=278, xpath=//TABLE[@id = 'maintable']/TBODY[1]/TR[9]/TD[8]/A[1], width=16, height=14}, CandidateElementPosition{top=768, left=255, xpath=//TABLE[@id = 'maintable']/TBODY[1]/TR[9]/TD[9]/A[1], width=16, height=14}, CandidateElementPosition{top=829, left=301, xpath=//TABLE[@id = 'maintable']/TBODY[1]/TR[10]/TD[7]/A[1], width=16, height=14}, CandidateElementPosition{top=829, left=278, xpath=//TABLE[@id = 'maintable']/TBODY[1]/TR[10]/TD[8]/A[1], width=16, height=14}, CandidateElementPosition{top=829, left=255, xpath=//TABLE[@id = 'maintable']/TBODY[1]/TR[10]/TD[9]/A[1], width=16, height=14}, CandidateElementPosition{top=890, left=301, xpath=//TABLE[@id = 'maintable']/TBODY[1]/TR[11]/TD[7]/A[1], width=16, height=14}, CandidateElementPosition{top=890, left=278, xpath=//TABLE[@id = 'maintable']/TBODY[1]/TR[11]/TD[8]/A[1], width=16, height=14}, CandidateElementPosition{top=890, left=255, xpath=//TABLE[@id = 'maintable']/TBODY[1]/TR[11]/TD[9]/A[1], width=16, height=14}, CandidateElementPosition{top=951, left=301, xpath=//TABLE[@id = 'maintable']/TBODY[1]/TR[12]/TD[7]/A[1], width=16, height=14}, CandidateElementPosition{top=951, left=278, xpath=//TABLE[@id = 'maintable']/TBODY[1]/TR[12]/TD[8]/A[1], width=16, height=14}, CandidateElementPosition{top=951, left=255, xpath=//TABLE[@id = 'maintable']/TBODY[1]/TR[12]/TD[9]/A[1], width=16, height=14}, CandidateElementPosition{top=1012, left=301, xpath=//TABLE[@id = 'maintable']/TBODY[1]/TR[13]/TD[7]/A[1], width=16, height=14}, CandidateElementPosition{top=1012, left=278, xpath=//TABLE[@id = 'maintable']/TBODY[1]/TR[13]/TD[8]/A[1], width=16, height=14}, CandidateElementPosition{top=1012, left=255, xpath=//TABLE[@id = 'maintable']/TBODY[1]/TR[13]/TD[9]/A[1], width=16, height=14}, CandidateElementPosition{top=1073, left=301, xpath=//TABLE[@id = 'maintable']/TBODY[1]/TR[14]/TD[7]/A[1], width=16, height=14}, CandidateElementPosition{top=1073, left=278, xpath=//TABLE[@id = 'maintable']/TBODY[1]/TR[14]/TD[8]/A[1], width=16, height=14}, CandidateElementPosition{top=1073, left=255, xpath=//TABLE[@id = 'maintable']/TBODY[1]/TR[14]/TD[9]/A[1], width=16, height=14}, CandidateElementPosition{top=1134, left=301, xpath=//TABLE[@id = 'maintable']/TBODY[1]/TR[15]/TD[7]/A[1], width=16, height=14}, CandidateElementPosition{top=1134, left=278, xpath=//TABLE[@id = 'maintable']/TBODY[1]/TR[15]/TD[8]/A[1], width=16, height=14}, CandidateElementPosition{top=1134, left=255, xpath=//TABLE[@id = 'maintable']/TBODY[1]/TR[15]/TD[9]/A[1], width=16, height=14}, CandidateElementPosition{top=1263, left=949, xpath=//DIV[@id = 'footer']/UL[1]/LI[1]/A[2], width=33, height=14}, CandidateElementPosition{top=1201, left=228, xpath=//DIV[@id = 'content']/FORM[2]/DIV[4]/INPUT[1], width=70, height=21}, CandidateElementPosition{top=1201, left=882, xpath=//DIV[@id = 'content']/FORM[2]/DIV[1]/INPUT[1], width=100, height=21}, CandidateElementPosition{top=1201, left=814, xpath=//DIV[@id = 'content']/FORM[2]/DIV[2]/INPUT[1], width=68, height=21}], fanIn=1, fanOut=2, failedEvents=[], hasNearDuplicate=false, nearestState=state447, distToNearestState=0.05916030534351145, timeAdded=1764143278493}, state608=State{name=state608, id=608, url=http://localhost:3000/addressbook825/view.php?group=[none]&all&print&phones, candidateElements=[CandidateElementPosition{top=684, left=1165, xpath=//DIV[@id = 'footer']/UL[1]/LI[1]/A[2], width=33, height=14}], fanIn=2, fanOut=1, failedEvents=[], hasNearDuplicate=false, nearestState=state583, distToNearestState=0.005235602094240838, timeAdded=1764144596806}, state14=State{name=state14, id=14, url=http://localhost:3000/addressbook825/register/agent_add_form.php, candidateElements=[], fanIn=2, fanOut=0, failedEvents=[], hasNearDuplicate=false, nearestState=index, distToNearestState=0.9310344827586207, timeAdded=1764141896314}, index=State{name=index, id=0, url=http://localhost:3000/addressbook825/index.php, candidateElements=[CandidateElementPosition{top=89, left=650, xpath=//DIV[@id = 'header']/A[1], width=340, height=14}, CandidateElementPosition{top=253, left=758, xpath=//DIV[@id = 'content']/A[1], width=110, height=14}, CandidateElementPosition{top=253, left=877, xpath=//DIV[@id = 'content']/A[2], width=112, height=14}, CandidateElementPosition{top=218, left=932, xpath=//FORM[@id = 'LoginForm']/INPUT[3], width=57, height=21}], fanIn=55, fanOut=4, failedEvents=[], hasNearDuplicate=false, nearestState=null, distToNearestState=-1.0, timeAdded=1764141876570}, state183=State{name=state183, id=183, url=http://localhost:3000/addressbook825/view.php?group=[none]&all&print, candidateElements=[CandidateElementPosition{top=500, left=1165, xpath=//DIV[@id = 'footer']/UL[1]/LI[1]/A[2], width=33, height=14}], fanIn=1, fanOut=1, failedEvents=[], hasNearDuplicate=false, nearestState=state154, distToNearestState=0.3902439024390244, timeAdded=1764142246601}, state583=State{name=state583, id=583, url=http://localhost:3000/addressbook825/view.php?all&print&phones, candidateElements=[CandidateElementPosition{top=684, left=1165, xpath=//DIV[@id = 'footer']/UL[1]/LI[1]/A[2], width=33, height=14}], fanIn=3, fanOut=1, failedEvents=[], hasNearDuplicate=false, nearestState=state543, distToNearestState=0.15789473684210525, timeAdded=1764144298423}, state142=State{name=state142, id=142, url=http://localhost:3000/addressbook825/index.php?group=, candidateElements=[CandidateElementPosition{top=5, left=892, xpath=//DIV[@id = 'top']/FORM[1]/A[1], width=50, height=14}, CandidateElementPosition{top=0, left=0, xpath=//DIV[@id = 'header']/H1[1]/A[1], width=0, height=0}, CandidateElementPosition{top=89, left=650, xpath=//DIV[@id = 'header']/A[1], width=340, height=14}, CandidateElementPosition{top=105, left=513, xpath=//DIV[@id = 'nav']/UL[1]/LI[1]/A[1], width=44, height=14}, CandidateElementPosition{top=105, left=560, xpath=//DIV[@id = 'nav']/UL[1]/LI[2]/A[1], width=68, height=14}, CandidateElementPosition{top=105, left=632, xpath=//DIV[@id = 'nav']/UL[1]/LI[3]/A[1], width=60, height=14}, CandidateElementPosition{top=105, left=695, xpath=//DIV[@id = 'nav']/UL[1]/LI[4]/A[1], width=114, height=14}, CandidateElementPosition{top=105, left=813, xpath=//DIV[@id = 'nav']/UL[1]/LI[5]/A[1], width=72, height=14}, CandidateElementPosition{top=105, left=888, xpath=//DIV[@id = 'nav']/UL[1]/LI[6]/A[1], width=101, height=14}, CandidateElementPosition{top=291, left=907, xpath=//TABLE[@id = 'maintable']/TBODY[1]/TR[1]/TH[2]/A[1], width=43, height=14}, CandidateElementPosition{top=291, left=773, xpath=//TABLE[@id = 'maintable']/TBODY[1]/TR[1]/TH[3]/A[1], width=72, height=14}, CandidateElementPosition{top=291, left=648, xpath=//TABLE[@id = 'maintable']/TBODY[1]/TR[1]/TH[4]/A[1], width=59, height=14}, CandidateElementPosition{top=291, left=501, xpath=//TABLE[@id = 'maintable']/TBODY[1]/TR[1]/TH[5]/A[1], width=75, height=14}, CandidateElementPosition{top=291, left=330, xpath=//TABLE[@id = 'maintable']/TBODY[1]/TR[1]/TH[6]/A[1], width=81, height=14}, CandidateElementPosition{top=0, left=0, xpath=//TABLE[@id = 'maintable']/TBODY[1]/TR[2]/TD[7]/A[1], width=0, height=0}, CandidateElementPosition{top=0, left=0, xpath=//TABLE[@id = 'maintable']/TBODY[1]/TR[2]/TD[8]/A[1], width=0, height=0}, CandidateElementPosition{top=0, left=0, xpath=//TABLE[@id = 'maintable']/TBODY[1]/TR[2]/TD[9]/A[1], width=0, height=0}, CandidateElementPosition{top=409, left=957, xpath=//DIV[@id = 'footer']/UL[1]/LI[1]/A[2], width=33, height=14}, CandidateElementPosition{top=347, left=236, xpath=//DIV[@id = 'content']/FORM[2]/DIV[4]/INPUT[1], width=70, height=21}, CandidateElementPosition{top=347, left=889, xpath=//DIV[@id = 'content']/FORM[2]/DIV[1]/INPUT[1], width=100, height=21}, CandidateElementPosition{top=347, left=821, xpath=//DIV[@id = 'content']/FORM[2]/DIV[2]/INPUT[1], width=68, height=21}], fanIn=3, fanOut=10, failedEvents=[], hasNearDuplicate=false, nearestState=state9, distToNearestState=0.256198347107438, timeAdded=1764142149148}, state384=State{name=state384, id=384, url=http://localhost:3000/addressbook825/birthdays.php?group=[none], candidateElements=[CandidateElementPosition{top=5, left=892, xpath=//DIV[@id = 'top']/FORM[1]/A[1], width=50, height=14}, CandidateElementPosition{top=0, left=0, xpath=//DIV[@id = 'header']/H1[1]/A[1], width=0, height=0}, CandidateElementPosition{top=89, left=650, xpath=//DIV[@id = 'header']/A[1], width=340, height=14}, CandidateElementPosition{top=105, left=513, xpath=//DIV[@id = 'nav']/UL[1]/LI[1]/A[1], width=44, height=14}, CandidateElementPosition{top=105, left=560, xpath=//DIV[@id = 'nav']/UL[1]/LI[2]/A[1], width=68, height=14}, CandidateElementPosition{top=105, left=632, xpath=//DIV[@id = 'nav']/UL[1]/LI[3]/A[1], width=60, height=14}, CandidateElementPosition{top=105, left=695, xpath=//DIV[@id = 'nav']/UL[1]/LI[4]/A[1], width=114, height=14}, CandidateElementPosition{top=105, left=813, xpath=//DIV[@id = 'nav']/UL[1]/LI[5]/A[1], width=72, height=14}, CandidateElementPosition{top=105, left=888, xpath=//DIV[@id = 'nav']/UL[1]/LI[6]/A[1], width=101, height=14}, CandidateElementPosition{top=256, left=353, xpath=//TABLE[@id = 'birthdays']/TBODY[1]/TR[2]/TD[7]/A[1], width=16, height=14}, CandidateElementPosition{top=256, left=320, xpath=//TABLE[@id = 'birthdays']/TBODY[1]/TR[2]/TD[8]/A[1], width=16, height=14}, CandidateElementPosition{top=256, left=287, xpath=//TABLE[@id = 'birthdays']/TBODY[1]/TR[2]/TD[9]/A[1], width=16, height=14}, CandidateElementPosition{top=277, left=353, xpath=//TABLE[@id = 'birthdays']/TBODY[1]/TR[3]/TD[7]/A[1], width=16, height=14}, CandidateElementPosition{top=277, left=320, xpath=//TABLE[@id = 'birthdays']/TBODY[1]/TR[3]/TD[8]/A[1], width=16, height=14}, CandidateElementPosition{top=277, left=287, xpath=//TABLE[@id = 'birthdays']/TBODY[1]/TR[3]/TD[9]/A[1], width=16, height=14}, CandidateElementPosition{top=298, left=353, xpath=//TABLE[@id = 'birthdays']/TBODY[1]/TR[4]/TD[7]/A[1], width=16, height=14}, CandidateElementPosition{top=298, left=320, xpath=//TABLE[@id = 'birthdays']/TBODY[1]/TR[4]/TD[8]/A[1], width=16, height=14}, CandidateElementPosition{top=298, left=287, xpath=//TABLE[@id = 'birthdays']/TBODY[1]/TR[4]/TD[9]/A[1], width=16, height=14}, CandidateElementPosition{top=319, left=353, xpath=//TABLE[@id = 'birthdays']/TBODY[1]/TR[5]/TD[7]/A[1], width=16, height=14}, CandidateElementPosition{top=319, left=320, xpath=//TABLE[@id = 'birthdays']/TBODY[1]/TR[5]/TD[8]/A[1], width=16, height=14}, CandidateElementPosition{top=319, left=287, xpath=//TABLE[@id = 'birthdays']/TBODY[1]/TR[5]/TD[9]/A[1], width=16, height=14}, CandidateElementPosition{top=340, left=353, xpath=//TABLE[@id = 'birthdays']/TBODY[1]/TR[6]/TD[7]/A[1], width=16, height=14}, CandidateElementPosition{top=340, left=320, xpath=//TABLE[@id = 'birthdays']/TBODY[1]/TR[6]/TD[8]/A[1], width=16, height=14}, CandidateElementPosition{top=340, left=287, xpath=//TABLE[@id = 'birthdays']/TBODY[1]/TR[6]/TD[9]/A[1], width=16, height=14}, CandidateElementPosition{top=361, left=353, xpath=//TABLE[@id = 'birthdays']/TBODY[1]/TR[7]/TD[7]/A[1], width=16, height=14}, CandidateElementPosition{top=361, left=320, xpath=//TABLE[@id = 'birthdays']/TBODY[1]/TR[7]/TD[8]/A[1], width=16, height=14}, CandidateElementPosition{top=361, left=287, xpath=//TABLE[@id = 'birthdays']/TBODY[1]/TR[7]/TD[9]/A[1], width=16, height=14}, CandidateElementPosition{top=382, left=353, xpath=//TABLE[@id = 'birthdays']/TBODY[1]/TR[8]/TD[7]/A[1], width=16, height=14}, CandidateElementPosition{top=382, left=320, xpath=//TABLE[@id = 'birthdays']/TBODY[1]/TR[8]/TD[8]/A[1], width=16, height=14}, CandidateElementPosition{top=382, left=287, xpath=//TABLE[@id = 'birthdays']/TBODY[1]/TR[8]/TD[9]/A[1], width=16, height=14}, CandidateElementPosition{top=403, left=353, xpath=//TABLE[@id = 'birthdays']/TBODY[1]/TR[9]/TD[7]/A[1], width=16, height=14}, CandidateElementPosition{top=403, left=320, xpath=//TABLE[@id = 'birthdays']/TBODY[1]/TR[9]/TD[8]/A[1], width=16, height=14}, CandidateElementPosition{top=403, left=287, xpath=//TABLE[@id = 'birthdays']/TBODY[1]/TR[9]/TD[9]/A[1], width=16, height=14}, CandidateElementPosition{top=424, left=353, xpath=//TABLE[@id = 'birthdays']/TBODY[1]/TR[10]/TD[7]/A[1], width=16, height=14}, CandidateElementPosition{top=424, left=320, xpath=//TABLE[@id = 'birthdays']/TBODY[1]/TR[10]/TD[8]/A[1], width=16, height=14}, CandidateElementPosition{top=424, left=287, xpath=//TABLE[@id = 'birthdays']/TBODY[1]/TR[10]/TD[9]/A[1], width=16, height=14}, CandidateElementPosition{top=445, left=353, xpath=//TABLE[@id = 'birthdays']/TBODY[1]/TR[11]/TD[7]/A[1], width=16, height=14}, CandidateElementPosition{top=445, left=320, xpath=//TABLE[@id = 'birthdays']/TBODY[1]/TR[11]/TD[8]/A[1], width=16, height=14}, CandidateElementPosition{top=445, left=287, xpath=//TABLE[@id = 'birthdays']/TBODY[1]/TR[11]/TD[9]/A[1], width=16, height=14}, CandidateElementPosition{top=466, left=353, xpath=//TABLE[@id = 'birthdays']/TBODY[1]/TR[12]/TD[7]/A[1], width=16, height=14}, CandidateElementPosition{top=466, left=320, xpath=//TABLE[@id = 'birthdays']/TBODY[1]/TR[12]/TD[8]/A[1], width=16, height=14}, CandidateElementPosition{top=466, left=287, xpath=//TABLE[@id = 'birthdays']/TBODY[1]/TR[12]/TD[9]/A[1], width=16, height=14}, CandidateElementPosition{top=528, left=957, xpath=//DIV[@id = 'footer']/UL[1]/LI[1]/A[2], width=33, height=14}], fanIn=3, fanOut=5, failedEvents=[], hasNearDuplicate=false, nearestState=state356, distToNearestState=0.07920792079207921, timeAdded=1764142964177}, state453=State{name=state453, id=453, url=http://localhost:3000/addressbook825/index.php, candidateElements=[CandidateElementPosition{top=5, left=885, xpath=//DIV[@id = 'top']/FORM[1]/A[1], width=51, height=14}, CandidateElementPosition{top=468, left=0, xpath=//DIV[@id = 'header']/H1[1]/A[1], width=0, height=0}, CandidateElementPosition{top=89, left=642, xpath=//DIV[@id = 'header']/A[1], width=340, height=14}, CandidateElementPosition{top=105, left=506, xpath=//DIV[@id = 'nav']/UL[1]/LI[1]/A[1], width=44, height=14}, CandidateElementPosition{top=105, left=553, xpath=//DIV[@id = 'nav']/UL[1]/LI[2]/A[1], width=68, height=14}, CandidateElementPosition{top=105, left=624, xpath=//DIV[@id = 'nav']/UL[1]/LI[3]/A[1], width=60, height=14}, CandidateElementPosition{top=105, left=688, xpath=//DIV[@id = 'nav']/UL[1]/LI[4]/A[1], width=114, height=14}, CandidateElementPosition{top=105, left=805, xpath=//DIV[@id = 'nav']/UL[1]/LI[5]/A[1], width=72, height=14}, CandidateElementPosition{top=105, left=881, xpath=//DIV[@id = 'nav']/UL[1]/LI[6]/A[1], width=102, height=14}, CandidateElementPosition{top=291, left=900, xpath=//TABLE[@id = 'maintable']/TBODY[1]/TR[1]/TH[2]/A[1], width=43, height=14}, CandidateElementPosition{top=291, left=765, xpath=//TABLE[@id = 'maintable']/TBODY[1]/TR[1]/TH[3]/A[1], width=72, height=14}, CandidateElementPosition{top=291, left=619, xpath=//TABLE[@id = 'maintable']/TBODY[1]/TR[1]/TH[4]/A[1], width=59, height=14}, CandidateElementPosition{top=291, left=470, xpath=//TABLE[@id = 'maintable']/TBODY[1]/TR[1]/TH[5]/A[1], width=76, height=14}, CandidateElementPosition{top=291, left=336, xpath=//TABLE[@id = 'maintable']/TBODY[1]/TR[1]/TH[6]/A[1], width=80, height=14}, CandidateElementPosition{top=341, left=301, xpath=//TABLE[@id = 'maintable']/TBODY[1]/TR[2]/TD[7]/A[1], width=16, height=14}, CandidateElementPosition{top=341, left=278, xpath=//TABLE[@id = 'maintable']/TBODY[1]/TR[2]/TD[8]/A[1], width=16, height=14}, CandidateElementPosition{top=341, left=255, xpath=//TABLE[@id = 'maintable']/TBODY[1]/TR[2]/TD[9]/A[1], width=16, height=14}, CandidateElementPosition{top=402, left=301, xpath=//TABLE[@id = 'maintable']/TBODY[1]/TR[3]/TD[7]/A[1], width=16, height=14}, CandidateElementPosition{top=402, left=278, xpath=//TABLE[@id = 'maintable']/TBODY[1]/TR[3]/TD[8]/A[1], width=16, height=14}, CandidateElementPosition{top=402, left=255, xpath=//TABLE[@id = 'maintable']/TBODY[1]/TR[3]/TD[9]/A[1], width=16, height=14}, CandidateElementPosition{top=463, left=301, xpath=//TABLE[@id = 'maintable']/TBODY[1]/TR[4]/TD[7]/A[1], width=16, height=14}, CandidateElementPosition{top=463, left=278, xpath=//TABLE[@id = 'maintable']/TBODY[1]/TR[4]/TD[8]/A[1], width=16, height=14}, CandidateElementPosition{top=463, left=255, xpath=//TABLE[@id = 'maintable']/TBODY[1]/TR[4]/TD[9]/A[1], width=16, height=14}, CandidateElementPosition{top=524, left=301, xpath=//TABLE[@id = 'maintable']/TBODY[1]/TR[5]/TD[7]/A[1], width=16, height=14}, CandidateElementPosition{top=524, left=278, xpath=//TABLE[@id = 'maintable']/TBODY[1]/TR[5]/TD[8]/A[1], width=16, height=14}, CandidateElementPosition{top=524, left=255, xpath=//TABLE[@id = 'maintable']/TBODY[1]/TR[5]/TD[9]/A[1], width=16, height=14}, CandidateElementPosition{top=585, left=301, xpath=//TABLE[@id = 'maintable']/TBODY[1]/TR[6]/TD[7]/A[1], width=16, height=14}, CandidateElementPosition{top=585, left=278, xpath=//TABLE[@id = 'maintable']/TBODY[1]/TR[6]/TD[8]/A[1], width=16, height=14}, CandidateElementPosition{top=585, left=255, xpath=//TABLE[@id = 'maintable']/TBODY[1]/TR[6]/TD[9]/A[1], width=16, height=14}, CandidateElementPosition{top=646, left=301, xpath=//TABLE[@id = 'maintable']/TBODY[1]/TR[7]/TD[7]/A[1], width=16, height=14}, CandidateElementPosition{top=646, left=278, xpath=//TABLE[@id = 'maintable']/TBODY[1]/TR[7]/TD[8]/A[1], width=16, height=14}, CandidateElementPosition{top=646, left=255, xpath=//TABLE[@id = 'maintable']/TBODY[1]/TR[7]/TD[9]/A[1], width=16, height=14}, CandidateElementPosition{top=707, left=301, xpath=//TABLE[@id = 'maintable']/TBODY[1]/TR[8]/TD[7]/A[1], width=16, height=14}, CandidateElementPosition{top=707, left=278, xpath=//TABLE[@id = 'maintable']/TBODY[1]/TR[8]/TD[8]/A[1], width=16, height=14}, CandidateElementPosition{top=707, left=255, xpath=//TABLE[@id = 'maintable']/TBODY[1]/TR[8]/TD[9]/A[1], width=16, height=14}, CandidateElementPosition{top=768, left=301, xpath=//TABLE[@id = 'maintable']/TBODY[1]/TR[9]/TD[7]/A[1], width=16, height=14}, CandidateElementPosition{top=768, left=278, xpath=//TABLE[@id = 'maintable']/TBODY[1]/TR[9]/TD[8]/A[1], width=16, height=14}, CandidateElementPosition{top=768, left=255, xpath=//TABLE[@id = 'maintable']/TBODY[1]/TR[9]/TD[9]/A[1], width=16, height=14}, CandidateElementPosition{top=829, left=301, xpath=//TABLE[@id = 'maintable']/TBODY[1]/TR[10]/TD[7]/A[1], width=16, height=14}, CandidateElementPosition{top=829, left=278, xpath=//TABLE[@id = 'maintable']/TBODY[1]/TR[10]/TD[8]/A[1], width=16, height=14}, CandidateElementPosition{top=829, left=255, xpath=//TABLE[@id = 'maintable']/TBODY[1]/TR[10]/TD[9]/A[1], width=16, height=14}, CandidateElementPosition{top=890, left=301, xpath=//TABLE[@id = 'maintable']/TBODY[1]/TR[11]/TD[7]/A[1], width=16, height=14}, CandidateElementPosition{top=890, left=278, xpath=//TABLE[@id = 'maintable']/TBODY[1]/TR[11]/TD[8]/A[1], width=16, height=14}, CandidateElementPosition{top=890, left=255, xpath=//TABLE[@id = 'maintable']/TBODY[1]/TR[11]/TD[9]/A[1], width=16, height=14}, CandidateElementPosition{top=951, left=301, xpath=//TABLE[@id = 'maintable']/TBODY[1]/TR[12]/TD[7]/A[1], width=16, height=14}, CandidateElementPosition{top=951, left=278, xpath=//TABLE[@id = 'maintable']/TBODY[1]/TR[12]/TD[8]/A[1], width=16, height=14}, CandidateElementPosition{top=951, left=255, xpath=//TABLE[@id = 'maintable']/TBODY[1]/TR[12]/TD[9]/A[1], width=16, height=14}, CandidateElementPosition{top=1012, left=301, xpath=//TABLE[@id = 'maintable']/TBODY[1]/TR[13]/TD[7]/A[1], width=16, height=14}, CandidateElementPosition{top=1012, left=278, xpath=//TABLE[@id = 'maintable']/TBODY[1]/TR[13]/TD[8]/A[1], width=16, height=14}, CandidateElementPosition{top=1012, left=255, xpath=//TABLE[@id = 'maintable']/TBODY[1]/TR[13]/TD[9]/A[1], width=16, height=14}, CandidateElementPosition{top=1073, left=301, xpath=//TABLE[@id = 'maintable']/TBODY[1]/TR[14]/TD[7]/A[1], width=16, height=14}, CandidateElementPosition{top=1073, left=278, xpath=//TABLE[@id = 'maintable']/TBODY[1]/TR[14]/TD[8]/A[1], width=16, height=14}, CandidateElementPosition{top=1073, left=255, xpath=//TABLE[@id = 'maintable']/TBODY[1]/TR[14]/TD[9]/A[1], width=16, height=14}, CandidateElementPosition{top=1134, left=301, xpath=//TABLE[@id = 'maintable']/TBODY[1]/TR[15]/TD[7]/A[1], width=16, height=14}, CandidateElementPosition{top=1134, left=278, xpath=//TABLE[@id = 'maintable']/TBODY[1]/TR[15]/TD[8]/A[1], width=16, height=14}, CandidateElementPosition{top=1134, left=255, xpath=//TABLE[@id = 'maintable']/TBODY[1]/TR[15]/TD[9]/A[1], width=16, height=14}, CandidateElementPosition{top=1195, left=301, xpath=//TABLE[@id = 'maintable']/TBODY[1]/TR[16]/TD[7]/A[1], width=16, height=14}, CandidateElementPosition{top=1195, left=278, xpath=//TABLE[@id = 'maintable']/TBODY[1]/TR[16]/TD[8]/A[1], width=16, height=14}, CandidateElementPosition{top=1195, left=255, xpath=//TABLE[@id = 'maintable']/TBODY[1]/TR[16]/TD[9]/A[1], width=16, height=14}, CandidateElementPosition{top=1324, left=949, xpath=//DIV[@id = 'footer']/UL[1]/LI[1]/A[2], width=33, height=14}, CandidateElementPosition{top=1262, left=228, xpath=//DIV[@id = 'content']/FORM[2]/DIV[4]/INPUT[1], width=70, height=21}, CandidateElementPosition{top=1262, left=882, xpath=//DIV[@id = 'content']/FORM[2]/DIV[1]/INPUT[1], width=100, height=21}, CandidateElementPosition{top=1262, left=814, xpath=//DIV[@id = 'content']/FORM[2]/DIV[2]/INPUT[1], width=68, height=21}], fanIn=13, fanOut=15, failedEvents=[], hasNearDuplicate=false, nearestState=state449, distToNearestState=0.055855855855855854, timeAdded=1764143303271}, state133=State{name=state133, id=133, url=http://localhost:3000/addressbook825/group.php, candidateElements=[CandidateElementPosition{top=5, left=892, xpath=//DIV[@id = 'top']/FORM[1]/A[1], width=50, height=14}, CandidateElementPosition{top=0, left=0, xpath=//DIV[@id = 'header']/H1[1]/A[1], width=0, height=0}, CandidateElementPosition{top=89, left=650, xpath=//DIV[@id = 'header']/A[1], width=340, height=14}, CandidateElementPosition{top=105, left=513, xpath=//DIV[@id = 'nav']/UL[1]/LI[1]/A[1], width=44, height=14}, CandidateElementPosition{top=105, left=560, xpath=//DIV[@id = 'nav']/UL[1]/LI[2]/A[1], width=68, height=14}, CandidateElementPosition{top=105, left=632, xpath=//DIV[@id = 'nav']/UL[1]/LI[3]/A[1], width=60, height=14}, CandidateElementPosition{top=105, left=695, xpath=//DIV[@id = 'nav']/UL[1]/LI[4]/A[1], width=114, height=14}, CandidateElementPosition{top=105, left=813, xpath=//DIV[@id = 'nav']/UL[1]/LI[5]/A[1], width=72, height=14}, CandidateElementPosition{top=105, left=888, xpath=//DIV[@id = 'nav']/UL[1]/LI[6]/A[1], width=101, height=14}, CandidateElementPosition{top=246, left=912, xpath=//DIV[@id = 'content']/DIV[1]/I[1]/A[1], width=61, height=14}, CandidateElementPosition{top=325, left=957, xpath=//DIV[@id = 'footer']/UL[1]/LI[1]/A[2], width=33, height=14}], fanIn=1, fanOut=9, failedEvents=[], hasNearDuplicate=false, nearestState=state63, distToNearestState=0.05128205128205128, timeAdded=1764142122810}, state210=State{name=state210, id=210, url=http://localhost:3000/addressbook825/index.php, candidateElements=[CandidateElementPosition{top=5, left=892, xpath=//DIV[@id = 'top']/FORM[1]/A[1], width=50, height=14}, CandidateElementPosition{top=0, left=0, xpath=//DIV[@id = 'header']/H1[1]/A[1], width=0, height=0}, CandidateElementPosition{top=89, left=650, xpath=//DIV[@id = 'header']/A[1], width=340, height=14}, CandidateElementPosition{top=105, left=513, xpath=//DIV[@id = 'nav']/UL[1]/LI[1]/A[1], width=44, height=14}, CandidateElementPosition{top=105, left=560, xpath=//DIV[@id = 'nav']/UL[1]/LI[2]/A[1], width=68, height=14}, CandidateElementPosition{top=105, left=632, xpath=//DIV[@id = 'nav']/UL[1]/LI[3]/A[1], width=60, height=14}, CandidateElementPosition{top=105, left=695, xpath=//DIV[@id = 'nav']/UL[1]/LI[4]/A[1], width=114, height=14}, CandidateElementPosition{top=105, left=813, xpath=//DIV[@id = 'nav']/UL[1]/LI[5]/A[1], width=72, height=14}, CandidateElementPosition{top=105, left=888, xpath=//DIV[@id = 'nav']/UL[1]/LI[6]/A[1], width=101, height=14}, CandidateElementPosition{top=291, left=908, xpath=//TABLE[@id = 'maintable']/TBODY[1]/TR[1]/TH[2]/A[1], width=43, height=14}, CandidateElementPosition{top=291, left=772, xpath=//TABLE[@id = 'maintable']/TBODY[1]/TR[1]/TH[3]/A[1], width=72, height=14}, CandidateElementPosition{top=291, left=627, xpath=//TABLE[@id = 'maintable']/TBODY[1]/TR[1]/TH[4]/A[1], width=59, height=14}, CandidateElementPosition{top=291, left=478, xpath=//TABLE[@id = 'maintable']/TBODY[1]/TR[1]/TH[5]/A[1], width=76, height=14}, CandidateElementPosition{top=291, left=343, xpath=//TABLE[@id = 'maintable']/TBODY[1]/TR[1]/TH[6]/A[1], width=80, height=14}, CandidateElementPosition{top=341, left=309, xpath=//TABLE[@id = 'maintable']/TBODY[1]/TR[2]/TD[7]/A[1], width=16, height=14}, CandidateElementPosition{top=341, left=286, xpath=//TABLE[@id = 'maintable']/TBODY[1]/TR[2]/TD[8]/A[1], width=16, height=14}, CandidateElementPosition{top=341, left=262, xpath=//TABLE[@id = 'maintable']/TBODY[1]/TR[2]/TD[9]/A[1], width=16, height=14}, CandidateElementPosition{top=402, left=309, xpath=//TABLE[@id = 'maintable']/TBODY[1]/TR[3]/TD[7]/A[1], width=16, height=14}, CandidateElementPosition{top=402, left=286, xpath=//TABLE[@id = 'maintable']/TBODY[1]/TR[3]/TD[8]/A[1], width=16, height=14}, CandidateElementPosition{top=402, left=262, xpath=//TABLE[@id = 'maintable']/TBODY[1]/TR[3]/TD[9]/A[1], width=16, height=14}, CandidateElementPosition{top=463, left=309, xpath=//TABLE[@id = 'maintable']/TBODY[1]/TR[4]/TD[7]/A[1], width=16, height=14}, CandidateElementPosition{top=463, left=286, xpath=//TABLE[@id = 'maintable']/TBODY[1]/TR[4]/TD[8]/A[1], width=16, height=14}, CandidateElementPosition{top=463, left=262, xpath=//TABLE[@id = 'maintable']/TBODY[1]/TR[4]/TD[9]/A[1], width=16, height=14}, CandidateElementPosition{top=524, left=309, xpath=//TABLE[@id = 'maintable']/TBODY[1]/TR[5]/TD[7]/A[1], width=16, height=14}, CandidateElementPosition{top=524, left=286, xpath=//TABLE[@id = 'maintable']/TBODY[1]/TR[5]/TD[8]/A[1], width=16, height=14}, CandidateElementPosition{top=524, left=262, xpath=//TABLE[@id = 'maintable']/TBODY[1]/TR[5]/TD[9]/A[1], width=16, height=14}, CandidateElementPosition{top=653, left=957, xpath=//DIV[@id = 'footer']/UL[1]/LI[1]/A[2], width=33, height=14}, CandidateElementPosition{top=591, left=236, xpath=//DIV[@id = 'content']/FORM[2]/DIV[4]/INPUT[1], width=70, height=21}, CandidateElementPosition{top=591, left=889, xpath=//DIV[@id = 'content']/FORM[2]/DIV[1]/INPUT[1], width=100, height=21}, CandidateElementPosition{top=591, left=821, xpath=//DIV[@id = 'content']/FORM[2]/DIV[2]/INPUT[1], width=68, height=21}], fanIn=6, fanOut=11, failedEvents=[], hasNearDuplicate=false, nearestState=state203, distToNearestState=0.14485981308411214, timeAdded=1764142306429}, state298=State{name=state298, id=298, url=http://localhost:3000/addressbook825/index.php?group=%5Bnone%5D, candidateElements=[CandidateElementPosition{top=5, left=892, xpath=//DIV[@id = 'top']/FORM[1]/A[1], width=50, height=14}, CandidateElementPosition{top=0, left=0, xpath=//DIV[@id = 'header']/H1[1]/A[1], width=0, height=0}, CandidateElementPosition{top=89, left=650, xpath=//DIV[@id = 'header']/A[1], width=340, height=14}, CandidateElementPosition{top=105, left=513, xpath=//DIV[@id = 'nav']/UL[1]/LI[1]/A[1], width=44, height=14}, CandidateElementPosition{top=105, left=560, xpath=//DIV[@id = 'nav']/UL[1]/LI[2]/A[1], width=68, height=14}, CandidateElementPosition{top=105, left=632, xpath=//DIV[@id = 'nav']/UL[1]/LI[3]/A[1], width=60, height=14}, CandidateElementPosition{top=105, left=695, xpath=//DIV[@id = 'nav']/UL[1]/LI[4]/A[1], width=114, height=14}, CandidateElementPosition{top=105, left=813, xpath=//DIV[@id = 'nav']/UL[1]/LI[5]/A[1], width=72, height=14}, CandidateElementPosition{top=105, left=888, xpath=//DIV[@id = 'nav']/UL[1]/LI[6]/A[1], width=101, height=14}, CandidateElementPosition{top=291, left=903, xpath=//TABLE[@id = 'maintable']/TBODY[1]/TR[1]/TH[2]/A[1], width=42, height=14}, CandidateElementPosition{top=291, left=757, xpath=//TABLE[@id = 'maintable']/TBODY[1]/TR[1]/TH[3]/A[1], width=72, height=14}, CandidateElementPosition{top=291, left=632, xpath=//TABLE[@id = 'maintable']/TBODY[1]/TR[1]/TH[4]/A[1], width=59, height=14}, CandidateElementPosition{top=291, left=488, xpath=//TABLE[@id = 'maintable']/TBODY[1]/TR[1]/TH[5]/A[1], width=76, height=14}, CandidateElementPosition{top=291, left=330, xpath=//TABLE[@id = 'maintable']/TBODY[1]/TR[1]/TH[6]/A[1], width=81, height=14}, CandidateElementPosition{top=0, left=0, xpath=//TABLE[@id = 'maintable']/TBODY[1]/TR[2]/TD[7]/A[1], width=0, height=0}, CandidateElementPosition{top=0, left=0, xpath=//TABLE[@id = 'maintable']/TBODY[1]/TR[2]/TD[8]/A[1], width=0, height=0}, CandidateElementPosition{top=0, left=0, xpath=//TABLE[@id = 'maintable']/TBODY[1]/TR[2]/TD[9]/A[1], width=0, height=0}, CandidateElementPosition{top=0, left=0, xpath=//TABLE[@id = 'maintable']/TBODY[1]/TR[3]/TD[7]/A[1], width=0, height=0}, CandidateElementPosition{top=0, left=0, xpath=//TABLE[@id = 'maintable']/TBODY[1]/TR[3]/TD[8]/A[1], width=0, height=0}, CandidateElementPosition{top=0, left=0, xpath=//TABLE[@id = 'maintable']/TBODY[1]/TR[3]/TD[9]/A[1], width=0, height=0}, CandidateElementPosition{top=0, left=0, xpath=//TABLE[@id = 'maintable']/TBODY[1]/TR[4]/TD[7]/A[1], width=0, height=0}, CandidateElementPosition{top=0, left=0, xpath=//TABLE[@id = 'maintable']/TBODY[1]/TR[4]/TD[8]/A[1], width=0, height=0}, CandidateElementPosition{top=0, left=0, xpath=//TABLE[@id = 'maintable']/TBODY[1]/TR[4]/TD[9]/A[1], width=0, height=0}, CandidateElementPosition{top=0, left=0, xpath=//TABLE[@id = 'maintable']/TBODY[1]/TR[5]/TD[7]/A[1], width=0, height=0}, CandidateElementPosition{top=0, left=0, xpath=//TABLE[@id = 'maintable']/TBODY[1]/TR[5]/TD[8]/A[1], width=0, height=0}, CandidateElementPosition{top=0, left=0, xpath=//TABLE[@id = 'maintable']/TBODY[1]/TR[5]/TD[9]/A[1], width=0, height=0}, CandidateElementPosition{top=0, left=0, xpath=//TABLE[@id = 'maintable']/TBODY[1]/TR[6]/TD[7]/A[1], width=0, height=0}, CandidateElementPosition{top=0, left=0, xpath=//TABLE[@id = 'maintable']/TBODY[1]/TR[6]/TD[8]/A[1], width=0, height=0}, CandidateElementPosition{top=0, left=0, xpath=//TABLE[@id = 'maintable']/TBODY[1]/TR[6]/TD[9]/A[1], width=0, height=0}, CandidateElementPosition{top=0, left=0, xpath=//TABLE[@id = 'maintable']/TBODY[1]/TR[7]/TD[7]/A[1], width=0, height=0}, CandidateElementPosition{top=0, left=0, xpath=//TABLE[@id = 'maintable']/TBODY[1]/TR[7]/TD[8]/A[1], width=0, height=0}, CandidateElementPosition{top=0, left=0, xpath=//TABLE[@id = 'maintable']/TBODY[1]/TR[7]/TD[9]/A[1], width=0, height=0}, CandidateElementPosition{top=0, left=0, xpath=//TABLE[@id = 'maintable']/TBODY[1]/TR[8]/TD[7]/A[1], width=0, height=0}, CandidateElementPosition{top=0, left=0, xpath=//TABLE[@id = 'maintable']/TBODY[1]/TR[8]/TD[8]/A[1], width=0, height=0}, CandidateElementPosition{top=0, left=0, xpath=//TABLE[@id = 'maintable']/TBODY[1]/TR[8]/TD[9]/A[1], width=0, height=0}, CandidateElementPosition{top=0, left=0, xpath=//TABLE[@id = 'maintable']/TBODY[1]/TR[9]/TD[7]/A[1], width=0, height=0}, CandidateElementPosition{top=0, left=0, xpath=//TABLE[@id = 'maintable']/TBODY[1]/TR[9]/TD[8]/A[1], width=0, height=0}, CandidateElementPosition{top=0, left=0, xpath=//TABLE[@id = 'maintable']/TBODY[1]/TR[9]/TD[9]/A[1], width=0, height=0}, CandidateElementPosition{top=409, left=957, xpath=//DIV[@id = 'footer']/UL[1]/LI[1]/A[2], width=33, height=14}, CandidateElementPosition{top=347, left=236, xpath=//DIV[@id = 'content']/FORM[2]/DIV[4]/INPUT[1], width=70, height=21}, CandidateElementPosition{top=347, left=889, xpath=//DIV[@id = 'content']/FORM[2]/DIV[1]/INPUT[1], width=100, height=21}, CandidateElementPosition{top=347, left=821, xpath=//DIV[@id = 'content']/FORM[2]/DIV[2]/INPUT[1], width=68, height=21}], fanIn=9, fanOut=11, failedEvents=[], hasNearDuplicate=false, nearestState=state293, distToNearestState=0.0029498525073746312, timeAdded=1764142616463}, state496=State{name=state496, id=496, url=http://localhost:3000/addressbook825/view.php?group=[none]&all&print&phones, candidateElements=[CandidateElementPosition{top=575, left=1165, xpath=//DIV[@id = 'footer']/UL[1]/LI[1]/A[2], width=33, height=14}], fanIn=1, fanOut=1, failedEvents=[], hasNearDuplicate=false, nearestState=state438, distToNearestState=0.19480519480519481, timeAdded=1764143552544}, state136=State{name=state136, id=136, url=http://localhost:3000/addressbook825/edit.php?group=[none], candidateElements=[CandidateElementPosition{top=5, left=892, xpath=//DIV[@id = 'top']/FORM[1]/A[1], width=50, height=14}, CandidateElementPosition{top=0, left=0, xpath=//DIV[@id = 'header']/H1[1]/A[1], width=0, height=0}, CandidateElementPosition{top=89, left=650, xpath=//DIV[@id = 'header']/A[1], width=340, height=14}, CandidateElementPosition{top=105, left=513, xpath=//DIV[@id = 'nav']/UL[1]/LI[1]/A[1], width=44, height=14}, CandidateElementPosition{top=105, left=560, xpath=//DIV[@id = 'nav']/UL[1]/LI[2]/A[1], width=68, height=14}, CandidateElementPosition{top=105, left=632, xpath=//DIV[@id = 'nav']/UL[1]/LI[3]/A[1], width=60, height=14}, CandidateElementPosition{top=105, left=695, xpath=//DIV[@id = 'nav']/UL[1]/LI[4]/A[1], width=114, height=14}, CandidateElementPosition{top=105, left=813, xpath=//DIV[@id = 'nav']/UL[1]/LI[5]/A[1], width=72, height=14}, CandidateElementPosition{top=105, left=888, xpath=//DIV[@id = 'nav']/UL[1]/LI[6]/A[1], width=101, height=14}, CandidateElementPosition{top=260, left=801, xpath=//DIV[@id = 'content']/DIV[1]/I[1]/A[1], width=46, height=14}, CandidateElementPosition{top=260, left=912, xpath=//DIV[@id = 'content']/DIV[1]/I[1]/A[2], width=60, height=14}, CandidateElementPosition{top=339, left=957, xpath=//DIV[@id = 'footer']/UL[1]/LI[1]/A[2], width=33, height=14}], fanIn=2, fanOut=10, failedEvents=[], hasNearDuplicate=false, nearestState=state133, distToNearestState=0.04878048780487805, timeAdded=1764142130877}, state258=State{name=state258, id=258, url=http://localhost:3000/addressbook825/index.php?group=%5Bnone%5D, candidateElements=[CandidateElementPosition{top=5, left=892, xpath=//DIV[@id = 'top']/FORM[1]/A[1], width=50, height=14}, CandidateElementPosition{top=0, left=0, xpath=//DIV[@id = 'header']/H1[1]/A[1], width=0, height=0}, CandidateElementPosition{top=89, left=650, xpath=//DIV[@id = 'header']/A[1], width=340, height=14}, CandidateElementPosition{top=105, left=513, xpath=//DIV[@id = 'nav']/UL[1]/LI[1]/A[1], width=44, height=14}, CandidateElementPosition{top=105, left=560, xpath=//DIV[@id = 'nav']/UL[1]/LI[2]/A[1], width=68, height=14}, CandidateElementPosition{top=105, left=632, xpath=//DIV[@id = 'nav']/UL[1]/LI[3]/A[1], width=60, height=14}, CandidateElementPosition{top=105, left=695, xpath=//DIV[@id = 'nav']/UL[1]/LI[4]/A[1], width=114, height=14}, CandidateElementPosition{top=105, left=813, xpath=//DIV[@id = 'nav']/UL[1]/LI[5]/A[1], width=72, height=14}, CandidateElementPosition{top=105, left=888, xpath=//DIV[@id = 'nav']/UL[1]/LI[6]/A[1], width=101, height=14}, CandidateElementPosition{top=291, left=903, xpath=//TABLE[@id = 'maintable']/TBODY[1]/TR[1]/TH[2]/A[1], width=42, height=14}, CandidateElementPosition{top=291, left=757, xpath=//TABLE[@id = 'maintable']/TBODY[1]/TR[1]/TH[3]/A[1], width=72, height=14}, CandidateElementPosition{top=291, left=632, xpath=//TABLE[@id = 'maintable']/TBODY[1]/TR[1]/TH[4]/A[1], width=59, height=14}, CandidateElementPosition{top=291, left=488, xpath=//TABLE[@id = 'maintable']/TBODY[1]/TR[1]/TH[5]/A[1], width=76, height=14}, CandidateElementPosition{top=291, left=330, xpath=//TABLE[@id = 'maintable']/TBODY[1]/TR[1]/TH[6]/A[1], width=81, height=14}, CandidateElementPosition{top=0, left=0, xpath=//TABLE[@id = 'maintable']/TBODY[1]/TR[2]/TD[7]/A[1], width=0, height=0}, CandidateElementPosition{top=0, left=0, xpath=//TABLE[@id = 'maintable']/TBODY[1]/TR[2]/TD[8]/A[1], width=0, height=0}, CandidateElementPosition{top=0, left=0, xpath=//TABLE[@id = 'maintable']/TBODY[1]/TR[2]/TD[9]/A[1], width=0, height=0}, CandidateElementPosition{top=0, left=0, xpath=//TABLE[@id = 'maintable']/TBODY[1]/TR[3]/TD[7]/A[1], width=0, height=0}, CandidateElementPosition{top=0, left=0, xpath=//TABLE[@id = 'maintable']/TBODY[1]/TR[3]/TD[8]/A[1], width=0, height=0}, CandidateElementPosition{top=0, left=0, xpath=//TABLE[@id = 'maintable']/TBODY[1]/TR[3]/TD[9]/A[1], width=0, height=0}, CandidateElementPosition{top=0, left=0, xpath=//TABLE[@id = 'maintable']/TBODY[1]/TR[4]/TD[7]/A[1], width=0, height=0}, CandidateElementPosition{top=0, left=0, xpath=//TABLE[@id = 'maintable']/TBODY[1]/TR[4]/TD[8]/A[1], width=0, height=0}, CandidateElementPosition{top=0, left=0, xpath=//TABLE[@id = 'maintable']/TBODY[1]/TR[4]/TD[9]/A[1], width=0, height=0}, CandidateElementPosition{top=0, left=0, xpath=//TABLE[@id = 'maintable']/TBODY[1]/TR[5]/TD[7]/A[1], width=0, height=0}, CandidateElementPosition{top=0, left=0, xpath=//TABLE[@id = 'maintable']/TBODY[1]/TR[5]/TD[8]/A[1], width=0, height=0}, CandidateElementPosition{top=0, left=0, xpath=//TABLE[@id = 'maintable']/TBODY[1]/TR[5]/TD[9]/A[1], width=0, height=0}, CandidateElementPosition{top=0, left=0, xpath=//TABLE[@id = 'maintable']/TBODY[1]/TR[6]/TD[7]/A[1], width=0, height=0}, CandidateElementPosition{top=0, left=0, xpath=//TABLE[@id = 'maintable']/TBODY[1]/TR[6]/TD[8]/A[1], width=0, height=0}, CandidateElementPosition{top=0, left=0, xpath=//TABLE[@id = 'maintable']/TBODY[1]/TR[6]/TD[9]/A[1], width=0, height=0}, CandidateElementPosition{top=0, left=0, xpath=//TABLE[@id = 'maintable']/TBODY[1]/TR[7]/TD[7]/A[1], width=0, height=0}, CandidateElementPosition{top=0, left=0, xpath=//TABLE[@id = 'maintable']/TBODY[1]/TR[7]/TD[8]/A[1], width=0, height=0}, CandidateElementPosition{top=0, left=0, xpath=//TABLE[@id = 'maintable']/TBODY[1]/TR[7]/TD[9]/A[1], width=0, height=0}, CandidateElementPosition{top=409, left=957, xpath=//DIV[@id = 'footer']/UL[1]/LI[1]/A[2], width=33, height=14}, CandidateElementPosition{top=347, left=236, xpath=//DIV[@id = 'content']/FORM[2]/DIV[4]/INPUT[1], width=70, height=21}, CandidateElementPosition{top=347, left=889, xpath=//DIV[@id = 'content']/FORM[2]/DIV[1]/INPUT[1], width=100, height=21}, CandidateElementPosition{top=347, left=821, xpath=//DIV[@id = 'content']/FORM[2]/DIV[2]/INPUT[1], width=68, height=21}], fanIn=1, fanOut=5, failedEvents=[], hasNearDuplicate=false, nearestState=state246, distToNearestState=0.0036101083032490976, timeAdded=1764142469117}, state533=State{name=state533, id=533, url=http://localhost:3000/addressbook825/view.php?all&print&phones, candidateElements=[CandidateElementPosition{top=575, left=1165, xpath=//DIV[@id = 'footer']/UL[1]/LI[1]/A[2], width=33, height=14}], fanIn=1, fanOut=1, failedEvents=[], hasNearDuplicate=false, nearestState=state496, distToNearestState=0.006493506493506494, timeAdded=1764143786327}, state139=State{name=state139, id=139, url=http://localhost:3000/addressbook825/birthdays.php?group=[none], candidateElements=[CandidateElementPosition{top=5, left=892, xpath=//DIV[@id = 'top']/FORM[1]/A[1], width=50, height=14}, CandidateElementPosition{top=0, left=0, xpath=//DIV[@id = 'header']/H1[1]/A[1], width=0, height=0}, CandidateElementPosition{top=89, left=650, xpath=//DIV[@id = 'header']/A[1], width=340, height=14}, CandidateElementPosition{top=105, left=513, xpath=//DIV[@id = 'nav']/UL[1]/LI[1]/A[1], width=44, height=14}, CandidateElementPosition{top=105, left=560, xpath=//DIV[@id = 'nav']/UL[1]/LI[2]/A[1], width=68, height=14}, CandidateElementPosition{top=105, left=632, xpath=//DIV[@id = 'nav']/UL[1]/LI[3]/A[1], width=60, height=14}, CandidateElementPosition{top=105, left=695, xpath=//DIV[@id = 'nav']/UL[1]/LI[4]/A[1], width=114, height=14}, CandidateElementPosition{top=105, left=813, xpath=//DIV[@id = 'nav']/UL[1]/LI[5]/A[1], width=72, height=14}, CandidateElementPosition{top=105, left=888, xpath=//DIV[@id = 'nav']/UL[1]/LI[6]/A[1], width=101, height=14}, CandidateElementPosition{top=256, left=354, xpath=//TABLE[@id = 'birthdays']/TBODY[1]/TR[2]/TD[7]/A[1], width=16, height=14}, CandidateElementPosition{top=256, left=321, xpath=//TABLE[@id = 'birthdays']/TBODY[1]/TR[2]/TD[8]/A[1], width=16, height=14}, CandidateElementPosition{top=256, left=287, xpath=//TABLE[@id = 'birthdays']/TBODY[1]/TR[2]/TD[9]/A[1], width=16, height=14}, CandidateElementPosition{top=318, left=957, xpath=//DIV[@id = 'footer']/UL[1]/LI[1]/A[2], width=33, height=14}], fanIn=1, fanOut=8, failedEvents=[], hasNearDuplicate=false, nearestState=state30, distToNearestState=0.42857142857142855, timeAdded=1764142143908}, state617=State{name=state617, id=617, url=http://localhost:3000/addressbook825/view.php?group=[none]&all&print, candidateElements=[CandidateElementPosition{top=2666, left=1150, xpath=//DIV[@id = 'footer']/UL[1]/LI[1]/A[2], width=33, height=14}], fanIn=2, fanOut=1, failedEvents=[], hasNearDuplicate=false, nearestState=state560, distToNearestState=0.0015384615384615385, timeAdded=1764144731779}, state48=State{name=state48, id=48, url=http://localhost:3000/addressbook825/index.php?group=%5Bnone%5D, candidateElements=[CandidateElementPosition{top=5, left=892, xpath=//DIV[@id = 'top']/FORM[1]/A[1], width=50, height=14}, CandidateElementPosition{top=0, left=0, xpath=//DIV[@id = 'header']/H1[1]/A[1], width=0, height=0}, CandidateElementPosition{top=89, left=650, xpath=//DIV[@id = 'header']/A[1], width=340, height=14}, CandidateElementPosition{top=105, left=513, xpath=//DIV[@id = 'nav']/UL[1]/LI[1]/A[1], width=44, height=14}, CandidateElementPosition{top=105, left=560, xpath=//DIV[@id = 'nav']/UL[1]/LI[2]/A[1], width=68, height=14}, CandidateElementPosition{top=105, left=632, xpath=//DIV[@id = 'nav']/UL[1]/LI[3]/A[1], width=60, height=14}, CandidateElementPosition{top=105, left=695, xpath=//DIV[@id = 'nav']/UL[1]/LI[4]/A[1], width=114, height=14}, CandidateElementPosition{top=105, left=813, xpath=//DIV[@id = 'nav']/UL[1]/LI[5]/A[1], width=72, height=14}, CandidateElementPosition{top=105, left=888, xpath=//DIV[@id = 'nav']/UL[1]/LI[6]/A[1], width=101, height=14}, CandidateElementPosition{top=291, left=903, xpath=//TABLE[@id = 'maintable']/TBODY[1]/TR[1]/TH[2]/A[1], width=42, height=14}, CandidateElementPosition{top=291, left=757, xpath=//TABLE[@id = 'maintable']/TBODY[1]/TR[1]/TH[3]/A[1], width=72, height=14}, CandidateElementPosition{top=291, left=632, xpath=//TABLE[@id = 'maintable']/TBODY[1]/TR[1]/TH[4]/A[1], width=59, height=14}, CandidateElementPosition{top=291, left=488, xpath=//TABLE[@id = 'maintable']/TBODY[1]/TR[1]/TH[5]/A[1], width=76, height=14}, CandidateElementPosition{top=291, left=330, xpath=//TABLE[@id = 'maintable']/TBODY[1]/TR[1]/TH[6]/A[1], width=81, height=14}, CandidateElementPosition{top=409, left=957, xpath=//DIV[@id = 'footer']/UL[1]/LI[1]/A[2], width=33, height=14}, CandidateElementPosition{top=347, left=236, xpath=//DIV[@id = 'content']/FORM[2]/DIV[4]/INPUT[1], width=70, height=21}, CandidateElementPosition{top=347, left=889, xpath=//DIV[@id = 'content']/FORM[2]/DIV[1]/INPUT[1], width=100, height=21}, CandidateElementPosition{top=347, left=821, xpath=//DIV[@id = 'content']/FORM[2]/DIV[2]/INPUT[1], width=68, height=21}], fanIn=7, fanOut=17, failedEvents=[], hasNearDuplicate=false, nearestState=state9, distToNearestState=0.01098901098901099, timeAdded=1764141962853}, state30=State{name=state30, id=30, url=http://localhost:3000/addressbook825/birthdays.php?group=[none], candidateElements=[CandidateElementPosition{top=5, left=892, xpath=//DIV[@id = 'top']/FORM[1]/A[1], width=50, height=14}, CandidateElementPosition{top=0, left=0, xpath=//DIV[@id = 'header']/H1[1]/A[1], width=0, height=0}, CandidateElementPosition{top=89, left=650, xpath=//DIV[@id = 'header']/A[1], width=340, height=14}, CandidateElementPosition{top=105, left=513, xpath=//DIV[@id = 'nav']/UL[1]/LI[1]/A[1], width=44, height=14}, CandidateElementPosition{top=105, left=560, xpath=//DIV[@id = 'nav']/UL[1]/LI[2]/A[1], width=68, height=14}, CandidateElementPosition{top=105, left=632, xpath=//DIV[@id = 'nav']/UL[1]/LI[3]/A[1], width=60, height=14}, CandidateElementPosition{top=105, left=695, xpath=//DIV[@id = 'nav']/UL[1]/LI[4]/A[1], width=114, height=14}, CandidateElementPosition{top=105, left=813, xpath=//DIV[@id = 'nav']/UL[1]/LI[5]/A[1], width=72, height=14}, CandidateElementPosition{top=105, left=888, xpath=//DIV[@id = 'nav']/UL[1]/LI[6]/A[1], width=101, height=14}, CandidateElementPosition{top=263, left=957, xpath=//DIV[@id = 'footer']/UL[1]/LI[1]/A[2], width=33, height=14}], fanIn=4, fanOut=9, failedEvents=[], hasNearDuplicate=false, nearestState=state26, distToNearestState=0.14634146341463414, timeAdded=1764141927976}, state74=State{name=state74, id=74, url=http://localhost:3000/addressbook825/edit.php?group=[none], candidateElements=[CandidateElementPosition{top=5, left=885, xpath=//DIV[@id = 'top']/FORM[1]/A[1], width=51, height=14}, CandidateElementPosition{top=254, left=0, xpath=//DIV[@id = 'header']/H1[1]/A[1], width=0, height=0}, CandidateElementPosition{top=89, left=642, xpath=//DIV[@id = 'header']/A[1], width=340, height=14}, CandidateElementPosition{top=105, left=506, xpath=//DIV[@id = 'nav']/UL[1]/LI[1]/A[1], width=44, height=14}, CandidateElementPosition{top=105, left=553, xpath=//DIV[@id = 'nav']/UL[1]/LI[2]/A[1], width=68, height=14}, CandidateElementPosition{top=105, left=624, xpath=//DIV[@id = 'nav']/UL[1]/LI[3]/A[1], width=60, height=14}, CandidateElementPosition{top=105, left=688, xpath=//DIV[@id = 'nav']/UL[1]/LI[4]/A[1], width=114, height=14}, CandidateElementPosition{top=105, left=805, xpath=//DIV[@id = 'nav']/UL[1]/LI[5]/A[1], width=72, height=14}, CandidateElementPosition{top=105, left=881, xpath=//DIV[@id = 'nav']/UL[1]/LI[6]/A[1], width=102, height=14}, CandidateElementPosition{top=1110, left=949, xpath=//DIV[@id = 'footer']/UL[1]/LI[1]/A[2], width=33, height=14}, CandidateElementPosition{top=1041, left=921, xpath=//DIV[@id = 'content']/FORM[1]/INPUT[20], width=61, height=21}], fanIn=18, fanOut=10, failedEvents=[], hasNearDuplicate=false, nearestState=state21, distToNearestState=0.004651162790697674, timeAdded=1764142001410}, state190=State{name=state190, id=190, url=http://localhost:3000/addressbook825/index.php?group=%5Bnone%5D, candidateElements=[CandidateElementPosition{top=5, left=892, xpath=//DIV[@id = 'top']/FORM[1]/A[1], width=50, height=14}, CandidateElementPosition{top=0, left=0, xpath=//DIV[@id = 'header']/H1[1]/A[1], width=0, height=0}, CandidateElementPosition{top=89, left=650, xpath=//DIV[@id = 'header']/A[1], width=340, height=14}, CandidateElementPosition{top=105, left=513, xpath=//DIV[@id = 'nav']/UL[1]/LI[1]/A[1], width=44, height=14}, CandidateElementPosition{top=105, left=560, xpath=//DIV[@id = 'nav']/UL[1]/LI[2]/A[1], width=68, height=14}, CandidateElementPosition{top=105, left=632, xpath=//DIV[@id = 'nav']/UL[1]/LI[3]/A[1], width=60, height=14}, CandidateElementPosition{top=105, left=695, xpath=//DIV[@id = 'nav']/UL[1]/LI[4]/A[1], width=114, height=14}, CandidateElementPosition{top=105, left=813, xpath=//DIV[@id = 'nav']/UL[1]/LI[5]/A[1], width=72, height=14}, CandidateElementPosition{top=105, left=888, xpath=//DIV[@id = 'nav']/UL[1]/LI[6]/A[1], width=101, height=14}, CandidateElementPosition{top=291, left=903, xpath=//TABLE[@id = 'maintable']/TBODY[1]/TR[1]/TH[2]/A[1], width=42, height=14}, CandidateElementPosition{top=291, left=757, xpath=//TABLE[@id = 'maintable']/TBODY[1]/TR[1]/TH[3]/A[1], width=72, height=14}, CandidateElementPosition{top=291, left=632, xpath=//TABLE[@id = 'maintable']/TBODY[1]/TR[1]/TH[4]/A[1], width=59, height=14}, CandidateElementPosition{top=291, left=488, xpath=//TABLE[@id = 'maintable']/TBODY[1]/TR[1]/TH[5]/A[1], width=76, height=14}, CandidateElementPosition{top=291, left=330, xpath=//TABLE[@id = 'maintable']/TBODY[1]/TR[1]/TH[6]/A[1], width=81, height=14}, CandidateElementPosition{top=0, left=0, xpath=//TABLE[@id = 'maintable']/TBODY[1]/TR[2]/TD[7]/A[1], width=0, height=0}, CandidateElementPosition{top=0, left=0, xpath=//TABLE[@id = 'maintable']/TBODY[1]/TR[2]/TD[8]/A[1], width=0, height=0}, CandidateElementPosition{top=0, left=0, xpath=//TABLE[@id = 'maintable']/TBODY[1]/TR[2]/TD[9]/A[1], width=0, height=0}, CandidateElementPosition{top=0, left=0, xpath=//TABLE[@id = 'maintable']/TBODY[1]/TR[3]/TD[7]/A[1], width=0, height=0}, CandidateElementPosition{top=0, left=0, xpath=//TABLE[@id = 'maintable']/TBODY[1]/TR[3]/TD[8]/A[1], width=0, height=0}, CandidateElementPosition{top=0, left=0, xpath=//TABLE[@id = 'maintable']/TBODY[1]/TR[3]/TD[9]/A[1], width=0, height=0}, CandidateElementPosition{top=409, left=957, xpath=//DIV[@id = 'footer']/UL[1]/LI[1]/A[2], width=33, height=14}, CandidateElementPosition{top=347, left=236, xpath=//DIV[@id = 'content']/FORM[2]/DIV[4]/INPUT[1], width=70, height=21}, CandidateElementPosition{top=347, left=889, xpath=//DIV[@id = 'content']/FORM[2]/DIV[1]/INPUT[1], width=100, height=21}, CandidateElementPosition{top=347, left=821, xpath=//DIV[@id = 'content']/FORM[2]/DIV[2]/INPUT[1], width=68, height=21}], fanIn=5, fanOut=11, failedEvents=[], hasNearDuplicate=false, nearestState=state160, distToNearestState=0.006535947712418301, timeAdded=1764142258506}, state590=State{name=state590, id=590, url=http://localhost:3000/addressbook825/birthdays.php, candidateElements=[CandidateElementPosition{top=5, left=892, xpath=//DIV[@id = 'top']/FORM[1]/A[1], width=50, height=14}, CandidateElementPosition{top=0, left=0, xpath=//DIV[@id = 'header']/H1[1]/A[1], width=0, height=0}, CandidateElementPosition{top=89, left=650, xpath=//DIV[@id = 'header']/A[1], width=340, height=14}, CandidateElementPosition{top=105, left=513, xpath=//DIV[@id = 'nav']/UL[1]/LI[1]/A[1], width=44, height=14}, CandidateElementPosition{top=105, left=560, xpath=//DIV[@id = 'nav']/UL[1]/LI[2]/A[1], width=68, height=14}, CandidateElementPosition{top=105, left=632, xpath=//DIV[@id = 'nav']/UL[1]/LI[3]/A[1], width=60, height=14}, CandidateElementPosition{top=105, left=695, xpath=//DIV[@id = 'nav']/UL[1]/LI[4]/A[1], width=114, height=14}, CandidateElementPosition{top=105, left=813, xpath=//DIV[@id = 'nav']/UL[1]/LI[5]/A[1], width=72, height=14}, CandidateElementPosition{top=105, left=888, xpath=//DIV[@id = 'nav']/UL[1]/LI[6]/A[1], width=101, height=14}, CandidateElementPosition{top=256, left=353, xpath=//TABLE[@id = 'birthdays']/TBODY[1]/TR[2]/TD[7]/A[1], width=16, height=14}, CandidateElementPosition{top=256, left=320, xpath=//TABLE[@id = 'birthdays']/TBODY[1]/TR[2]/TD[8]/A[1], width=16, height=14}, CandidateElementPosition{top=256, left=287, xpath=//TABLE[@id = 'birthdays']/TBODY[1]/TR[2]/TD[9]/A[1], width=16, height=14}, CandidateElementPosition{top=277, left=353, xpath=//TABLE[@id = 'birthdays']/TBODY[1]/TR[3]/TD[7]/A[1], width=16, height=14}, CandidateElementPosition{top=277, left=320, xpath=//TABLE[@id = 'birthdays']/TBODY[1]/TR[3]/TD[8]/A[1], width=16, height=14}, CandidateElementPosition{top=277, left=287, xpath=//TABLE[@id = 'birthdays']/TBODY[1]/TR[3]/TD[9]/A[1], width=16, height=14}, CandidateElementPosition{top=298, left=353, xpath=//TABLE[@id = 'birthdays']/TBODY[1]/TR[4]/TD[7]/A[1], width=16, height=14}, CandidateElementPosition{top=298, left=320, xpath=//TABLE[@id = 'birthdays']/TBODY[1]/TR[4]/TD[8]/A[1], width=16, height=14}, CandidateElementPosition{top=298, left=287, xpath=//TABLE[@id = 'birthdays']/TBODY[1]/TR[4]/TD[9]/A[1], width=16, height=14}, CandidateElementPosition{top=319, left=353, xpath=//TABLE[@id = 'birthdays']/TBODY[1]/TR[5]/TD[7]/A[1], width=16, height=14}, CandidateElementPosition{top=319, left=320, xpath=//TABLE[@id = 'birthdays']/TBODY[1]/TR[5]/TD[8]/A[1], width=16, height=14}, CandidateElementPosition{top=319, left=287, xpath=//TABLE[@id = 'birthdays']/TBODY[1]/TR[5]/TD[9]/A[1], width=16, height=14}, CandidateElementPosition{top=340, left=353, xpath=//TABLE[@id = 'birthdays']/TBODY[1]/TR[6]/TD[7]/A[1], width=16, height=14}, CandidateElementPosition{top=340, left=320, xpath=//TABLE[@id = 'birthdays']/TBODY[1]/TR[6]/TD[8]/A[1], width=16, height=14}, CandidateElementPosition{top=340, left=287, xpath=//TABLE[@id = 'birthdays']/TBODY[1]/TR[6]/TD[9]/A[1], width=16, height=14}, CandidateElementPosition{top=361, left=353, xpath=//TABLE[@id = 'birthdays']/TBODY[1]/TR[7]/TD[7]/A[1], width=16, height=14}, CandidateElementPosition{top=361, left=320, xpath=//TABLE[@id = 'birthdays']/TBODY[1]/TR[7]/TD[8]/A[1], width=16, height=14}, CandidateElementPosition{top=361, left=287, xpath=//TABLE[@id = 'birthdays']/TBODY[1]/TR[7]/TD[9]/A[1], width=16, height=14}, CandidateElementPosition{top=382, left=353, xpath=//TABLE[@id = 'birthdays']/TBODY[1]/TR[8]/TD[7]/A[1], width=16, height=14}, CandidateElementPosition{top=382, left=320, xpath=//TABLE[@id = 'birthdays']/TBODY[1]/TR[8]/TD[8]/A[1], width=16, height=14}, CandidateElementPosition{top=382, left=287, xpath=//TABLE[@id = 'birthdays']/TBODY[1]/TR[8]/TD[9]/A[1], width=16, height=14}, CandidateElementPosition{top=403, left=353, xpath=//TABLE[@id = 'birthdays']/TBODY[1]/TR[9]/TD[7]/A[1], width=16, height=14}, CandidateElementPosition{top=403, left=320, xpath=//TABLE[@id = 'birthdays']/TBODY[1]/TR[9]/TD[8]/A[1], width=16, height=14}, CandidateElementPosition{top=403, left=287, xpath=//TABLE[@id = 'birthdays']/TBODY[1]/TR[9]/TD[9]/A[1], width=16, height=14}, CandidateElementPosition{top=424, left=353, xpath=//TABLE[@id = 'birthdays']/TBODY[1]/TR[10]/TD[7]/A[1], width=16, height=14}, CandidateElementPosition{top=424, left=320, xpath=//TABLE[@id = 'birthdays']/TBODY[1]/TR[10]/TD[8]/A[1], width=16, height=14}, CandidateElementPosition{top=424, left=287, xpath=//TABLE[@id = 'birthdays']/TBODY[1]/TR[10]/TD[9]/A[1], width=16, height=14}, CandidateElementPosition{top=445, left=353, xpath=//TABLE[@id = 'birthdays']/TBODY[1]/TR[11]/TD[7]/A[1], width=16, height=14}, CandidateElementPosition{top=445, left=320, xpath=//TABLE[@id = 'birthdays']/TBODY[1]/TR[11]/TD[8]/A[1], width=16, height=14}, CandidateElementPosition{top=445, left=287, xpath=//TABLE[@id = 'birthdays']/TBODY[1]/TR[11]/TD[9]/A[1], width=16, height=14}, CandidateElementPosition{top=466, left=353, xpath=//TABLE[@id = 'birthdays']/TBODY[1]/TR[12]/TD[7]/A[1], width=16, height=14}, CandidateElementPosition{top=466, left=320, xpath=//TABLE[@id = 'birthdays']/TBODY[1]/TR[12]/TD[8]/A[1], width=16, height=14}, CandidateElementPosition{top=466, left=287, xpath=//TABLE[@id = 'birthdays']/TBODY[1]/TR[12]/TD[9]/A[1], width=16, height=14}, CandidateElementPosition{top=487, left=353, xpath=//TABLE[@id = 'birthdays']/TBODY[1]/TR[13]/TD[7]/A[1], width=16, height=14}, CandidateElementPosition{top=487, left=320, xpath=//TABLE[@id = 'birthdays']/TBODY[1]/TR[13]/TD[8]/A[1], width=16, height=14}, CandidateElementPosition{top=487, left=287, xpath=//TABLE[@id = 'birthdays']/TBODY[1]/TR[13]/TD[9]/A[1], width=16, height=14}, CandidateElementPosition{top=508, left=353, xpath=//TABLE[@id = 'birthdays']/TBODY[1]/TR[14]/TD[7]/A[1], width=16, height=14}, CandidateElementPosition{top=508, left=320, xpath=//TABLE[@id = 'birthdays']/TBODY[1]/TR[14]/TD[8]/A[1], width=16, height=14}, CandidateElementPosition{top=508, left=287, xpath=//TABLE[@id = 'birthdays']/TBODY[1]/TR[14]/TD[9]/A[1], width=16, height=14}, CandidateElementPosition{top=529, left=353, xpath=//TABLE[@id = 'birthdays']/TBODY[1]/TR[15]/TD[7]/A[1], width=16, height=14}, CandidateElementPosition{top=529, left=320, xpath=//TABLE[@id = 'birthdays']/TBODY[1]/TR[15]/TD[8]/A[1], width=16, height=14}, CandidateElementPosition{top=529, left=287, xpath=//TABLE[@id = 'birthdays']/TBODY[1]/TR[15]/TD[9]/A[1], width=16, height=14}, CandidateElementPosition{top=550, left=353, xpath=//TABLE[@id = 'birthdays']/TBODY[1]/TR[16]/TD[7]/A[1], width=16, height=14}, CandidateElementPosition{top=550, left=320, xpath=//TABLE[@id = 'birthdays']/TBODY[1]/TR[16]/TD[8]/A[1], width=16, height=14}, CandidateElementPosition{top=550, left=287, xpath=//TABLE[@id = 'birthdays']/TBODY[1]/TR[16]/TD[9]/A[1], width=16, height=14}, CandidateElementPosition{top=571, left=353, xpath=//TABLE[@id = 'birthdays']/TBODY[1]/TR[17]/TD[7]/A[1], width=16, height=14}, CandidateElementPosition{top=571, left=320, xpath=//TABLE[@id = 'birthdays']/TBODY[1]/TR[17]/TD[8]/A[1], width=16, height=14}, CandidateElementPosition{top=571, left=287, xpath=//TABLE[@id = 'birthdays']/TBODY[1]/TR[17]/TD[9]/A[1], width=16, height=14}, CandidateElementPosition{top=592, left=353, xpath=//TABLE[@id = 'birthdays']/TBODY[1]/TR[18]/TD[7]/A[1], width=16, height=14}, CandidateElementPosition{top=592, left=320, xpath=//TABLE[@id = 'birthdays']/TBODY[1]/TR[18]/TD[8]/A[1], width=16, height=14}, CandidateElementPosition{top=592, left=287, xpath=//TABLE[@id = 'birthdays']/TBODY[1]/TR[18]/TD[9]/A[1], width=16, height=14}, CandidateElementPosition{top=613, left=353, xpath=//TABLE[@id = 'birthdays']/TBODY[1]/TR[19]/TD[7]/A[1], width=16, height=14}, CandidateElementPosition{top=613, left=320, xpath=//TABLE[@id = 'birthdays']/TBODY[1]/TR[19]/TD[8]/A[1], width=16, height=14}, CandidateElementPosition{top=613, left=287, xpath=//TABLE[@id = 'birthdays']/TBODY[1]/TR[19]/TD[9]/A[1], width=16, height=14}, CandidateElementPosition{top=634, left=353, xpath=//TABLE[@id = 'birthdays']/TBODY[1]/TR[20]/TD[7]/A[1], width=16, height=14}, CandidateElementPosition{top=634, left=320, xpath=//TABLE[@id = 'birthdays']/TBODY[1]/TR[20]/TD[8]/A[1], width=16, height=14}, CandidateElementPosition{top=634, left=287, xpath=//TABLE[@id = 'birthdays']/TBODY[1]/TR[20]/TD[9]/A[1], width=16, height=14}, CandidateElementPosition{top=696, left=957, xpath=//DIV[@id = 'footer']/UL[1]/LI[1]/A[2], width=33, height=14}], fanIn=2, fanOut=2, failedEvents=[], hasNearDuplicate=false, nearestState=state480, distToNearestState=0.19393939393939394, timeAdded=1764144379165}, state393=State{name=state393, id=393, url=http://localhost:3000/addressbook825/view.php?group=[none]&all&print, candidateElements=[CandidateElementPosition{top=1583, left=1150, xpath=//DIV[@id = 'footer']/UL[1]/LI[1]/A[2], width=33, height=14}], fanIn=2, fanOut=1, failedEvents=[], hasNearDuplicate=false, nearestState=state351, distToNearestState=0.17801047120418848, timeAdded=1764143002598}, state154=State{name=state154, id=154, url=http://localhost:3000/addressbook825/view.php?group=[none]&all&print, candidateElements=[CandidateElementPosition{top=500, left=1165, xpath=//DIV[@id = 'footer']/UL[1]/LI[1]/A[2], width=33, height=14}], fanIn=1, fanOut=1, failedEvents=[], hasNearDuplicate=false, nearestState=state36, distToNearestState=0.74, timeAdded=1764142171176}, state231=State{name=state231, id=231, url=http://localhost:3000/addressbook825/birthdays.php?group=[none], candidateElements=[CandidateElementPosition{top=5, left=892, xpath=//DIV[@id = 'top']/FORM[1]/A[1], width=50, height=14}, CandidateElementPosition{top=0, left=0, xpath=//DIV[@id = 'header']/H1[1]/A[1], width=0, height=0}, CandidateElementPosition{top=89, left=650, xpath=//DIV[@id = 'header']/A[1], width=340, height=14}, CandidateElementPosition{top=105, left=513, xpath=//DIV[@id = 'nav']/UL[1]/LI[1]/A[1], width=44, height=14}, CandidateElementPosition{top=105, left=560, xpath=//DIV[@id = 'nav']/UL[1]/LI[2]/A[1], width=68, height=14}, CandidateElementPosition{top=105, left=632, xpath=//DIV[@id = 'nav']/UL[1]/LI[3]/A[1], width=60, height=14}, CandidateElementPosition{top=105, left=695, xpath=//DIV[@id = 'nav']/UL[1]/LI[4]/A[1], width=114, height=14}, CandidateElementPosition{top=105, left=813, xpath=//DIV[@id = 'nav']/UL[1]/LI[5]/A[1], width=72, height=14}, CandidateElementPosition{top=105, left=888, xpath=//DIV[@id = 'nav']/UL[1]/LI[6]/A[1], width=101, height=14}, CandidateElementPosition{top=256, left=353, xpath=//TABLE[@id = 'birthdays']/TBODY[1]/TR[2]/TD[7]/A[1], width=16, height=14}, CandidateElementPosition{top=256, left=320, xpath=//TABLE[@id = 'birthdays']/TBODY[1]/TR[2]/TD[8]/A[1], width=16, height=14}, CandidateElementPosition{top=256, left=287, xpath=//TABLE[@id = 'birthdays']/TBODY[1]/TR[2]/TD[9]/A[1], width=16, height=14}, CandidateElementPosition{top=277, left=353, xpath=//TABLE[@id = 'birthdays']/TBODY[1]/TR[3]/TD[7]/A[1], width=16, height=14}, CandidateElementPosition{top=277, left=320, xpath=//TABLE[@id = 'birthdays']/TBODY[1]/TR[3]/TD[8]/A[1], width=16, height=14}, CandidateElementPosition{top=277, left=287, xpath=//TABLE[@id = 'birthdays']/TBODY[1]/TR[3]/TD[9]/A[1], width=16, height=14}, CandidateElementPosition{top=298, left=353, xpath=//TABLE[@id = 'birthdays']/TBODY[1]/TR[4]/TD[7]/A[1], width=16, height=14}, CandidateElementPosition{top=298, left=320, xpath=//TABLE[@id = 'birthdays']/TBODY[1]/TR[4]/TD[8]/A[1], width=16, height=14}, CandidateElementPosition{top=298, left=287, xpath=//TABLE[@id = 'birthdays']/TBODY[1]/TR[4]/TD[9]/A[1], width=16, height=14}, CandidateElementPosition{top=319, left=353, xpath=//TABLE[@id = 'birthdays']/TBODY[1]/TR[5]/TD[7]/A[1], width=16, height=14}, CandidateElementPosition{top=319, left=320, xpath=//TABLE[@id = 'birthdays']/TBODY[1]/TR[5]/TD[8]/A[1], width=16, height=14}, CandidateElementPosition{top=319, left=287, xpath=//TABLE[@id = 'birthdays']/TBODY[1]/TR[5]/TD[9]/A[1], width=16, height=14}, CandidateElementPosition{top=381, left=957, xpath=//DIV[@id = 'footer']/UL[1]/LI[1]/A[2], width=33, height=14}], fanIn=1, fanOut=6, failedEvents=[], hasNearDuplicate=false, nearestState=state176, distToNearestState=0.35555555555555557, timeAdded=1764142382350}, state275=State{name=state275, id=275, url=http://localhost:3000/addressbook825/birthdays.php?group=[none], candidateElements=[CandidateElementPosition{top=5, left=892, xpath=//DIV[@id = 'top']/FORM[1]/A[1], width=50, height=14}, CandidateElementPosition{top=0, left=0, xpath=//DIV[@id = 'header']/H1[1]/A[1], width=0, height=0}, CandidateElementPosition{top=89, left=650, xpath=//DIV[@id = 'header']/A[1], width=340, height=14}, CandidateElementPosition{top=105, left=513, xpath=//DIV[@id = 'nav']/UL[1]/LI[1]/A[1], width=44, height=14}, CandidateElementPosition{top=105, left=560, xpath=//DIV[@id = 'nav']/UL[1]/LI[2]/A[1], width=68, height=14}, CandidateElementPosition{top=105, left=632, xpath=//DIV[@id = 'nav']/UL[1]/LI[3]/A[1], width=60, height=14}, CandidateElementPosition{top=105, left=695, xpath=//DIV[@id = 'nav']/UL[1]/LI[4]/A[1], width=114, height=14}, CandidateElementPosition{top=105, left=813, xpath=//DIV[@id = 'nav']/UL[1]/LI[5]/A[1], width=72, height=14}, CandidateElementPosition{top=105, left=888, xpath=//DIV[@id = 'nav']/UL[1]/LI[6]/A[1], width=101, height=14}, CandidateElementPosition{top=256, left=353, xpath=//TABLE[@id = 'birthdays']/TBODY[1]/TR[2]/TD[7]/A[1], width=16, height=14}, CandidateElementPosition{top=256, left=320, xpath=//TABLE[@id = 'birthdays']/TBODY[1]/TR[2]/TD[8]/A[1], width=16, height=14}, CandidateElementPosition{top=256, left=287, xpath=//TABLE[@id = 'birthdays']/TBODY[1]/TR[2]/TD[9]/A[1], width=16, height=14}, CandidateElementPosition{top=277, left=353, xpath=//TABLE[@id = 'birthdays']/TBODY[1]/TR[3]/TD[7]/A[1], width=16, height=14}, CandidateElementPosition{top=277, left=320, xpath=//TABLE[@id = 'birthdays']/TBODY[1]/TR[3]/TD[8]/A[1], width=16, height=14}, CandidateElementPosition{top=277, left=287, xpath=//TABLE[@id = 'birthdays']/TBODY[1]/TR[3]/TD[9]/A[1], width=16, height=14}, CandidateElementPosition{top=298, left=353, xpath=//TABLE[@id = 'birthdays']/TBODY[1]/TR[4]/TD[7]/A[1], width=16, height=14}, CandidateElementPosition{top=298, left=320, xpath=//TABLE[@id = 'birthdays']/TBODY[1]/TR[4]/TD[8]/A[1], width=16, height=14}, CandidateElementPosition{top=298, left=287, xpath=//TABLE[@id = 'birthdays']/TBODY[1]/TR[4]/TD[9]/A[1], width=16, height=14}, CandidateElementPosition{top=319, left=353, xpath=//TABLE[@id = 'birthdays']/TBODY[1]/TR[5]/TD[7]/A[1], width=16, height=14}, CandidateElementPosition{top=319, left=320, xpath=//TABLE[@id = 'birthdays']/TBODY[1]/TR[5]/TD[8]/A[1], width=16, height=14}, CandidateElementPosition{top=319, left=287, xpath=//TABLE[@id = 'birthdays']/TBODY[1]/TR[5]/TD[9]/A[1], width=16, height=14}, CandidateElementPosition{top=340, left=353, xpath=//TABLE[@id = 'birthdays']/TBODY[1]/TR[6]/TD[7]/A[1], width=16, height=14}, CandidateElementPosition{top=340, left=320, xpath=//TABLE[@id = 'birthdays']/TBODY[1]/TR[6]/TD[8]/A[1], width=16, height=14}, CandidateElementPosition{top=340, left=287, xpath=//TABLE[@id = 'birthdays']/TBODY[1]/TR[6]/TD[9]/A[1], width=16, height=14}, CandidateElementPosition{top=361, left=353, xpath=//TABLE[@id = 'birthdays']/TBODY[1]/TR[7]/TD[7]/A[1], width=16, height=14}, CandidateElementPosition{top=361, left=320, xpath=//TABLE[@id = 'birthdays']/TBODY[1]/TR[7]/TD[8]/A[1], width=16, height=14}, CandidateElementPosition{top=361, left=287, xpath=//TABLE[@id = 'birthdays']/TBODY[1]/TR[7]/TD[9]/A[1], width=16, height=14}, CandidateElementPosition{top=423, left=957, xpath=//DIV[@id = 'footer']/UL[1]/LI[1]/A[2], width=33, height=14}], fanIn=2, fanOut=6, failedEvents=[], hasNearDuplicate=false, nearestState=state231, distToNearestState=0.26229508196721313, timeAdded=1764142523131}, state351=State{name=state351, id=351, url=http://localhost:3000/addressbook825/view.php?group=[none]&all&print, candidateElements=[CandidateElementPosition{top=1222, left=1150, xpath=//DIV[@id = 'footer']/UL[1]/LI[1]/A[2], width=33, height=14}], fanIn=1, fanOut=1, failedEvents=[], hasNearDuplicate=false, nearestState=state317, distToNearestState=0.10191082802547771, timeAdded=1764142804716}, state343=State{name=state343, id=343, url=http://localhost:3000/addressbook825/view.php?all&print, candidateElements=[CandidateElementPosition{top=1222, left=1150, xpath=//DIV[@id = 'footer']/UL[1]/LI[1]/A[2], width=33, height=14}], fanIn=1, fanOut=1, failedEvents=[], hasNearDuplicate=false, nearestState=state317, distToNearestState=0.0035460992907801418, timeAdded=1764142766986}, state221=State{name=state221, id=221, url=http://localhost:3000/addressbook825/view.php?group=[none]&all&print, candidateElements=[CandidateElementPosition{top=861, left=1150, xpath=//DIV[@id = 'footer']/UL[1]/LI[1]/A[2], width=33, height=14}], fanIn=2, fanOut=1, failedEvents=[], hasNearDuplicate=false, nearestState=state183, distToNearestState=0.4533333333333333, timeAdded=1764142351419}, state265=State{name=state265, id=265, url=http://localhost:3000/addressbook825/view.php?group=[none]&all&print&phones, candidateElements=[CandidateElementPosition{top=357, left=1165, xpath=//DIV[@id = 'footer']/UL[1]/LI[1]/A[2], width=33, height=14}], fanIn=3, fanOut=1, failedEvents=[], hasNearDuplicate=false, nearestState=state240, distToNearestState=0.2916666666666667, timeAdded=1764142492049}, state543=State{name=state543, id=543, url=http://localhost:3000/addressbook825/view.php?group=[none]&all&print&phones, candidateElements=[CandidateElementPosition{top=575, left=1165, xpath=//DIV[@id = 'footer']/UL[1]/LI[1]/A[2], width=33, height=14}], fanIn=1, fanOut=1, failedEvents=[], hasNearDuplicate=false, nearestState=state496, distToNearestState=0.04938271604938271, timeAdded=1764143862629}, state146=State{name=state146, id=146, url=http://localhost:3000/addressbook825/group.php, candidateElements=[CandidateElementPosition{top=5, left=892, xpath=//DIV[@id = 'top']/FORM[1]/A[1], width=50, height=14}, CandidateElementPosition{top=0, left=0, xpath=//DIV[@id = 'header']/H1[1]/A[1], width=0, height=0}, CandidateElementPosition{top=89, left=650, xpath=//DIV[@id = 'header']/A[1], width=340, height=14}, CandidateElementPosition{top=105, left=513, xpath=//DIV[@id = 'nav']/UL[1]/LI[1]/A[1], width=44, height=14}, CandidateElementPosition{top=105, left=560, xpath=//DIV[@id = 'nav']/UL[1]/LI[2]/A[1], width=68, height=14}, CandidateElementPosition{top=105, left=632, xpath=//DIV[@id = 'nav']/UL[1]/LI[3]/A[1], width=60, height=14}, CandidateElementPosition{top=105, left=695, xpath=//DIV[@id = 'nav']/UL[1]/LI[4]/A[1], width=114, height=14}, CandidateElementPosition{top=105, left=813, xpath=//DIV[@id = 'nav']/UL[1]/LI[5]/A[1], width=72, height=14}, CandidateElementPosition{top=105, left=888, xpath=//DIV[@id = 'nav']/UL[1]/LI[6]/A[1], width=101, height=14}, CandidateElementPosition{top=701, left=957, xpath=//DIV[@id = 'footer']/UL[1]/LI[1]/A[2], width=33, height=14}, CandidateElementPosition{top=618, left=920, xpath=//DIV[@id = 'content']/FORM[1]/INPUT[3], width=69, height=21}], fanIn=1, fanOut=8, failedEvents=[], hasNearDuplicate=false, nearestState=state130, distToNearestState=0.05454545454545454, timeAdded=1764142155499}, state545=State{name=state545, id=545, url=http://localhost:3000/addressbook825/index.php, candidateElements=[CandidateElementPosition{top=5, left=885, xpath=//DIV[@id = 'top']/FORM[1]/A[1], width=51, height=14}, CandidateElementPosition{top=529, left=0, xpath=//DIV[@id = 'header']/H1[1]/A[1], width=0, height=0}, CandidateElementPosition{top=89, left=642, xpath=//DIV[@id = 'header']/A[1], width=340, height=14}, CandidateElementPosition{top=105, left=506, xpath=//DIV[@id = 'nav']/UL[1]/LI[1]/A[1], width=44, height=14}, CandidateElementPosition{top=105, left=553, xpath=//DIV[@id = 'nav']/UL[1]/LI[2]/A[1], width=68, height=14}, CandidateElementPosition{top=105, left=624, xpath=//DIV[@id = 'nav']/UL[1]/LI[3]/A[1], width=60, height=14}, CandidateElementPosition{top=105, left=688, xpath=//DIV[@id = 'nav']/UL[1]/LI[4]/A[1], width=114, height=14}, CandidateElementPosition{top=105, left=805, xpath=//DIV[@id = 'nav']/UL[1]/LI[5]/A[1], width=72, height=14}, CandidateElementPosition{top=105, left=881, xpath=//DIV[@id = 'nav']/UL[1]/LI[6]/A[1], width=102, height=14}, CandidateElementPosition{top=291, left=900, xpath=//TABLE[@id = 'maintable']/TBODY[1]/TR[1]/TH[2]/A[1], width=43, height=14}, CandidateElementPosition{top=291, left=765, xpath=//TABLE[@id = 'maintable']/TBODY[1]/TR[1]/TH[3]/A[1], width=72, height=14}, CandidateElementPosition{top=291, left=619, xpath=//TABLE[@id = 'maintable']/TBODY[1]/TR[1]/TH[4]/A[1], width=59, height=14}, CandidateElementPosition{top=291, left=470, xpath=//TABLE[@id = 'maintable']/TBODY[1]/TR[1]/TH[5]/A[1], width=76, height=14}, CandidateElementPosition{top=291, left=336, xpath=//TABLE[@id = 'maintable']/TBODY[1]/TR[1]/TH[6]/A[1], width=80, height=14}, CandidateElementPosition{top=341, left=301, xpath=//TABLE[@id = 'maintable']/TBODY[1]/TR[2]/TD[7]/A[1], width=16, height=14}, CandidateElementPosition{top=341, left=278, xpath=//TABLE[@id = 'maintable']/TBODY[1]/TR[2]/TD[8]/A[1], width=16, height=14}, CandidateElementPosition{top=341, left=255, xpath=//TABLE[@id = 'maintable']/TBODY[1]/TR[2]/TD[9]/A[1], width=16, height=14}, CandidateElementPosition{top=402, left=301, xpath=//TABLE[@id = 'maintable']/TBODY[1]/TR[3]/TD[7]/A[1], width=16, height=14}, CandidateElementPosition{top=402, left=278, xpath=//TABLE[@id = 'maintable']/TBODY[1]/TR[3]/TD[8]/A[1], width=16, height=14}, CandidateElementPosition{top=402, left=255, xpath=//TABLE[@id = 'maintable']/TBODY[1]/TR[3]/TD[9]/A[1], width=16, height=14}, CandidateElementPosition{top=463, left=301, xpath=//TABLE[@id = 'maintable']/TBODY[1]/TR[4]/TD[7]/A[1], width=16, height=14}, CandidateElementPosition{top=463, left=278, xpath=//TABLE[@id = 'maintable']/TBODY[1]/TR[4]/TD[8]/A[1], width=16, height=14}, CandidateElementPosition{top=463, left=255, xpath=//TABLE[@id = 'maintable']/TBODY[1]/TR[4]/TD[9]/A[1], width=16, height=14}, CandidateElementPosition{top=524, left=301, xpath=//TABLE[@id = 'maintable']/TBODY[1]/TR[5]/TD[7]/A[1], width=16, height=14}, CandidateElementPosition{top=524, left=278, xpath=//TABLE[@id = 'maintable']/TBODY[1]/TR[5]/TD[8]/A[1], width=16, height=14}, CandidateElementPosition{top=524, left=255, xpath=//TABLE[@id = 'maintable']/TBODY[1]/TR[5]/TD[9]/A[1], width=16, height=14}, CandidateElementPosition{top=585, left=301, xpath=//TABLE[@id = 'maintable']/TBODY[1]/TR[6]/TD[7]/A[1], width=16, height=14}, CandidateElementPosition{top=585, left=278, xpath=//TABLE[@id = 'maintable']/TBODY[1]/TR[6]/TD[8]/A[1], width=16, height=14}, CandidateElementPosition{top=585, left=255, xpath=//TABLE[@id = 'maintable']/TBODY[1]/TR[6]/TD[9]/A[1], width=16, height=14}, CandidateElementPosition{top=646, left=301, xpath=//TABLE[@id = 'maintable']/TBODY[1]/TR[7]/TD[7]/A[1], width=16, height=14}, CandidateElementPosition{top=646, left=278, xpath=//TABLE[@id = 'maintable']/TBODY[1]/TR[7]/TD[8]/A[1], width=16, height=14}, CandidateElementPosition{top=646, left=255, xpath=//TABLE[@id = 'maintable']/TBODY[1]/TR[7]/TD[9]/A[1], width=16, height=14}, CandidateElementPosition{top=707, left=301, xpath=//TABLE[@id = 'maintable']/TBODY[1]/TR[8]/TD[7]/A[1], width=16, height=14}, CandidateElementPosition{top=707, left=278, xpath=//TABLE[@id = 'maintable']/TBODY[1]/TR[8]/TD[8]/A[1], width=16, height=14}, CandidateElementPosition{top=707, left=255, xpath=//TABLE[@id = 'maintable']/TBODY[1]/TR[8]/TD[9]/A[1], width=16, height=14}, CandidateElementPosition{top=768, left=301, xpath=//TABLE[@id = 'maintable']/TBODY[1]/TR[9]/TD[7]/A[1], width=16, height=14}, CandidateElementPosition{top=768, left=278, xpath=//TABLE[@id = 'maintable']/TBODY[1]/TR[9]/TD[8]/A[1], width=16, height=14}, CandidateElementPosition{top=768, left=255, xpath=//TABLE[@id = 'maintable']/TBODY[1]/TR[9]/TD[9]/A[1], width=16, height=14}, CandidateElementPosition{top=829, left=301, xpath=//TABLE[@id = 'maintable']/TBODY[1]/TR[10]/TD[7]/A[1], width=16, height=14}, CandidateElementPosition{top=829, left=278, xpath=//TABLE[@id = 'maintable']/TBODY[1]/TR[10]/TD[8]/A[1], width=16, height=14}, CandidateElementPosition{top=829, left=255, xpath=//TABLE[@id = 'maintable']/TBODY[1]/TR[10]/TD[9]/A[1], width=16, height=14}, CandidateElementPosition{top=890, left=301, xpath=//TABLE[@id = 'maintable']/TBODY[1]/TR[11]/TD[7]/A[1], width=16, height=14}, CandidateElementPosition{top=890, left=278, xpath=//TABLE[@id = 'maintable']/TBODY[1]/TR[11]/TD[8]/A[1], width=16, height=14}, CandidateElementPosition{top=890, left=255, xpath=//TABLE[@id = 'maintable']/TBODY[1]/TR[11]/TD[9]/A[1], width=16, height=14}, CandidateElementPosition{top=951, left=301, xpath=//TABLE[@id = 'maintable']/TBODY[1]/TR[12]/TD[7]/A[1], width=16, height=14}, CandidateElementPosition{top=951, left=278, xpath=//TABLE[@id = 'maintable']/TBODY[1]/TR[12]/TD[8]/A[1], width=16, height=14}, CandidateElementPosition{top=951, left=255, xpath=//TABLE[@id = 'maintable']/TBODY[1]/TR[12]/TD[9]/A[1], width=16, height=14}, CandidateElementPosition{top=1012, left=301, xpath=//TABLE[@id = 'maintable']/TBODY[1]/TR[13]/TD[7]/A[1], width=16, height=14}, CandidateElementPosition{top=1012, left=278, xpath=//TABLE[@id = 'maintable']/TBODY[1]/TR[13]/TD[8]/A[1], width=16, height=14}, CandidateElementPosition{top=1012, left=255, xpath=//TABLE[@id = 'maintable']/TBODY[1]/TR[13]/TD[9]/A[1], width=16, height=14}, CandidateElementPosition{top=1073, left=301, xpath=//TABLE[@id = 'maintable']/TBODY[1]/TR[14]/TD[7]/A[1], width=16, height=14}, CandidateElementPosition{top=1073, left=278, xpath=//TABLE[@id = 'maintable']/TBODY[1]/TR[14]/TD[8]/A[1], width=16, height=14}, CandidateElementPosition{top=1073, left=255, xpath=//TABLE[@id = 'maintable']/TBODY[1]/TR[14]/TD[9]/A[1], width=16, height=14}, CandidateElementPosition{top=1134, left=301, xpath=//TABLE[@id = 'maintable']/TBODY[1]/TR[15]/TD[7]/A[1], width=16, height=14}, CandidateElementPosition{top=1134, left=278, xpath=//TABLE[@id = 'maintable']/TBODY[1]/TR[15]/TD[8]/A[1], width=16, height=14}, CandidateElementPosition{top=1134, left=255, xpath=//TABLE[@id = 'maintable']/TBODY[1]/TR[15]/TD[9]/A[1], width=16, height=14}, CandidateElementPosition{top=1195, left=301, xpath=//TABLE[@id = 'maintable']/TBODY[1]/TR[16]/TD[7]/A[1], width=16, height=14}, CandidateElementPosition{top=1195, left=278, xpath=//TABLE[@id = 'maintable']/TBODY[1]/TR[16]/TD[8]/A[1], width=16, height=14}, CandidateElementPosition{top=1195, left=255, xpath=//TABLE[@id = 'maintable']/TBODY[1]/TR[16]/TD[9]/A[1], width=16, height=14}, CandidateElementPosition{top=1256, left=301, xpath=//TABLE[@id = 'maintable']/TBODY[1]/TR[17]/TD[7]/A[1], width=16, height=14}, CandidateElementPosition{top=1256, left=278, xpath=//TABLE[@id = 'maintable']/TBODY[1]/TR[17]/TD[8]/A[1], width=16, height=14}, CandidateElementPosition{top=1256, left=255, xpath=//TABLE[@id = 'maintable']/TBODY[1]/TR[17]/TD[9]/A[1], width=16, height=14}, CandidateElementPosition{top=1385, left=949, xpath=//DIV[@id = 'footer']/UL[1]/LI[1]/A[2], width=33, height=14}, CandidateElementPosition{top=1323, left=228, xpath=//DIV[@id = 'content']/FORM[2]/DIV[4]/INPUT[1], width=70, height=21}, CandidateElementPosition{top=1323, left=882, xpath=//DIV[@id = 'content']/FORM[2]/DIV[1]/INPUT[1], width=100, height=21}, CandidateElementPosition{top=1323, left=814, xpath=//DIV[@id = 'content']/FORM[2]/DIV[2]/INPUT[1], width=68, height=21}], fanIn=0, fanOut=1, failedEvents=[], hasNearDuplicate=false, nearestState=state453, distToNearestState=0.052901023890784986, timeAdded=1764143868933}, state346=State{name=state346, id=346, url=http://localhost:3000/addressbook825/index.php, candidateElements=[CandidateElementPosition{top=5, left=885, xpath=//DIV[@id = 'top']/FORM[1]/A[1], width=51, height=14}, CandidateElementPosition{top=102, left=0, xpath=//DIV[@id = 'header']/H1[1]/A[1], width=0, height=0}, CandidateElementPosition{top=89, left=642, xpath=//DIV[@id = 'header']/A[1], width=340, height=14}, CandidateElementPosition{top=105, left=506, xpath=//DIV[@id = 'nav']/UL[1]/LI[1]/A[1], width=44, height=14}, CandidateElementPosition{top=105, left=553, xpath=//DIV[@id = 'nav']/UL[1]/LI[2]/A[1], width=68, height=14}, CandidateElementPosition{top=105, left=624, xpath=//DIV[@id = 'nav']/UL[1]/LI[3]/A[1], width=60, height=14}, CandidateElementPosition{top=105, left=688, xpath=//DIV[@id = 'nav']/UL[1]/LI[4]/A[1], width=114, height=14}, CandidateElementPosition{top=105, left=805, xpath=//DIV[@id = 'nav']/UL[1]/LI[5]/A[1], width=72, height=14}, CandidateElementPosition{top=105, left=881, xpath=//DIV[@id = 'nav']/UL[1]/LI[6]/A[1], width=102, height=14}, CandidateElementPosition{top=291, left=900, xpath=//TABLE[@id = 'maintable']/TBODY[1]/TR[1]/TH[2]/A[1], width=43, height=14}, CandidateElementPosition{top=291, left=765, xpath=//TABLE[@id = 'maintable']/TBODY[1]/TR[1]/TH[3]/A[1], width=72, height=14}, CandidateElementPosition{top=291, left=619, xpath=//TABLE[@id = 'maintable']/TBODY[1]/TR[1]/TH[4]/A[1], width=59, height=14}, CandidateElementPosition{top=291, left=470, xpath=//TABLE[@id = 'maintable']/TBODY[1]/TR[1]/TH[5]/A[1], width=76, height=14}, CandidateElementPosition{top=291, left=336, xpath=//TABLE[@id = 'maintable']/TBODY[1]/TR[1]/TH[6]/A[1], width=80, height=14}, CandidateElementPosition{top=341, left=301, xpath=//TABLE[@id = 'maintable']/TBODY[1]/TR[2]/TD[7]/A[1], width=16, height=14}, CandidateElementPosition{top=341, left=278, xpath=//TABLE[@id = 'maintable']/TBODY[1]/TR[2]/TD[8]/A[1], width=16, height=14}, CandidateElementPosition{top=341, left=255, xpath=//TABLE[@id = 'maintable']/TBODY[1]/TR[2]/TD[9]/A[1], width=16, height=14}, CandidateElementPosition{top=402, left=301, xpath=//TABLE[@id = 'maintable']/TBODY[1]/TR[3]/TD[7]/A[1], width=16, height=14}, CandidateElementPosition{top=402, left=278, xpath=//TABLE[@id = 'maintable']/TBODY[1]/TR[3]/TD[8]/A[1], width=16, height=14}, CandidateElementPosition{top=402, left=255, xpath=//TABLE[@id = 'maintable']/TBODY[1]/TR[3]/TD[9]/A[1], width=16, height=14}, CandidateElementPosition{top=463, left=301, xpath=//TABLE[@id = 'maintable']/TBODY[1]/TR[4]/TD[7]/A[1], width=16, height=14}, CandidateElementPosition{top=463, left=278, xpath=//TABLE[@id = 'maintable']/TBODY[1]/TR[4]/TD[8]/A[1], width=16, height=14}, CandidateElementPosition{top=463, left=255, xpath=//TABLE[@id = 'maintable']/TBODY[1]/TR[4]/TD[9]/A[1], width=16, height=14}, CandidateElementPosition{top=524, left=301, xpath=//TABLE[@id = 'maintable']/TBODY[1]/TR[5]/TD[7]/A[1], width=16, height=14}, CandidateElementPosition{top=524, left=278, xpath=//TABLE[@id = 'maintable']/TBODY[1]/TR[5]/TD[8]/A[1], width=16, height=14}, CandidateElementPosition{top=524, left=255, xpath=//TABLE[@id = 'maintable']/TBODY[1]/TR[5]/TD[9]/A[1], width=16, height=14}, CandidateElementPosition{top=585, left=301, xpath=//TABLE[@id = 'maintable']/TBODY[1]/TR[6]/TD[7]/A[1], width=16, height=14}, CandidateElementPosition{top=585, left=278, xpath=//TABLE[@id = 'maintable']/TBODY[1]/TR[6]/TD[8]/A[1], width=16, height=14}, CandidateElementPosition{top=585, left=255, xpath=//TABLE[@id = 'maintable']/TBODY[1]/TR[6]/TD[9]/A[1], width=16, height=14}, CandidateElementPosition{top=646, left=301, xpath=//TABLE[@id = 'maintable']/TBODY[1]/TR[7]/TD[7]/A[1], width=16, height=14}, CandidateElementPosition{top=646, left=278, xpath=//TABLE[@id = 'maintable']/TBODY[1]/TR[7]/TD[8]/A[1], width=16, height=14}, CandidateElementPosition{top=646, left=255, xpath=//TABLE[@id = 'maintable']/TBODY[1]/TR[7]/TD[9]/A[1], width=16, height=14}, CandidateElementPosition{top=707, left=301, xpath=//TABLE[@id = 'maintable']/TBODY[1]/TR[8]/TD[7]/A[1], width=16, height=14}, CandidateElementPosition{top=707, left=278, xpath=//TABLE[@id = 'maintable']/TBODY[1]/TR[8]/TD[8]/A[1], width=16, height=14}, CandidateElementPosition{top=707, left=255, xpath=//TABLE[@id = 'maintable']/TBODY[1]/TR[8]/TD[9]/A[1], width=16, height=14}, CandidateElementPosition{top=768, left=301, xpath=//TABLE[@id = 'maintable']/TBODY[1]/TR[9]/TD[7]/A[1], width=16, height=14}, CandidateElementPosition{top=768, left=278, xpath=//TABLE[@id = 'maintable']/TBODY[1]/TR[9]/TD[8]/A[1], width=16, height=14}, CandidateElementPosition{top=768, left=255, xpath=//TABLE[@id = 'maintable']/TBODY[1]/TR[9]/TD[9]/A[1], width=16, height=14}, CandidateElementPosition{top=829, left=301, xpath=//TABLE[@id = 'maintable']/TBODY[1]/TR[10]/TD[7]/A[1], width=16, height=14}, CandidateElementPosition{top=829, left=278, xpath=//TABLE[@id = 'maintable']/TBODY[1]/TR[10]/TD[8]/A[1], width=16, height=14}, CandidateElementPosition{top=829, left=255, xpath=//TABLE[@id = 'maintable']/TBODY[1]/TR[10]/TD[9]/A[1], width=16, height=14}, CandidateElementPosition{top=958, left=949, xpath=//DIV[@id = 'footer']/UL[1]/LI[1]/A[2], width=33, height=14}, CandidateElementPosition{top=896, left=228, xpath=//DIV[@id = 'content']/FORM[2]/DIV[4]/INPUT[1], width=70, height=21}, CandidateElementPosition{top=896, left=882, xpath=//DIV[@id = 'content']/FORM[2]/DIV[1]/INPUT[1], width=100, height=21}, CandidateElementPosition{top=896, left=814, xpath=//DIV[@id = 'content']/FORM[2]/DIV[2]/INPUT[1], width=68, height=21}], fanIn=1, fanOut=4, failedEvents=[], hasNearDuplicate=false, nearestState=state293, distToNearestState=0.08401084010840108, timeAdded=1764142782538}, state423=State{name=state423, id=423, url=http://localhost:3000/addressbook825/view.php?all&print&phones, candidateElements=[CandidateElementPosition{top=466, left=1165, xpath=//DIV[@id = 'footer']/UL[1]/LI[1]/A[2], width=33, height=14}], fanIn=1, fanOut=1, failedEvents=[], hasNearDuplicate=false, nearestState=state397, distToNearestState=0.008547008547008548, timeAdded=1764143132918}, state426=State{name=state426, id=426, url=http://localhost:3000/addressbook825/index.php, candidateElements=[CandidateElementPosition{top=5, left=885, xpath=//DIV[@id = 'top']/FORM[1]/A[1], width=51, height=14}, CandidateElementPosition{top=285, left=0, xpath=//DIV[@id = 'header']/H1[1]/A[1], width=0, height=0}, CandidateElementPosition{top=89, left=642, xpath=//DIV[@id = 'header']/A[1], width=340, height=14}, CandidateElementPosition{top=105, left=506, xpath=//DIV[@id = 'nav']/UL[1]/LI[1]/A[1], width=44, height=14}, CandidateElementPosition{top=105, left=553, xpath=//DIV[@id = 'nav']/UL[1]/LI[2]/A[1], width=68, height=14}, CandidateElementPosition{top=105, left=624, xpath=//DIV[@id = 'nav']/UL[1]/LI[3]/A[1], width=60, height=14}, CandidateElementPosition{top=105, left=688, xpath=//DIV[@id = 'nav']/UL[1]/LI[4]/A[1], width=114, height=14}, CandidateElementPosition{top=105, left=805, xpath=//DIV[@id = 'nav']/UL[1]/LI[5]/A[1], width=72, height=14}, CandidateElementPosition{top=105, left=881, xpath=//DIV[@id = 'nav']/UL[1]/LI[6]/A[1], width=102, height=14}, CandidateElementPosition{top=291, left=900, xpath=//TABLE[@id = 'maintable']/TBODY[1]/TR[1]/TH[2]/A[1], width=43, height=14}, CandidateElementPosition{top=291, left=765, xpath=//TABLE[@id = 'maintable']/TBODY[1]/TR[1]/TH[3]/A[1], width=72, height=14}, CandidateElementPosition{top=291, left=619, xpath=//TABLE[@id = 'maintable']/TBODY[1]/TR[1]/TH[4]/A[1], width=59, height=14}, CandidateElementPosition{top=291, left=470, xpath=//TABLE[@id = 'maintable']/TBODY[1]/TR[1]/TH[5]/A[1], width=76, height=14}, CandidateElementPosition{top=291, left=336, xpath=//TABLE[@id = 'maintable']/TBODY[1]/TR[1]/TH[6]/A[1], width=80, height=14}, CandidateElementPosition{top=341, left=301, xpath=//TABLE[@id = 'maintable']/TBODY[1]/TR[2]/TD[7]/A[1], width=16, height=14}, CandidateElementPosition{top=341, left=278, xpath=//TABLE[@id = 'maintable']/TBODY[1]/TR[2]/TD[8]/A[1], width=16, height=14}, CandidateElementPosition{top=341, left=255, xpath=//TABLE[@id = 'maintable']/TBODY[1]/TR[2]/TD[9]/A[1], width=16, height=14}, CandidateElementPosition{top=402, left=301, xpath=//TABLE[@id = 'maintable']/TBODY[1]/TR[3]/TD[7]/A[1], width=16, height=14}, CandidateElementPosition{top=402, left=278, xpath=//TABLE[@id = 'maintable']/TBODY[1]/TR[3]/TD[8]/A[1], width=16, height=14}, CandidateElementPosition{top=402, left=255, xpath=//TABLE[@id = 'maintable']/TBODY[1]/TR[3]/TD[9]/A[1], width=16, height=14}, CandidateElementPosition{top=463, left=301, xpath=//TABLE[@id = 'maintable']/TBODY[1]/TR[4]/TD[7]/A[1], width=16, height=14}, CandidateElementPosition{top=463, left=278, xpath=//TABLE[@id = 'maintable']/TBODY[1]/TR[4]/TD[8]/A[1], width=16, height=14}, CandidateElementPosition{top=463, left=255, xpath=//TABLE[@id = 'maintable']/TBODY[1]/TR[4]/TD[9]/A[1], width=16, height=14}, CandidateElementPosition{top=524, left=301, xpath=//TABLE[@id = 'maintable']/TBODY[1]/TR[5]/TD[7]/A[1], width=16, height=14}, CandidateElementPosition{top=524, left=278, xpath=//TABLE[@id = 'maintable']/TBODY[1]/TR[5]/TD[8]/A[1], width=16, height=14}, CandidateElementPosition{top=524, left=255, xpath=//TABLE[@id = 'maintable']/TBODY[1]/TR[5]/TD[9]/A[1], width=16, height=14}, CandidateElementPosition{top=585, left=301, xpath=//TABLE[@id = 'maintable']/TBODY[1]/TR[6]/TD[7]/A[1], width=16, height=14}, CandidateElementPosition{top=585, left=278, xpath=//TABLE[@id = 'maintable']/TBODY[1]/TR[6]/TD[8]/A[1], width=16, height=14}, CandidateElementPosition{top=585, left=255, xpath=//TABLE[@id = 'maintable']/TBODY[1]/TR[6]/TD[9]/A[1], width=16, height=14}, CandidateElementPosition{top=646, left=301, xpath=//TABLE[@id = 'maintable']/TBODY[1]/TR[7]/TD[7]/A[1], width=16, height=14}, CandidateElementPosition{top=646, left=278, xpath=//TABLE[@id = 'maintable']/TBODY[1]/TR[7]/TD[8]/A[1], width=16, height=14}, CandidateElementPosition{top=646, left=255, xpath=//TABLE[@id = 'maintable']/TBODY[1]/TR[7]/TD[9]/A[1], width=16, height=14}, CandidateElementPosition{top=707, left=301, xpath=//TABLE[@id = 'maintable']/TBODY[1]/TR[8]/TD[7]/A[1], width=16, height=14}, CandidateElementPosition{top=707, left=278, xpath=//TABLE[@id = 'maintable']/TBODY[1]/TR[8]/TD[8]/A[1], width=16, height=14}, CandidateElementPosition{top=707, left=255, xpath=//TABLE[@id = 'maintable']/TBODY[1]/TR[8]/TD[9]/A[1], width=16, height=14}, CandidateElementPosition{top=768, left=301, xpath=//TABLE[@id = 'maintable']/TBODY[1]/TR[9]/TD[7]/A[1], width=16, height=14}, CandidateElementPosition{top=768, left=278, xpath=//TABLE[@id = 'maintable']/TBODY[1]/TR[9]/TD[8]/A[1], width=16, height=14}, CandidateElementPosition{top=768, left=255, xpath=//TABLE[@id = 'maintable']/TBODY[1]/TR[9]/TD[9]/A[1], width=16, height=14}, CandidateElementPosition{top=829, left=301, xpath=//TABLE[@id = 'maintable']/TBODY[1]/TR[10]/TD[7]/A[1], width=16, height=14}, CandidateElementPosition{top=829, left=278, xpath=//TABLE[@id = 'maintable']/TBODY[1]/TR[10]/TD[8]/A[1], width=16, height=14}, CandidateElementPosition{top=829, left=255, xpath=//TABLE[@id = 'maintable']/TBODY[1]/TR[10]/TD[9]/A[1], width=16, height=14}, CandidateElementPosition{top=890, left=301, xpath=//TABLE[@id = 'maintable']/TBODY[1]/TR[11]/TD[7]/A[1], width=16, height=14}, CandidateElementPosition{top=890, left=278, xpath=//TABLE[@id = 'maintable']/TBODY[1]/TR[11]/TD[8]/A[1], width=16, height=14}, CandidateElementPosition{top=890, left=255, xpath=//TABLE[@id = 'maintable']/TBODY[1]/TR[11]/TD[9]/A[1], width=16, height=14}, CandidateElementPosition{top=951, left=301, xpath=//TABLE[@id = 'maintable']/TBODY[1]/TR[12]/TD[7]/A[1], width=16, height=14}, CandidateElementPosition{top=951, left=278, xpath=//TABLE[@id = 'maintable']/TBODY[1]/TR[12]/TD[8]/A[1], width=16, height=14}, CandidateElementPosition{top=951, left=255, xpath=//TABLE[@id = 'maintable']/TBODY[1]/TR[12]/TD[9]/A[1], width=16, height=14}, CandidateElementPosition{top=1012, left=301, xpath=//TABLE[@id = 'maintable']/TBODY[1]/TR[13]/TD[7]/A[1], width=16, height=14}, CandidateElementPosition{top=1012, left=278, xpath=//TABLE[@id = 'maintable']/TBODY[1]/TR[13]/TD[8]/A[1], width=16, height=14}, CandidateElementPosition{top=1012, left=255, xpath=//TABLE[@id = 'maintable']/TBODY[1]/TR[13]/TD[9]/A[1], width=16, height=14}, CandidateElementPosition{top=1141, left=949, xpath=//DIV[@id = 'footer']/UL[1]/LI[1]/A[2], width=33, height=14}, CandidateElementPosition{top=1079, left=228, xpath=//DIV[@id = 'content']/FORM[2]/DIV[4]/INPUT[1], width=70, height=21}, CandidateElementPosition{top=1079, left=882, xpath=//DIV[@id = 'content']/FORM[2]/DIV[1]/INPUT[1], width=100, height=21}, CandidateElementPosition{top=1079, left=814, xpath=//DIV[@id = 'content']/FORM[2]/DIV[2]/INPUT[1], width=68, height=21}], fanIn=3, fanOut=5, failedEvents=[], hasNearDuplicate=false, nearestState=state359, distToNearestState=0.0670995670995671, timeAdded=1764143152134}, state547=State{name=state547, id=547, url=http://localhost:3000/addressbook825/index.php, candidateElements=[CandidateElementPosition{top=5, left=885, xpath=//DIV[@id = 'top']/FORM[1]/A[1], width=51, height=14}, CandidateElementPosition{top=590, left=0, xpath=//DIV[@id = 'header']/H1[1]/A[1], width=0, height=0}, CandidateElementPosition{top=89, left=642, xpath=//DIV[@id = 'header']/A[1], width=340, height=14}, CandidateElementPosition{top=105, left=506, xpath=//DIV[@id = 'nav']/UL[1]/LI[1]/A[1], width=44, height=14}, CandidateElementPosition{top=105, left=553, xpath=//DIV[@id = 'nav']/UL[1]/LI[2]/A[1], width=68, height=14}, CandidateElementPosition{top=105, left=624, xpath=//DIV[@id = 'nav']/UL[1]/LI[3]/A[1], width=60, height=14}, CandidateElementPosition{top=105, left=688, xpath=//DIV[@id = 'nav']/UL[1]/LI[4]/A[1], width=114, height=14}, CandidateElementPosition{top=105, left=805, xpath=//DIV[@id = 'nav']/UL[1]/LI[5]/A[1], width=72, height=14}, CandidateElementPosition{top=105, left=881, xpath=//DIV[@id = 'nav']/UL[1]/LI[6]/A[1], width=102, height=14}, CandidateElementPosition{top=291, left=900, xpath=//TABLE[@id = 'maintable']/TBODY[1]/TR[1]/TH[2]/A[1], width=43, height=14}, CandidateElementPosition{top=291, left=765, xpath=//TABLE[@id = 'maintable']/TBODY[1]/TR[1]/TH[3]/A[1], width=72, height=14}, CandidateElementPosition{top=291, left=619, xpath=//TABLE[@id = 'maintable']/TBODY[1]/TR[1]/TH[4]/A[1], width=59, height=14}, CandidateElementPosition{top=291, left=470, xpath=//TABLE[@id = 'maintable']/TBODY[1]/TR[1]/TH[5]/A[1], width=76, height=14}, CandidateElementPosition{top=291, left=336, xpath=//TABLE[@id = 'maintable']/TBODY[1]/TR[1]/TH[6]/A[1], width=80, height=14}, CandidateElementPosition{top=341, left=301, xpath=//TABLE[@id = 'maintable']/TBODY[1]/TR[2]/TD[7]/A[1], width=16, height=14}, CandidateElementPosition{top=341, left=278, xpath=//TABLE[@id = 'maintable']/TBODY[1]/TR[2]/TD[8]/A[1], width=16, height=14}, CandidateElementPosition{top=341, left=255, xpath=//TABLE[@id = 'maintable']/TBODY[1]/TR[2]/TD[9]/A[1], width=16, height=14}, CandidateElementPosition{top=402, left=301, xpath=//TABLE[@id = 'maintable']/TBODY[1]/TR[3]/TD[7]/A[1], width=16, height=14}, CandidateElementPosition{top=402, left=278, xpath=//TABLE[@id = 'maintable']/TBODY[1]/TR[3]/TD[8]/A[1], width=16, height=14}, CandidateElementPosition{top=402, left=255, xpath=//TABLE[@id = 'maintable']/TBODY[1]/TR[3]/TD[9]/A[1], width=16, height=14}, CandidateElementPosition{top=463, left=301, xpath=//TABLE[@id = 'maintable']/TBODY[1]/TR[4]/TD[7]/A[1], width=16, height=14}, CandidateElementPosition{top=463, left=278, xpath=//TABLE[@id = 'maintable']/TBODY[1]/TR[4]/TD[8]/A[1], width=16, height=14}, CandidateElementPosition{top=463, left=255, xpath=//TABLE[@id = 'maintable']/TBODY[1]/TR[4]/TD[9]/A[1], width=16, height=14}, CandidateElementPosition{top=524, left=301, xpath=//TABLE[@id = 'maintable']/TBODY[1]/TR[5]/TD[7]/A[1], width=16, height=14}, CandidateElementPosition{top=524, left=278, xpath=//TABLE[@id = 'maintable']/TBODY[1]/TR[5]/TD[8]/A[1], width=16, height=14}, CandidateElementPosition{top=524, left=255, xpath=//TABLE[@id = 'maintable']/TBODY[1]/TR[5]/TD[9]/A[1], width=16, height=14}, CandidateElementPosition{top=585, left=301, xpath=//TABLE[@id = 'maintable']/TBODY[1]/TR[6]/TD[7]/A[1], width=16, height=14}, CandidateElementPosition{top=585, left=278, xpath=//TABLE[@id = 'maintable']/TBODY[1]/TR[6]/TD[8]/A[1], width=16, height=14}, CandidateElementPosition{top=585, left=255, xpath=//TABLE[@id = 'maintable']/TBODY[1]/TR[6]/TD[9]/A[1], width=16, height=14}, CandidateElementPosition{top=646, left=301, xpath=//TABLE[@id = 'maintable']/TBODY[1]/TR[7]/TD[7]/A[1], width=16, height=14}, CandidateElementPosition{top=646, left=278, xpath=//TABLE[@id = 'maintable']/TBODY[1]/TR[7]/TD[8]/A[1], width=16, height=14}, CandidateElementPosition{top=646, left=255, xpath=//TABLE[@id = 'maintable']/TBODY[1]/TR[7]/TD[9]/A[1], width=16, height=14}, CandidateElementPosition{top=707, left=301, xpath=//TABLE[@id = 'maintable']/TBODY[1]/TR[8]/TD[7]/A[1], width=16, height=14}, CandidateElementPosition{top=707, left=278, xpath=//TABLE[@id = 'maintable']/TBODY[1]/TR[8]/TD[8]/A[1], width=16, height=14}, CandidateElementPosition{top=707, left=255, xpath=//TABLE[@id = 'maintable']/TBODY[1]/TR[8]/TD[9]/A[1], width=16, height=14}, CandidateElementPosition{top=768, left=301, xpath=//TABLE[@id = 'maintable']/TBODY[1]/TR[9]/TD[7]/A[1], width=16, height=14}, CandidateElementPosition{top=768, left=278, xpath=//TABLE[@id = 'maintable']/TBODY[1]/TR[9]/TD[8]/A[1], width=16, height=14}, CandidateElementPosition{top=768, left=255, xpath=//TABLE[@id = 'maintable']/TBODY[1]/TR[9]/TD[9]/A[1], width=16, height=14}, CandidateElementPosition{top=829, left=301, xpath=//TABLE[@id = 'maintable']/TBODY[1]/TR[10]/TD[7]/A[1], width=16, height=14}, CandidateElementPosition{top=829, left=278, xpath=//TABLE[@id = 'maintable']/TBODY[1]/TR[10]/TD[8]/A[1], width=16, height=14}, CandidateElementPosition{top=829, left=255, xpath=//TABLE[@id = 'maintable']/TBODY[1]/TR[10]/TD[9]/A[1], width=16, height=14}, CandidateElementPosition{top=890, left=301, xpath=//TABLE[@id = 'maintable']/TBODY[1]/TR[11]/TD[7]/A[1], width=16, height=14}, CandidateElementPosition{top=890, left=278, xpath=//TABLE[@id = 'maintable']/TBODY[1]/TR[11]/TD[8]/A[1], width=16, height=14}, CandidateElementPosition{top=890, left=255, xpath=//TABLE[@id = 'maintable']/TBODY[1]/TR[11]/TD[9]/A[1], width=16, height=14}, CandidateElementPosition{top=951, left=301, xpath=//TABLE[@id = 'maintable']/TBODY[1]/TR[12]/TD[7]/A[1], width=16, height=14}, CandidateElementPosition{top=951, left=278, xpath=//TABLE[@id = 'maintable']/TBODY[1]/TR[12]/TD[8]/A[1], width=16, height=14}, CandidateElementPosition{top=951, left=255, xpath=//TABLE[@id = 'maintable']/TBODY[1]/TR[12]/TD[9]/A[1], width=16, height=14}, CandidateElementPosition{top=1012, left=301, xpath=//TABLE[@id = 'maintable']/TBODY[1]/TR[13]/TD[7]/A[1], width=16, height=14}, CandidateElementPosition{top=1012, left=278, xpath=//TABLE[@id = 'maintable']/TBODY[1]/TR[13]/TD[8]/A[1], width=16, height=14}, CandidateElementPosition{top=1012, left=255, xpath=//TABLE[@id = 'maintable']/TBODY[1]/TR[13]/TD[9]/A[1], width=16, height=14}, CandidateElementPosition{top=1073, left=301, xpath=//TABLE[@id = 'maintable']/TBODY[1]/TR[14]/TD[7]/A[1], width=16, height=14}, CandidateElementPosition{top=1073, left=278, xpath=//TABLE[@id = 'maintable']/TBODY[1]/TR[14]/TD[8]/A[1], width=16, height=14}, CandidateElementPosition{top=1073, left=255, xpath=//TABLE[@id = 'maintable']/TBODY[1]/TR[14]/TD[9]/A[1], width=16, height=14}, CandidateElementPosition{top=1134, left=301, xpath=//TABLE[@id = 'maintable']/TBODY[1]/TR[15]/TD[7]/A[1], width=16, height=14}, CandidateElementPosition{top=1134, left=278, xpath=//TABLE[@id = 'maintable']/TBODY[1]/TR[15]/TD[8]/A[1], width=16, height=14}, CandidateElementPosition{top=1134, left=255, xpath=//TABLE[@id = 'maintable']/TBODY[1]/TR[15]/TD[9]/A[1], width=16, height=14}, CandidateElementPosition{top=1195, left=301, xpath=//TABLE[@id = 'maintable']/TBODY[1]/TR[16]/TD[7]/A[1], width=16, height=14}, CandidateElementPosition{top=1195, left=278, xpath=//TABLE[@id = 'maintable']/TBODY[1]/TR[16]/TD[8]/A[1], width=16, height=14}, CandidateElementPosition{top=1195, left=255, xpath=//TABLE[@id = 'maintable']/TBODY[1]/TR[16]/TD[9]/A[1], width=16, height=14}, CandidateElementPosition{top=1256, left=301, xpath=//TABLE[@id = 'maintable']/TBODY[1]/TR[17]/TD[7]/A[1], width=16, height=14}, CandidateElementPosition{top=1256, left=278, xpath=//TABLE[@id = 'maintable']/TBODY[1]/TR[17]/TD[8]/A[1], width=16, height=14}, CandidateElementPosition{top=1256, left=255, xpath=//TABLE[@id = 'maintable']/TBODY[1]/TR[17]/TD[9]/A[1], width=16, height=14}, CandidateElementPosition{top=1317, left=301, xpath=//TABLE[@id = 'maintable']/TBODY[1]/TR[18]/TD[7]/A[1], width=16, height=14}, CandidateElementPosition{top=1317, left=278, xpath=//TABLE[@id = 'maintable']/TBODY[1]/TR[18]/TD[8]/A[1], width=16, height=14}, CandidateElementPosition{top=1317, left=255, xpath=//TABLE[@id = 'maintable']/TBODY[1]/TR[18]/TD[9]/A[1], width=16, height=14}, CandidateElementPosition{top=1446, left=949, xpath=//DIV[@id = 'footer']/UL[1]/LI[1]/A[2], width=33, height=14}, CandidateElementPosition{top=1384, left=228, xpath=//DIV[@id = 'content']/FORM[2]/DIV[4]/INPUT[1], width=70, height=21}, CandidateElementPosition{top=1384, left=882, xpath=//DIV[@id = 'content']/FORM[2]/DIV[1]/INPUT[1], width=100, height=21}, CandidateElementPosition{top=1384, left=814, xpath=//DIV[@id = 'content']/FORM[2]/DIV[2]/INPUT[1], width=68, height=21}], fanIn=1, fanOut=1, failedEvents=[], hasNearDuplicate=false, nearestState=state545, distToNearestState=0.050243111831442464, timeAdded=1764143902414}, state227=State{name=state227, id=227, url=http://localhost:3000/addressbook825/view.php?all&print, candidateElements=[CandidateElementPosition{top=861, left=1150, xpath=//DIV[@id = 'footer']/UL[1]/LI[1]/A[2], width=33, height=14}], fanIn=1, fanOut=1, failedEvents=[], hasNearDuplicate=false, nearestState=state221, distToNearestState=0.006666666666666667, timeAdded=1764142372522}, state33=State{name=state33, id=33, url=http://localhost:3000/addressbook825/register/login_failed.php, candidateElements=[CandidateElementPosition{top=88, left=491, xpath=/HTML[1]/BODY[1]/TABLE[1]/TBODY[1]/TR[1]/TD[1]/DIV[1]/P[1]/FONT[1]/STRONG[1]/FONT[1]/A[1], width=137, height=20}], fanIn=1, fanOut=1, failedEvents=[], hasNearDuplicate=false, nearestState=state5, distToNearestState=0.7358490566037735, timeAdded=1764141932694}, state77=State{name=state77, id=77, url=http://localhost:3000/addressbook825/view.php?all&print, candidateElements=[CandidateElementPosition{top=138, left=1165, xpath=//DIV[@id = 'footer']/UL[1]/LI[1]/A[2], width=33, height=14}], fanIn=3, fanOut=1, failedEvents=[], hasNearDuplicate=false, nearestState=state36, distToNearestState=0.07692307692307693, timeAdded=1764142010784}, state37=State{name=state37, id=37, url=http://localhost:3000/addressbook825/notes.htm, candidateElements=[CandidateElementPosition{top=16, left=16, xpath=/HTML[1]/BODY[1]/H1[1]/A[1], width=0, height=0}, CandidateElementPosition{top=152, left=16, xpath=/HTML[1]/BODY[1]/A[2], width=70, height=14}, CandidateElementPosition{top=152, left=95, xpath=/HTML[1]/BODY[1]/A[3], width=57, height=14}, CandidateElementPosition{top=152, left=162, xpath=/HTML[1]/BODY[1]/A[4], width=38, height=14}, CandidateElementPosition{top=152, left=209, xpath=/HTML[1]/BODY[1]/A[5], width=55, height=14}, CandidateElementPosition{top=180, left=16, xpath=/HTML[1]/BODY[1]/H3[1]/A[1], width=0, height=0}, CandidateElementPosition{top=238, left=16, xpath=/HTML[1]/BODY[1]/H3[2]/A[1], width=0, height=0}, CandidateElementPosition{top=296, left=16, xpath=/HTML[1]/BODY[1]/H3[3]/A[1], width=0, height=0}, CandidateElementPosition{top=934, left=16, xpath=/HTML[1]/BODY[1]/H3[7]/A[1], width=0, height=0}, CandidateElementPosition{top=1044, left=16, xpath=/HTML[1]/BODY[1]/H3[8]/A[1], width=0, height=0}, CandidateElementPosition{top=1116, left=16, xpath=/HTML[1]/BODY[1]/H3[9]/A[1], width=0, height=0}, CandidateElementPosition{top=1263, left=16, xpath=/HTML[1]/BODY[1]/H3[10]/A[1], width=0, height=0}, CandidateElementPosition{top=1301, left=16, xpath=/HTML[1]/BODY[1]/CENTER[1]/B[1]/A[1], width=0, height=0}, CandidateElementPosition{top=1223, left=109, xpath=/HTML[1]/BODY[1]/DIV[1]/FORM[1]/INPUT[1], width=99, height=21}], fanIn=35, fanOut=0, failedEvents=[xpath /HTML[1]/BODY[1]/H1[1]/A[1], xpath /HTML[1]/BODY[1]/H3[1]/A[1], xpath /HTML[1]/BODY[1]/H3[2]/A[1], xpath /HTML[1]/BODY[1]/H3[3]/A[1], xpath /HTML[1]/BODY[1]/H3[7]/A[1], xpath /HTML[1]/BODY[1]/H3[8]/A[1], xpath /HTML[1]/BODY[1]/H3[9]/A[1], xpath /HTML[1]/BODY[1]/H3[10]/A[1], xpath /HTML[1]/BODY[1]/CENTER[1]/B[1]/A[1]], hasNearDuplicate=false, nearestState=index, distToNearestState=0.8928571428571429, timeAdded=1764141939290}, state36=State{name=state36, id=36, url=http://localhost:3000/addressbook825/view.php?group=[none]&all&print, candidateElements=[CandidateElementPosition{top=138, left=1165, xpath=//DIV[@id = 'footer']/UL[1]/LI[1]/A[2], width=33, height=14}], fanIn=7, fanOut=1, failedEvents=[], hasNearDuplicate=false, nearestState=state30, distToNearestState=0.6944444444444444, timeAdded=1764141936619}, state63=State{name=state63, id=63, url=http://localhost:3000/addressbook825/group.php?group=[none], candidateElements=[CandidateElementPosition{top=5, left=892, xpath=//DIV[@id = 'top']/FORM[1]/A[1], width=50, height=14}, CandidateElementPosition{top=0, left=0, xpath=//DIV[@id = 'header']/H1[1]/A[1], width=0, height=0}, CandidateElementPosition{top=89, left=650, xpath=//DIV[@id = 'header']/A[1], width=340, height=14}, CandidateElementPosition{top=105, left=513, xpath=//DIV[@id = 'nav']/UL[1]/LI[1]/A[1], width=44, height=14}, CandidateElementPosition{top=105, left=560, xpath=//DIV[@id = 'nav']/UL[1]/LI[2]/A[1], width=68, height=14}, CandidateElementPosition{top=105, left=632, xpath=//DIV[@id = 'nav']/UL[1]/LI[3]/A[1], width=60, height=14}, CandidateElementPosition{top=105, left=695, xpath=//DIV[@id = 'nav']/UL[1]/LI[4]/A[1], width=114, height=14}, CandidateElementPosition{top=105, left=813, xpath=//DIV[@id = 'nav']/UL[1]/LI[5]/A[1], width=72, height=14}, CandidateElementPosition{top=105, left=888, xpath=//DIV[@id = 'nav']/UL[1]/LI[6]/A[1], width=101, height=14}, CandidateElementPosition{top=325, left=957, xpath=//DIV[@id = 'footer']/UL[1]/LI[1]/A[2], width=33, height=14}], fanIn=2, fanOut=10, failedEvents=[], hasNearDuplicate=false, nearestState=state30, distToNearestState=0.07894736842105263, timeAdded=1764141984759}, state480=State{name=state480, id=480, url=http://localhost:3000/addressbook825/birthdays.php, candidateElements=[CandidateElementPosition{top=5, left=892, xpath=//DIV[@id = 'top']/FORM[1]/A[1], width=50, height=14}, CandidateElementPosition{top=0, left=0, xpath=//DIV[@id = 'header']/H1[1]/A[1], width=0, height=0}, CandidateElementPosition{top=89, left=650, xpath=//DIV[@id = 'header']/A[1], width=340, height=14}, CandidateElementPosition{top=105, left=513, xpath=//DIV[@id = 'nav']/UL[1]/LI[1]/A[1], width=44, height=14}, CandidateElementPosition{top=105, left=560, xpath=//DIV[@id = 'nav']/UL[1]/LI[2]/A[1], width=68, height=14}, CandidateElementPosition{top=105, left=632, xpath=//DIV[@id = 'nav']/UL[1]/LI[3]/A[1], width=60, height=14}, CandidateElementPosition{top=105, left=695, xpath=//DIV[@id = 'nav']/UL[1]/LI[4]/A[1], width=114, height=14}, CandidateElementPosition{top=105, left=813, xpath=//DIV[@id = 'nav']/UL[1]/LI[5]/A[1], width=72, height=14}, CandidateElementPosition{top=105, left=888, xpath=//DIV[@id = 'nav']/UL[1]/LI[6]/A[1], width=101, height=14}, CandidateElementPosition{top=256, left=353, xpath=//TABLE[@id = 'birthdays']/TBODY[1]/TR[2]/TD[7]/A[1], width=16, height=14}, CandidateElementPosition{top=256, left=320, xpath=//TABLE[@id = 'birthdays']/TBODY[1]/TR[2]/TD[8]/A[1], width=16, height=14}, CandidateElementPosition{top=256, left=287, xpath=//TABLE[@id = 'birthdays']/TBODY[1]/TR[2]/TD[9]/A[1], width=16, height=14}, CandidateElementPosition{top=277, left=353, xpath=//TABLE[@id = 'birthdays']/TBODY[1]/TR[3]/TD[7]/A[1], width=16, height=14}, CandidateElementPosition{top=277, left=320, xpath=//TABLE[@id = 'birthdays']/TBODY[1]/TR[3]/TD[8]/A[1], width=16, height=14}, CandidateElementPosition{top=277, left=287, xpath=//TABLE[@id = 'birthdays']/TBODY[1]/TR[3]/TD[9]/A[1], width=16, height=14}, CandidateElementPosition{top=298, left=353, xpath=//TABLE[@id = 'birthdays']/TBODY[1]/TR[4]/TD[7]/A[1], width=16, height=14}, CandidateElementPosition{top=298, left=320, xpath=//TABLE[@id = 'birthdays']/TBODY[1]/TR[4]/TD[8]/A[1], width=16, height=14}, CandidateElementPosition{top=298, left=287, xpath=//TABLE[@id = 'birthdays']/TBODY[1]/TR[4]/TD[9]/A[1], width=16, height=14}, CandidateElementPosition{top=319, left=353, xpath=//TABLE[@id = 'birthdays']/TBODY[1]/TR[5]/TD[7]/A[1], width=16, height=14}, CandidateElementPosition{top=319, left=320, xpath=//TABLE[@id = 'birthdays']/TBODY[1]/TR[5]/TD[8]/A[1], width=16, height=14}, CandidateElementPosition{top=319, left=287, xpath=//TABLE[@id = 'birthdays']/TBODY[1]/TR[5]/TD[9]/A[1], width=16, height=14}, CandidateElementPosition{top=340, left=353, xpath=//TABLE[@id = 'birthdays']/TBODY[1]/TR[6]/TD[7]/A[1], width=16, height=14}, CandidateElementPosition{top=340, left=320, xpath=//TABLE[@id = 'birthdays']/TBODY[1]/TR[6]/TD[8]/A[1], width=16, height=14}, CandidateElementPosition{top=340, left=287, xpath=//TABLE[@id = 'birthdays']/TBODY[1]/TR[6]/TD[9]/A[1], width=16, height=14}, CandidateElementPosition{top=361, left=353, xpath=//TABLE[@id = 'birthdays']/TBODY[1]/TR[7]/TD[7]/A[1], width=16, height=14}, CandidateElementPosition{top=361, left=320, xpath=//TABLE[@id = 'birthdays']/TBODY[1]/TR[7]/TD[8]/A[1], width=16, height=14}, CandidateElementPosition{top=361, left=287, xpath=//TABLE[@id = 'birthdays']/TBODY[1]/TR[7]/TD[9]/A[1], width=16, height=14}, CandidateElementPosition{top=382, left=353, xpath=//TABLE[@id = 'birthdays']/TBODY[1]/TR[8]/TD[7]/A[1], width=16, height=14}, CandidateElementPosition{top=382, left=320, xpath=//TABLE[@id = 'birthdays']/TBODY[1]/TR[8]/TD[8]/A[1], width=16, height=14}, CandidateElementPosition{top=382, left=287, xpath=//TABLE[@id = 'birthdays']/TBODY[1]/TR[8]/TD[9]/A[1], width=16, height=14}, CandidateElementPosition{top=403, left=353, xpath=//TABLE[@id = 'birthdays']/TBODY[1]/TR[9]/TD[7]/A[1], width=16, height=14}, CandidateElementPosition{top=403, left=320, xpath=//TABLE[@id = 'birthdays']/TBODY[1]/TR[9]/TD[8]/A[1], width=16, height=14}, CandidateElementPosition{top=403, left=287, xpath=//TABLE[@id = 'birthdays']/TBODY[1]/TR[9]/TD[9]/A[1], width=16, height=14}, CandidateElementPosition{top=424, left=353, xpath=//TABLE[@id = 'birthdays']/TBODY[1]/TR[10]/TD[7]/A[1], width=16, height=14}, CandidateElementPosition{top=424, left=320, xpath=//TABLE[@id = 'birthdays']/TBODY[1]/TR[10]/TD[8]/A[1], width=16, height=14}, CandidateElementPosition{top=424, left=287, xpath=//TABLE[@id = 'birthdays']/TBODY[1]/TR[10]/TD[9]/A[1], width=16, height=14}, CandidateElementPosition{top=445, left=353, xpath=//TABLE[@id = 'birthdays']/TBODY[1]/TR[11]/TD[7]/A[1], width=16, height=14}, CandidateElementPosition{top=445, left=320, xpath=//TABLE[@id = 'birthdays']/TBODY[1]/TR[11]/TD[8]/A[1], width=16, height=14}, CandidateElementPosition{top=445, left=287, xpath=//TABLE[@id = 'birthdays']/TBODY[1]/TR[11]/TD[9]/A[1], width=16, height=14}, CandidateElementPosition{top=466, left=353, xpath=//TABLE[@id = 'birthdays']/TBODY[1]/TR[12]/TD[7]/A[1], width=16, height=14}, CandidateElementPosition{top=466, left=320, xpath=//TABLE[@id = 'birthdays']/TBODY[1]/TR[12]/TD[8]/A[1], width=16, height=14}, CandidateElementPosition{top=466, left=287, xpath=//TABLE[@id = 'birthdays']/TBODY[1]/TR[12]/TD[9]/A[1], width=16, height=14}, CandidateElementPosition{top=487, left=353, xpath=//TABLE[@id = 'birthdays']/TBODY[1]/TR[13]/TD[7]/A[1], width=16, height=14}, CandidateElementPosition{top=487, left=320, xpath=//TABLE[@id = 'birthdays']/TBODY[1]/TR[13]/TD[8]/A[1], width=16, height=14}, CandidateElementPosition{top=487, left=287, xpath=//TABLE[@id = 'birthdays']/TBODY[1]/TR[13]/TD[9]/A[1], width=16, height=14}, CandidateElementPosition{top=508, left=353, xpath=//TABLE[@id = 'birthdays']/TBODY[1]/TR[14]/TD[7]/A[1], width=16, height=14}, CandidateElementPosition{top=508, left=320, xpath=//TABLE[@id = 'birthdays']/TBODY[1]/TR[14]/TD[8]/A[1], width=16, height=14}, CandidateElementPosition{top=508, left=287, xpath=//TABLE[@id = 'birthdays']/TBODY[1]/TR[14]/TD[9]/A[1], width=16, height=14}, CandidateElementPosition{top=529, left=353, xpath=//TABLE[@id = 'birthdays']/TBODY[1]/TR[15]/TD[7]/A[1], width=16, height=14}, CandidateElementPosition{top=529, left=320, xpath=//TABLE[@id = 'birthdays']/TBODY[1]/TR[15]/TD[8]/A[1], width=16, height=14}, CandidateElementPosition{top=529, left=287, xpath=//TABLE[@id = 'birthdays']/TBODY[1]/TR[15]/TD[9]/A[1], width=16, height=14}, CandidateElementPosition{top=550, left=353, xpath=//TABLE[@id = 'birthdays']/TBODY[1]/TR[16]/TD[7]/A[1], width=16, height=14}, CandidateElementPosition{top=550, left=320, xpath=//TABLE[@id = 'birthdays']/TBODY[1]/TR[16]/TD[8]/A[1], width=16, height=14}, CandidateElementPosition{top=550, left=287, xpath=//TABLE[@id = 'birthdays']/TBODY[1]/TR[16]/TD[9]/A[1], width=16, height=14}, CandidateElementPosition{top=612, left=957, xpath=//DIV[@id = 'footer']/UL[1]/LI[1]/A[2], width=33, height=14}], fanIn=6, fanOut=7, failedEvents=[], hasNearDuplicate=false, nearestState=state435, distToNearestState=0.18045112781954886, timeAdded=1764143461744}, state160=State{name=state160, id=160, url=http://localhost:3000/addressbook825/index.php, candidateElements=[CandidateElementPosition{top=5, left=892, xpath=//DIV[@id = 'top']/FORM[1]/A[1], width=50, height=14}, CandidateElementPosition{top=0, left=0, xpath=//DIV[@id = 'header']/H1[1]/A[1], width=0, height=0}, CandidateElementPosition{top=89, left=650, xpath=//DIV[@id = 'header']/A[1], width=340, height=14}, CandidateElementPosition{top=105, left=513, xpath=//DIV[@id = 'nav']/UL[1]/LI[1]/A[1], width=44, height=14}, CandidateElementPosition{top=105, left=560, xpath=//DIV[@id = 'nav']/UL[1]/LI[2]/A[1], width=68, height=14}, CandidateElementPosition{top=105, left=632, xpath=//DIV[@id = 'nav']/UL[1]/LI[3]/A[1], width=60, height=14}, CandidateElementPosition{top=105, left=695, xpath=//DIV[@id = 'nav']/UL[1]/LI[4]/A[1], width=114, height=14}, CandidateElementPosition{top=105, left=813, xpath=//DIV[@id = 'nav']/UL[1]/LI[5]/A[1], width=72, height=14}, CandidateElementPosition{top=105, left=888, xpath=//DIV[@id = 'nav']/UL[1]/LI[6]/A[1], width=101, height=14}, CandidateElementPosition{top=291, left=908, xpath=//TABLE[@id = 'maintable']/TBODY[1]/TR[1]/TH[2]/A[1], width=43, height=14}, CandidateElementPosition{top=291, left=772, xpath=//TABLE[@id = 'maintable']/TBODY[1]/TR[1]/TH[3]/A[1], width=72, height=14}, CandidateElementPosition{top=291, left=627, xpath=//TABLE[@id = 'maintable']/TBODY[1]/TR[1]/TH[4]/A[1], width=59, height=14}, CandidateElementPosition{top=291, left=478, xpath=//TABLE[@id = 'maintable']/TBODY[1]/TR[1]/TH[5]/A[1], width=76, height=14}, CandidateElementPosition{top=291, left=343, xpath=//TABLE[@id = 'maintable']/TBODY[1]/TR[1]/TH[6]/A[1], width=80, height=14}, CandidateElementPosition{top=341, left=309, xpath=//TABLE[@id = 'maintable']/TBODY[1]/TR[2]/TD[7]/A[1], width=16, height=14}, CandidateElementPosition{top=341, left=286, xpath=//TABLE[@id = 'maintable']/TBODY[1]/TR[2]/TD[8]/A[1], width=16, height=14}, CandidateElementPosition{top=341, left=262, xpath=//TABLE[@id = 'maintable']/TBODY[1]/TR[2]/TD[9]/A[1], width=16, height=14}, CandidateElementPosition{top=402, left=309, xpath=//TABLE[@id = 'maintable']/TBODY[1]/TR[3]/TD[7]/A[1], width=16, height=14}, CandidateElementPosition{top=402, left=286, xpath=//TABLE[@id = 'maintable']/TBODY[1]/TR[3]/TD[8]/A[1], width=16, height=14}, CandidateElementPosition{top=402, left=262, xpath=//TABLE[@id = 'maintable']/TBODY[1]/TR[3]/TD[9]/A[1], width=16, height=14}, CandidateElementPosition{top=531, left=957, xpath=//DIV[@id = 'footer']/UL[1]/LI[1]/A[2], width=33, height=14}, CandidateElementPosition{top=469, left=236, xpath=//DIV[@id = 'content']/FORM[2]/DIV[4]/INPUT[1], width=70, height=21}, CandidateElementPosition{top=469, left=889, xpath=//DIV[@id = 'content']/FORM[2]/DIV[1]/INPUT[1], width=100, height=21}, CandidateElementPosition{top=469, left=821, xpath=//DIV[@id = 'content']/FORM[2]/DIV[2]/INPUT[1], width=68, height=21}], fanIn=11, fanOut=17, failedEvents=[], hasNearDuplicate=false, nearestState=state142, distToNearestState=0.20394736842105263, timeAdded=1764142188368}, state163=State{name=state163, id=163, url=http://localhost:3000/addressbook825/view.php?group=[none]&all&print&phones, candidateElements=[CandidateElementPosition{top=248, left=1165, xpath=//DIV[@id = 'footer']/UL[1]/LI[1]/A[2], width=33, height=14}], fanIn=2, fanOut=1, failedEvents=[], hasNearDuplicate=false, nearestState=state154, distToNearestState=0.4, timeAdded=1764142201067}, state240=State{name=state240, id=240, url=http://localhost:3000/addressbook825/view.php?group=[none]&all&print&phones, candidateElements=[CandidateElementPosition{top=248, left=1165, xpath=//DIV[@id = 'footer']/UL[1]/LI[1]/A[2], width=33, height=14}], fanIn=1, fanOut=1, failedEvents=[], hasNearDuplicate=false, nearestState=state154, distToNearestState=0.29411764705882354, timeAdded=1764142406507}, state560=State{name=state560, id=560, url=http://localhost:3000/addressbook825/view.php?all&print, candidateElements=[CandidateElementPosition{top=2666, left=1150, xpath=//DIV[@id = 'footer']/UL[1]/LI[1]/A[2], width=33, height=14}], fanIn=3, fanOut=1, failedEvents=[], hasNearDuplicate=false, nearestState=state491, distToNearestState=0.20955315870570107, timeAdded=1764144134810}, state552=State{name=state552, id=552, url=http://localhost:3000/addressbook825/index.php, candidateElements=[CandidateElementPosition{top=5, left=885, xpath=//DIV[@id = 'top']/FORM[1]/A[1], width=51, height=14}, CandidateElementPosition{top=651, left=0, xpath=//DIV[@id = 'header']/H1[1]/A[1], width=0, height=0}, CandidateElementPosition{top=89, left=642, xpath=//DIV[@id = 'header']/A[1], width=340, height=14}, CandidateElementPosition{top=105, left=506, xpath=//DIV[@id = 'nav']/UL[1]/LI[1]/A[1], width=44, height=14}, CandidateElementPosition{top=105, left=553, xpath=//DIV[@id = 'nav']/UL[1]/LI[2]/A[1], width=68, height=14}, CandidateElementPosition{top=105, left=624, xpath=//DIV[@id = 'nav']/UL[1]/LI[3]/A[1], width=60, height=14}, CandidateElementPosition{top=105, left=688, xpath=//DIV[@id = 'nav']/UL[1]/LI[4]/A[1], width=114, height=14}, CandidateElementPosition{top=105, left=805, xpath=//DIV[@id = 'nav']/UL[1]/LI[5]/A[1], width=72, height=14}, CandidateElementPosition{top=105, left=881, xpath=//DIV[@id = 'nav']/UL[1]/LI[6]/A[1], width=102, height=14}, CandidateElementPosition{top=291, left=900, xpath=//TABLE[@id = 'maintable']/TBODY[1]/TR[1]/TH[2]/A[1], width=43, height=14}, CandidateElementPosition{top=291, left=765, xpath=//TABLE[@id = 'maintable']/TBODY[1]/TR[1]/TH[3]/A[1], width=72, height=14}, CandidateElementPosition{top=291, left=619, xpath=//TABLE[@id = 'maintable']/TBODY[1]/TR[1]/TH[4]/A[1], width=59, height=14}, CandidateElementPosition{top=291, left=470, xpath=//TABLE[@id = 'maintable']/TBODY[1]/TR[1]/TH[5]/A[1], width=76, height=14}, CandidateElementPosition{top=291, left=336, xpath=//TABLE[@id = 'maintable']/TBODY[1]/TR[1]/TH[6]/A[1], width=80, height=14}, CandidateElementPosition{top=341, left=301, xpath=//TABLE[@id = 'maintable']/TBODY[1]/TR[2]/TD[7]/A[1], width=16, height=14}, CandidateElementPosition{top=341, left=278, xpath=//TABLE[@id = 'maintable']/TBODY[1]/TR[2]/TD[8]/A[1], width=16, height=14}, CandidateElementPosition{top=341, left=255, xpath=//TABLE[@id = 'maintable']/TBODY[1]/TR[2]/TD[9]/A[1], width=16, height=14}, CandidateElementPosition{top=402, left=301, xpath=//TABLE[@id = 'maintable']/TBODY[1]/TR[3]/TD[7]/A[1], width=16, height=14}, CandidateElementPosition{top=402, left=278, xpath=//TABLE[@id = 'maintable']/TBODY[1]/TR[3]/TD[8]/A[1], width=16, height=14}, CandidateElementPosition{top=402, left=255, xpath=//TABLE[@id = 'maintable']/TBODY[1]/TR[3]/TD[9]/A[1], width=16, height=14}, CandidateElementPosition{top=463, left=301, xpath=//TABLE[@id = 'maintable']/TBODY[1]/TR[4]/TD[7]/A[1], width=16, height=14}, CandidateElementPosition{top=463, left=278, xpath=//TABLE[@id = 'maintable']/TBODY[1]/TR[4]/TD[8]/A[1], width=16, height=14}, CandidateElementPosition{top=463, left=255, xpath=//TABLE[@id = 'maintable']/TBODY[1]/TR[4]/TD[9]/A[1], width=16, height=14}, CandidateElementPosition{top=524, left=301, xpath=//TABLE[@id = 'maintable']/TBODY[1]/TR[5]/TD[7]/A[1], width=16, height=14}, CandidateElementPosition{top=524, left=278, xpath=//TABLE[@id = 'maintable']/TBODY[1]/TR[5]/TD[8]/A[1], width=16, height=14}, CandidateElementPosition{top=524, left=255, xpath=//TABLE[@id = 'maintable']/TBODY[1]/TR[5]/TD[9]/A[1], width=16, height=14}, CandidateElementPosition{top=585, left=301, xpath=//TABLE[@id = 'maintable']/TBODY[1]/TR[6]/TD[7]/A[1], width=16, height=14}, CandidateElementPosition{top=585, left=278, xpath=//TABLE[@id = 'maintable']/TBODY[1]/TR[6]/TD[8]/A[1], width=16, height=14}, CandidateElementPosition{top=585, left=255, xpath=//TABLE[@id = 'maintable']/TBODY[1]/TR[6]/TD[9]/A[1], width=16, height=14}, CandidateElementPosition{top=646, left=301, xpath=//TABLE[@id = 'maintable']/TBODY[1]/TR[7]/TD[7]/A[1], width=16, height=14}, CandidateElementPosition{top=646, left=278, xpath=//TABLE[@id = 'maintable']/TBODY[1]/TR[7]/TD[8]/A[1], width=16, height=14}, CandidateElementPosition{top=646, left=255, xpath=//TABLE[@id = 'maintable']/TBODY[1]/TR[7]/TD[9]/A[1], width=16, height=14}, CandidateElementPosition{top=707, left=301, xpath=//TABLE[@id = 'maintable']/TBODY[1]/TR[8]/TD[7]/A[1], width=16, height=14}, CandidateElementPosition{top=707, left=278, xpath=//TABLE[@id = 'maintable']/TBODY[1]/TR[8]/TD[8]/A[1], width=16, height=14}, CandidateElementPosition{top=707, left=255, xpath=//TABLE[@id = 'maintable']/TBODY[1]/TR[8]/TD[9]/A[1], width=16, height=14}, CandidateElementPosition{top=768, left=301, xpath=//TABLE[@id = 'maintable']/TBODY[1]/TR[9]/TD[7]/A[1], width=16, height=14}, CandidateElementPosition{top=768, left=278, xpath=//TABLE[@id = 'maintable']/TBODY[1]/TR[9]/TD[8]/A[1], width=16, height=14}, CandidateElementPosition{top=768, left=255, xpath=//TABLE[@id = 'maintable']/TBODY[1]/TR[9]/TD[9]/A[1], width=16, height=14}, CandidateElementPosition{top=829, left=301, xpath=//TABLE[@id = 'maintable']/TBODY[1]/TR[10]/TD[7]/A[1], width=16, height=14}, CandidateElementPosition{top=829, left=278, xpath=//TABLE[@id = 'maintable']/TBODY[1]/TR[10]/TD[8]/A[1], width=16, height=14}, CandidateElementPosition{top=829, left=255, xpath=//TABLE[@id = 'maintable']/TBODY[1]/TR[10]/TD[9]/A[1], width=16, height=14}, CandidateElementPosition{top=890, left=301, xpath=//TABLE[@id = 'maintable']/TBODY[1]/TR[11]/TD[7]/A[1], width=16, height=14}, CandidateElementPosition{top=890, left=278, xpath=//TABLE[@id = 'maintable']/TBODY[1]/TR[11]/TD[8]/A[1], width=16, height=14}, CandidateElementPosition{top=890, left=255, xpath=//TABLE[@id = 'maintable']/TBODY[1]/TR[11]/TD[9]/A[1], width=16, height=14}, CandidateElementPosition{top=951, left=301, xpath=//TABLE[@id = 'maintable']/TBODY[1]/TR[12]/TD[7]/A[1], width=16, height=14}, CandidateElementPosition{top=951, left=278, xpath=//TABLE[@id = 'maintable']/TBODY[1]/TR[12]/TD[8]/A[1], width=16, height=14}, CandidateElementPosition{top=951, left=255, xpath=//TABLE[@id = 'maintable']/TBODY[1]/TR[12]/TD[9]/A[1], width=16, height=14}, CandidateElementPosition{top=1012, left=301, xpath=//TABLE[@id = 'maintable']/TBODY[1]/TR[13]/TD[7]/A[1], width=16, height=14}, CandidateElementPosition{top=1012, left=278, xpath=//TABLE[@id = 'maintable']/TBODY[1]/TR[13]/TD[8]/A[1], width=16, height=14}, CandidateElementPosition{top=1012, left=255, xpath=//TABLE[@id = 'maintable']/TBODY[1]/TR[13]/TD[9]/A[1], width=16, height=14}, CandidateElementPosition{top=1073, left=301, xpath=//TABLE[@id = 'maintable']/TBODY[1]/TR[14]/TD[7]/A[1], width=16, height=14}, CandidateElementPosition{top=1073, left=278, xpath=//TABLE[@id = 'maintable']/TBODY[1]/TR[14]/TD[8]/A[1], width=16, height=14}, CandidateElementPosition{top=1073, left=255, xpath=//TABLE[@id = 'maintable']/TBODY[1]/TR[14]/TD[9]/A[1], width=16, height=14}, CandidateElementPosition{top=1134, left=301, xpath=//TABLE[@id = 'maintable']/TBODY[1]/TR[15]/TD[7]/A[1], width=16, height=14}, CandidateElementPosition{top=1134, left=278, xpath=//TABLE[@id = 'maintable']/TBODY[1]/TR[15]/TD[8]/A[1], width=16, height=14}, CandidateElementPosition{top=1134, left=255, xpath=//TABLE[@id = 'maintable']/TBODY[1]/TR[15]/TD[9]/A[1], width=16, height=14}, CandidateElementPosition{top=1195, left=301, xpath=//TABLE[@id = 'maintable']/TBODY[1]/TR[16]/TD[7]/A[1], width=16, height=14}, CandidateElementPosition{top=1195, left=278, xpath=//TABLE[@id = 'maintable']/TBODY[1]/TR[16]/TD[8]/A[1], width=16, height=14}, CandidateElementPosition{top=1195, left=255, xpath=//TABLE[@id = 'maintable']/TBODY[1]/TR[16]/TD[9]/A[1], width=16, height=14}, CandidateElementPosition{top=1256, left=301, xpath=//TABLE[@id = 'maintable']/TBODY[1]/TR[17]/TD[7]/A[1], width=16, height=14}, CandidateElementPosition{top=1256, left=278, xpath=//TABLE[@id = 'maintable']/TBODY[1]/TR[17]/TD[8]/A[1], width=16, height=14}, CandidateElementPosition{top=1256, left=255, xpath=//TABLE[@id = 'maintable']/TBODY[1]/TR[17]/TD[9]/A[1], width=16, height=14}, CandidateElementPosition{top=1317, left=301, xpath=//TABLE[@id = 'maintable']/TBODY[1]/TR[18]/TD[7]/A[1], width=16, height=14}, CandidateElementPosition{top=1317, left=278, xpath=//TABLE[@id = 'maintable']/TBODY[1]/TR[18]/TD[8]/A[1], width=16, height=14}, CandidateElementPosition{top=1317, left=255, xpath=//TABLE[@id = 'maintable']/TBODY[1]/TR[18]/TD[9]/A[1], width=16, height=14}, CandidateElementPosition{top=1378, left=301, xpath=//TABLE[@id = 'maintable']/TBODY[1]/TR[19]/TD[7]/A[1], width=16, height=14}, CandidateElementPosition{top=1378, left=278, xpath=//TABLE[@id = 'maintable']/TBODY[1]/TR[19]/TD[8]/A[1], width=16, height=14}, CandidateElementPosition{top=1378, left=255, xpath=//TABLE[@id = 'maintable']/TBODY[1]/TR[19]/TD[9]/A[1], width=16, height=14}, CandidateElementPosition{top=1507, left=949, xpath=//DIV[@id = 'footer']/UL[1]/LI[1]/A[2], width=33, height=14}, CandidateElementPosition{top=1445, left=228, xpath=//DIV[@id = 'content']/FORM[2]/DIV[4]/INPUT[1], width=70, height=21}, CandidateElementPosition{top=1445, left=882, xpath=//DIV[@id = 'content']/FORM[2]/DIV[1]/INPUT[1], width=100, height=21}, CandidateElementPosition{top=1445, left=814, xpath=//DIV[@id = 'content']/FORM[2]/DIV[2]/INPUT[1], width=68, height=21}], fanIn=1, fanOut=1, failedEvents=[], hasNearDuplicate=false, nearestState=state547, distToNearestState=0.047839506172839504, timeAdded=1764144057862}, state397=State{name=state397, id=397, url=http://localhost:3000/addressbook825/view.php?group=[none]&all&print&phones, candidateElements=[CandidateElementPosition{top=466, left=1165, xpath=//DIV[@id = 'footer']/UL[1]/LI[1]/A[2], width=33, height=14}], fanIn=1, fanOut=1, failedEvents=[], hasNearDuplicate=false, nearestState=state321, distToNearestState=0.24786324786324787, timeAdded=1764143021015}, state279=State{name=state279, id=279, url=http://localhost:3000/addressbook825/view.php?group=[none]&all&print, candidateElements=[CandidateElementPosition{top=861, left=1150, xpath=//DIV[@id = 'footer']/UL[1]/LI[1]/A[2], width=33, height=14}], fanIn=1, fanOut=1, failedEvents=[], hasNearDuplicate=false, nearestState=state221, distToNearestState=0.29906542056074764, timeAdded=1764142536621}, state312=State{name=state312, id=312, url=http://localhost:3000/addressbook825/birthdays.php?group=[none], candidateElements=[CandidateElementPosition{top=5, left=892, xpath=//DIV[@id = 'top']/FORM[1]/A[1], width=50, height=14}, CandidateElementPosition{top=0, left=0, xpath=//DIV[@id = 'header']/H1[1]/A[1], width=0, height=0}, CandidateElementPosition{top=89, left=650, xpath=//DIV[@id = 'header']/A[1], width=340, height=14}, CandidateElementPosition{top=105, left=513, xpath=//DIV[@id = 'nav']/UL[1]/LI[1]/A[1], width=44, height=14}, CandidateElementPosition{top=105, left=560, xpath=//DIV[@id = 'nav']/UL[1]/LI[2]/A[1], width=68, height=14}, CandidateElementPosition{top=105, left=632, xpath=//DIV[@id = 'nav']/UL[1]/LI[3]/A[1], width=60, height=14}, CandidateElementPosition{top=105, left=695, xpath=//DIV[@id = 'nav']/UL[1]/LI[4]/A[1], width=114, height=14}, CandidateElementPosition{top=105, left=813, xpath=//DIV[@id = 'nav']/UL[1]/LI[5]/A[1], width=72, height=14}, CandidateElementPosition{top=105, left=888, xpath=//DIV[@id = 'nav']/UL[1]/LI[6]/A[1], width=101, height=14}, CandidateElementPosition{top=256, left=353, xpath=//TABLE[@id = 'birthdays']/TBODY[1]/TR[2]/TD[7]/A[1], width=16, height=14}, CandidateElementPosition{top=256, left=320, xpath=//TABLE[@id = 'birthdays']/TBODY[1]/TR[2]/TD[8]/A[1], width=16, height=14}, CandidateElementPosition{top=256, left=287, xpath=//TABLE[@id = 'birthdays']/TBODY[1]/TR[2]/TD[9]/A[1], width=16, height=14}, CandidateElementPosition{top=277, left=353, xpath=//TABLE[@id = 'birthdays']/TBODY[1]/TR[3]/TD[7]/A[1], width=16, height=14}, CandidateElementPosition{top=277, left=320, xpath=//TABLE[@id = 'birthdays']/TBODY[1]/TR[3]/TD[8]/A[1], width=16, height=14}, CandidateElementPosition{top=277, left=287, xpath=//TABLE[@id = 'birthdays']/TBODY[1]/TR[3]/TD[9]/A[1], width=16, height=14}, CandidateElementPosition{top=298, left=353, xpath=//TABLE[@id = 'birthdays']/TBODY[1]/TR[4]/TD[7]/A[1], width=16, height=14}, CandidateElementPosition{top=298, left=320, xpath=//TABLE[@id = 'birthdays']/TBODY[1]/TR[4]/TD[8]/A[1], width=16, height=14}, CandidateElementPosition{top=298, left=287, xpath=//TABLE[@id = 'birthdays']/TBODY[1]/TR[4]/TD[9]/A[1], width=16, height=14}, CandidateElementPosition{top=319, left=353, xpath=//TABLE[@id = 'birthdays']/TBODY[1]/TR[5]/TD[7]/A[1], width=16, height=14}, CandidateElementPosition{top=319, left=320, xpath=//TABLE[@id = 'birthdays']/TBODY[1]/TR[5]/TD[8]/A[1], width=16, height=14}, CandidateElementPosition{top=319, left=287, xpath=//TABLE[@id = 'birthdays']/TBODY[1]/TR[5]/TD[9]/A[1], width=16, height=14}, CandidateElementPosition{top=340, left=353, xpath=//TABLE[@id = 'birthdays']/TBODY[1]/TR[6]/TD[7]/A[1], width=16, height=14}, CandidateElementPosition{top=340, left=320, xpath=//TABLE[@id = 'birthdays']/TBODY[1]/TR[6]/TD[8]/A[1], width=16, height=14}, CandidateElementPosition{top=340, left=287, xpath=//TABLE[@id = 'birthdays']/TBODY[1]/TR[6]/TD[9]/A[1], width=16, height=14}, CandidateElementPosition{top=361, left=353, xpath=//TABLE[@id = 'birthdays']/TBODY[1]/TR[7]/TD[7]/A[1], width=16, height=14}, CandidateElementPosition{top=361, left=320, xpath=//TABLE[@id = 'birthdays']/TBODY[1]/TR[7]/TD[8]/A[1], width=16, height=14}, CandidateElementPosition{top=361, left=287, xpath=//TABLE[@id = 'birthdays']/TBODY[1]/TR[7]/TD[9]/A[1], width=16, height=14}, CandidateElementPosition{top=382, left=353, xpath=//TABLE[@id = 'birthdays']/TBODY[1]/TR[8]/TD[7]/A[1], width=16, height=14}, CandidateElementPosition{top=382, left=320, xpath=//TABLE[@id = 'birthdays']/TBODY[1]/TR[8]/TD[8]/A[1], width=16, height=14}, CandidateElementPosition{top=382, left=287, xpath=//TABLE[@id = 'birthdays']/TBODY[1]/TR[8]/TD[9]/A[1], width=16, height=14}, CandidateElementPosition{top=403, left=353, xpath=//TABLE[@id = 'birthdays']/TBODY[1]/TR[9]/TD[7]/A[1], width=16, height=14}, CandidateElementPosition{top=403, left=320, xpath=//TABLE[@id = 'birthdays']/TBODY[1]/TR[9]/TD[8]/A[1], width=16, height=14}, CandidateElementPosition{top=403, left=287, xpath=//TABLE[@id = 'birthdays']/TBODY[1]/TR[9]/TD[9]/A[1], width=16, height=14}, CandidateElementPosition{top=465, left=957, xpath=//DIV[@id = 'footer']/UL[1]/LI[1]/A[2], width=33, height=14}], fanIn=2, fanOut=5, failedEvents=[], hasNearDuplicate=false, nearestState=state275, distToNearestState=0.2077922077922078, timeAdded=1764142667840}, state356=State{name=state356, id=356, url=http://localhost:3000/addressbook825/birthdays.php, candidateElements=[CandidateElementPosition{top=5, left=892, xpath=//DIV[@id = 'top']/FORM[1]/A[1], width=50, height=14}, CandidateElementPosition{top=0, left=0, xpath=//DIV[@id = 'header']/H1[1]/A[1], width=0, height=0}, CandidateElementPosition{top=89, left=650, xpath=//DIV[@id = 'header']/A[1], width=340, height=14}, CandidateElementPosition{top=105, left=513, xpath=//DIV[@id = 'nav']/UL[1]/LI[1]/A[1], width=44, height=14}, CandidateElementPosition{top=105, left=560, xpath=//DIV[@id = 'nav']/UL[1]/LI[2]/A[1], width=68, height=14}, CandidateElementPosition{top=105, left=632, xpath=//DIV[@id = 'nav']/UL[1]/LI[3]/A[1], width=60, height=14}, CandidateElementPosition{top=105, left=695, xpath=//DIV[@id = 'nav']/UL[1]/LI[4]/A[1], width=114, height=14}, CandidateElementPosition{top=105, left=813, xpath=//DIV[@id = 'nav']/UL[1]/LI[5]/A[1], width=72, height=14}, CandidateElementPosition{top=105, left=888, xpath=//DIV[@id = 'nav']/UL[1]/LI[6]/A[1], width=101, height=14}, CandidateElementPosition{top=256, left=353, xpath=//TABLE[@id = 'birthdays']/TBODY[1]/TR[2]/TD[7]/A[1], width=16, height=14}, CandidateElementPosition{top=256, left=320, xpath=//TABLE[@id = 'birthdays']/TBODY[1]/TR[2]/TD[8]/A[1], width=16, height=14}, CandidateElementPosition{top=256, left=287, xpath=//TABLE[@id = 'birthdays']/TBODY[1]/TR[2]/TD[9]/A[1], width=16, height=14}, CandidateElementPosition{top=277, left=353, xpath=//TABLE[@id = 'birthdays']/TBODY[1]/TR[3]/TD[7]/A[1], width=16, height=14}, CandidateElementPosition{top=277, left=320, xpath=//TABLE[@id = 'birthdays']/TBODY[1]/TR[3]/TD[8]/A[1], width=16, height=14}, CandidateElementPosition{top=277, left=287, xpath=//TABLE[@id = 'birthdays']/TBODY[1]/TR[3]/TD[9]/A[1], width=16, height=14}, CandidateElementPosition{top=298, left=353, xpath=//TABLE[@id = 'birthdays']/TBODY[1]/TR[4]/TD[7]/A[1], width=16, height=14}, CandidateElementPosition{top=298, left=320, xpath=//TABLE[@id = 'birthdays']/TBODY[1]/TR[4]/TD[8]/A[1], width=16, height=14}, CandidateElementPosition{top=298, left=287, xpath=//TABLE[@id = 'birthdays']/TBODY[1]/TR[4]/TD[9]/A[1], width=16, height=14}, CandidateElementPosition{top=319, left=353, xpath=//TABLE[@id = 'birthdays']/TBODY[1]/TR[5]/TD[7]/A[1], width=16, height=14}, CandidateElementPosition{top=319, left=320, xpath=//TABLE[@id = 'birthdays']/TBODY[1]/TR[5]/TD[8]/A[1], width=16, height=14}, CandidateElementPosition{top=319, left=287, xpath=//TABLE[@id = 'birthdays']/TBODY[1]/TR[5]/TD[9]/A[1], width=16, height=14}, CandidateElementPosition{top=340, left=353, xpath=//TABLE[@id = 'birthdays']/TBODY[1]/TR[6]/TD[7]/A[1], width=16, height=14}, CandidateElementPosition{top=340, left=320, xpath=//TABLE[@id = 'birthdays']/TBODY[1]/TR[6]/TD[8]/A[1], width=16, height=14}, CandidateElementPosition{top=340, left=287, xpath=//TABLE[@id = 'birthdays']/TBODY[1]/TR[6]/TD[9]/A[1], width=16, height=14}, CandidateElementPosition{top=361, left=353, xpath=//TABLE[@id = 'birthdays']/TBODY[1]/TR[7]/TD[7]/A[1], width=16, height=14}, CandidateElementPosition{top=361, left=320, xpath=//TABLE[@id = 'birthdays']/TBODY[1]/TR[7]/TD[8]/A[1], width=16, height=14}, CandidateElementPosition{top=361, left=287, xpath=//TABLE[@id = 'birthdays']/TBODY[1]/TR[7]/TD[9]/A[1], width=16, height=14}, CandidateElementPosition{top=382, left=353, xpath=//TABLE[@id = 'birthdays']/TBODY[1]/TR[8]/TD[7]/A[1], width=16, height=14}, CandidateElementPosition{top=382, left=320, xpath=//TABLE[@id = 'birthdays']/TBODY[1]/TR[8]/TD[8]/A[1], width=16, height=14}, CandidateElementPosition{top=382, left=287, xpath=//TABLE[@id = 'birthdays']/TBODY[1]/TR[8]/TD[9]/A[1], width=16, height=14}, CandidateElementPosition{top=403, left=353, xpath=//TABLE[@id = 'birthdays']/TBODY[1]/TR[9]/TD[7]/A[1], width=16, height=14}, CandidateElementPosition{top=403, left=320, xpath=//TABLE[@id = 'birthdays']/TBODY[1]/TR[9]/TD[8]/A[1], width=16, height=14}, CandidateElementPosition{top=403, left=287, xpath=//TABLE[@id = 'birthdays']/TBODY[1]/TR[9]/TD[9]/A[1], width=16, height=14}, CandidateElementPosition{top=424, left=353, xpath=//TABLE[@id = 'birthdays']/TBODY[1]/TR[10]/TD[7]/A[1], width=16, height=14}, CandidateElementPosition{top=424, left=320, xpath=//TABLE[@id = 'birthdays']/TBODY[1]/TR[10]/TD[8]/A[1], width=16, height=14}, CandidateElementPosition{top=424, left=287, xpath=//TABLE[@id = 'birthdays']/TBODY[1]/TR[10]/TD[9]/A[1], width=16, height=14}, CandidateElementPosition{top=445, left=353, xpath=//TABLE[@id = 'birthdays']/TBODY[1]/TR[11]/TD[7]/A[1], width=16, height=14}, CandidateElementPosition{top=445, left=320, xpath=//TABLE[@id = 'birthdays']/TBODY[1]/TR[11]/TD[8]/A[1], width=16, height=14}, CandidateElementPosition{top=445, left=287, xpath=//TABLE[@id = 'birthdays']/TBODY[1]/TR[11]/TD[9]/A[1], width=16, height=14}, CandidateElementPosition{top=507, left=957, xpath=//DIV[@id = 'footer']/UL[1]/LI[1]/A[2], width=33, height=14}], fanIn=1, fanOut=4, failedEvents=[], hasNearDuplicate=false, nearestState=state312, distToNearestState=0.17204301075268819, timeAdded=1764142826507}, state435=State{name=state435, id=435, url=http://localhost:3000/addressbook825/birthdays.php, candidateElements=[CandidateElementPosition{top=5, left=892, xpath=//DIV[@id = 'top']/FORM[1]/A[1], width=50, height=14}, CandidateElementPosition{top=0, left=0, xpath=//DIV[@id = 'header']/H1[1]/A[1], width=0, height=0}, CandidateElementPosition{top=89, left=650, xpath=//DIV[@id = 'header']/A[1], width=340, height=14}, CandidateElementPosition{top=105, left=513, xpath=//DIV[@id = 'nav']/UL[1]/LI[1]/A[1], width=44, height=14}, CandidateElementPosition{top=105, left=560, xpath=//DIV[@id = 'nav']/UL[1]/LI[2]/A[1], width=68, height=14}, CandidateElementPosition{top=105, left=632, xpath=//DIV[@id = 'nav']/UL[1]/LI[3]/A[1], width=60, height=14}, CandidateElementPosition{top=105, left=695, xpath=//DIV[@id = 'nav']/UL[1]/LI[4]/A[1], width=114, height=14}, CandidateElementPosition{top=105, left=813, xpath=//DIV[@id = 'nav']/UL[1]/LI[5]/A[1], width=72, height=14}, CandidateElementPosition{top=105, left=888, xpath=//DIV[@id = 'nav']/UL[1]/LI[6]/A[1], width=101, height=14}, CandidateElementPosition{top=256, left=353, xpath=//TABLE[@id = 'birthdays']/TBODY[1]/TR[2]/TD[7]/A[1], width=16, height=14}, CandidateElementPosition{top=256, left=320, xpath=//TABLE[@id = 'birthdays']/TBODY[1]/TR[2]/TD[8]/A[1], width=16, height=14}, CandidateElementPosition{top=256, left=287, xpath=//TABLE[@id = 'birthdays']/TBODY[1]/TR[2]/TD[9]/A[1], width=16, height=14}, CandidateElementPosition{top=277, left=353, xpath=//TABLE[@id = 'birthdays']/TBODY[1]/TR[3]/TD[7]/A[1], width=16, height=14}, CandidateElementPosition{top=277, left=320, xpath=//TABLE[@id = 'birthdays']/TBODY[1]/TR[3]/TD[8]/A[1], width=16, height=14}, CandidateElementPosition{top=277, left=287, xpath=//TABLE[@id = 'birthdays']/TBODY[1]/TR[3]/TD[9]/A[1], width=16, height=14}, CandidateElementPosition{top=298, left=353, xpath=//TABLE[@id = 'birthdays']/TBODY[1]/TR[4]/TD[7]/A[1], width=16, height=14}, CandidateElementPosition{top=298, left=320, xpath=//TABLE[@id = 'birthdays']/TBODY[1]/TR[4]/TD[8]/A[1], width=16, height=14}, CandidateElementPosition{top=298, left=287, xpath=//TABLE[@id = 'birthdays']/TBODY[1]/TR[4]/TD[9]/A[1], width=16, height=14}, CandidateElementPosition{top=319, left=353, xpath=//TABLE[@id = 'birthdays']/TBODY[1]/TR[5]/TD[7]/A[1], width=16, height=14}, CandidateElementPosition{top=319, left=320, xpath=//TABLE[@id = 'birthdays']/TBODY[1]/TR[5]/TD[8]/A[1], width=16, height=14}, CandidateElementPosition{top=319, left=287, xpath=//TABLE[@id = 'birthdays']/TBODY[1]/TR[5]/TD[9]/A[1], width=16, height=14}, CandidateElementPosition{top=340, left=353, xpath=//TABLE[@id = 'birthdays']/TBODY[1]/TR[6]/TD[7]/A[1], width=16, height=14}, CandidateElementPosition{top=340, left=320, xpath=//TABLE[@id = 'birthdays']/TBODY[1]/TR[6]/TD[8]/A[1], width=16, height=14}, CandidateElementPosition{top=340, left=287, xpath=//TABLE[@id = 'birthdays']/TBODY[1]/TR[6]/TD[9]/A[1], width=16, height=14}, CandidateElementPosition{top=361, left=353, xpath=//TABLE[@id = 'birthdays']/TBODY[1]/TR[7]/TD[7]/A[1], width=16, height=14}, CandidateElementPosition{top=361, left=320, xpath=//TABLE[@id = 'birthdays']/TBODY[1]/TR[7]/TD[8]/A[1], width=16, height=14}, CandidateElementPosition{top=361, left=287, xpath=//TABLE[@id = 'birthdays']/TBODY[1]/TR[7]/TD[9]/A[1], width=16, height=14}, CandidateElementPosition{top=382, left=353, xpath=//TABLE[@id = 'birthdays']/TBODY[1]/TR[8]/TD[7]/A[1], width=16, height=14}, CandidateElementPosition{top=382, left=320, xpath=//TABLE[@id = 'birthdays']/TBODY[1]/TR[8]/TD[8]/A[1], width=16, height=14}, CandidateElementPosition{top=382, left=287, xpath=//TABLE[@id = 'birthdays']/TBODY[1]/TR[8]/TD[9]/A[1], width=16, height=14}, CandidateElementPosition{top=403, left=353, xpath=//TABLE[@id = 'birthdays']/TBODY[1]/TR[9]/TD[7]/A[1], width=16, height=14}, CandidateElementPosition{top=403, left=320, xpath=//TABLE[@id = 'birthdays']/TBODY[1]/TR[9]/TD[8]/A[1], width=16, height=14}, CandidateElementPosition{top=403, left=287, xpath=//TABLE[@id = 'birthdays']/TBODY[1]/TR[9]/TD[9]/A[1], width=16, height=14}, CandidateElementPosition{top=424, left=353, xpath=//TABLE[@id = 'birthdays']/TBODY[1]/TR[10]/TD[7]/A[1], width=16, height=14}, CandidateElementPosition{top=424, left=320, xpath=//TABLE[@id = 'birthdays']/TBODY[1]/TR[10]/TD[8]/A[1], width=16, height=14}, CandidateElementPosition{top=424, left=287, xpath=//TABLE[@id = 'birthdays']/TBODY[1]/TR[10]/TD[9]/A[1], width=16, height=14}, CandidateElementPosition{top=445, left=353, xpath=//TABLE[@id = 'birthdays']/TBODY[1]/TR[11]/TD[7]/A[1], width=16, height=14}, CandidateElementPosition{top=445, left=320, xpath=//TABLE[@id = 'birthdays']/TBODY[1]/TR[11]/TD[8]/A[1], width=16, height=14}, CandidateElementPosition{top=445, left=287, xpath=//TABLE[@id = 'birthdays']/TBODY[1]/TR[11]/TD[9]/A[1], width=16, height=14}, CandidateElementPosition{top=466, left=353, xpath=//TABLE[@id = 'birthdays']/TBODY[1]/TR[12]/TD[7]/A[1], width=16, height=14}, CandidateElementPosition{top=466, left=320, xpath=//TABLE[@id = 'birthdays']/TBODY[1]/TR[12]/TD[8]/A[1], width=16, height=14}, CandidateElementPosition{top=466, left=287, xpath=//TABLE[@id = 'birthdays']/TBODY[1]/TR[12]/TD[9]/A[1], width=16, height=14}, CandidateElementPosition{top=487, left=353, xpath=//TABLE[@id = 'birthdays']/TBODY[1]/TR[13]/TD[7]/A[1], width=16, height=14}, CandidateElementPosition{top=487, left=320, xpath=//TABLE[@id = 'birthdays']/TBODY[1]/TR[13]/TD[8]/A[1], width=16, height=14}, CandidateElementPosition{top=487, left=287, xpath=//TABLE[@id = 'birthdays']/TBODY[1]/TR[13]/TD[9]/A[1], width=16, height=14}, CandidateElementPosition{top=549, left=957, xpath=//DIV[@id = 'footer']/UL[1]/LI[1]/A[2], width=33, height=14}], fanIn=2, fanOut=4, failedEvents=[], hasNearDuplicate=false, nearestState=state384, distToNearestState=0.07339449541284404, timeAdded=1764143199226}, state556=State{name=state556, id=556, url=http://localhost:3000/addressbook825/index.php, candidateElements=[CandidateElementPosition{top=5, left=885, xpath=//DIV[@id = 'top']/FORM[1]/A[1], width=51, height=14}, CandidateElementPosition{top=712, left=0, xpath=//DIV[@id = 'header']/H1[1]/A[1], width=0, height=0}, CandidateElementPosition{top=89, left=642, xpath=//DIV[@id = 'header']/A[1], width=340, height=14}, CandidateElementPosition{top=105, left=506, xpath=//DIV[@id = 'nav']/UL[1]/LI[1]/A[1], width=44, height=14}, CandidateElementPosition{top=105, left=553, xpath=//DIV[@id = 'nav']/UL[1]/LI[2]/A[1], width=68, height=14}, CandidateElementPosition{top=105, left=624, xpath=//DIV[@id = 'nav']/UL[1]/LI[3]/A[1], width=60, height=14}, CandidateElementPosition{top=105, left=688, xpath=//DIV[@id = 'nav']/UL[1]/LI[4]/A[1], width=114, height=14}, CandidateElementPosition{top=105, left=805, xpath=//DIV[@id = 'nav']/UL[1]/LI[5]/A[1], width=72, height=14}, CandidateElementPosition{top=105, left=881, xpath=//DIV[@id = 'nav']/UL[1]/LI[6]/A[1], width=102, height=14}, CandidateElementPosition{top=291, left=900, xpath=//TABLE[@id = 'maintable']/TBODY[1]/TR[1]/TH[2]/A[1], width=43, height=14}, CandidateElementPosition{top=291, left=765, xpath=//TABLE[@id = 'maintable']/TBODY[1]/TR[1]/TH[3]/A[1], width=72, height=14}, CandidateElementPosition{top=291, left=619, xpath=//TABLE[@id = 'maintable']/TBODY[1]/TR[1]/TH[4]/A[1], width=59, height=14}, CandidateElementPosition{top=291, left=470, xpath=//TABLE[@id = 'maintable']/TBODY[1]/TR[1]/TH[5]/A[1], width=76, height=14}, CandidateElementPosition{top=291, left=336, xpath=//TABLE[@id = 'maintable']/TBODY[1]/TR[1]/TH[6]/A[1], width=80, height=14}, CandidateElementPosition{top=341, left=301, xpath=//TABLE[@id = 'maintable']/TBODY[1]/TR[2]/TD[7]/A[1], width=16, height=14}, CandidateElementPosition{top=341, left=278, xpath=//TABLE[@id = 'maintable']/TBODY[1]/TR[2]/TD[8]/A[1], width=16, height=14}, CandidateElementPosition{top=341, left=255, xpath=//TABLE[@id = 'maintable']/TBODY[1]/TR[2]/TD[9]/A[1], width=16, height=14}, CandidateElementPosition{top=402, left=301, xpath=//TABLE[@id = 'maintable']/TBODY[1]/TR[3]/TD[7]/A[1], width=16, height=14}, CandidateElementPosition{top=402, left=278, xpath=//TABLE[@id = 'maintable']/TBODY[1]/TR[3]/TD[8]/A[1], width=16, height=14}, CandidateElementPosition{top=402, left=255, xpath=//TABLE[@id = 'maintable']/TBODY[1]/TR[3]/TD[9]/A[1], width=16, height=14}, CandidateElementPosition{top=463, left=301, xpath=//TABLE[@id = 'maintable']/TBODY[1]/TR[4]/TD[7]/A[1], width=16, height=14}, CandidateElementPosition{top=463, left=278, xpath=//TABLE[@id = 'maintable']/TBODY[1]/TR[4]/TD[8]/A[1], width=16, height=14}, CandidateElementPosition{top=463, left=255, xpath=//TABLE[@id = 'maintable']/TBODY[1]/TR[4]/TD[9]/A[1], width=16, height=14}, CandidateElementPosition{top=524, left=301, xpath=//TABLE[@id = 'maintable']/TBODY[1]/TR[5]/TD[7]/A[1], width=16, height=14}, CandidateElementPosition{top=524, left=278, xpath=//TABLE[@id = 'maintable']/TBODY[1]/TR[5]/TD[8]/A[1], width=16, height=14}, CandidateElementPosition{top=524, left=255, xpath=//TABLE[@id = 'maintable']/TBODY[1]/TR[5]/TD[9]/A[1], width=16, height=14}, CandidateElementPosition{top=585, left=301, xpath=//TABLE[@id = 'maintable']/TBODY[1]/TR[6]/TD[7]/A[1], width=16, height=14}, CandidateElementPosition{top=585, left=278, xpath=//TABLE[@id = 'maintable']/TBODY[1]/TR[6]/TD[8]/A[1], width=16, height=14}, CandidateElementPosition{top=585, left=255, xpath=//TABLE[@id = 'maintable']/TBODY[1]/TR[6]/TD[9]/A[1], width=16, height=14}, CandidateElementPosition{top=646, left=301, xpath=//TABLE[@id = 'maintable']/TBODY[1]/TR[7]/TD[7]/A[1], width=16, height=14}, CandidateElementPosition{top=646, left=278, xpath=//TABLE[@id = 'maintable']/TBODY[1]/TR[7]/TD[8]/A[1], width=16, height=14}, CandidateElementPosition{top=646, left=255, xpath=//TABLE[@id = 'maintable']/TBODY[1]/TR[7]/TD[9]/A[1], width=16, height=14}, CandidateElementPosition{top=707, left=301, xpath=//TABLE[@id = 'maintable']/TBODY[1]/TR[8]/TD[7]/A[1], width=16, height=14}, CandidateElementPosition{top=707, left=278, xpath=//TABLE[@id = 'maintable']/TBODY[1]/TR[8]/TD[8]/A[1], width=16, height=14}, CandidateElementPosition{top=707, left=255, xpath=//TABLE[@id = 'maintable']/TBODY[1]/TR[8]/TD[9]/A[1], width=16, height=14}, CandidateElementPosition{top=768, left=301, xpath=//TABLE[@id = 'maintable']/TBODY[1]/TR[9]/TD[7]/A[1], width=16, height=14}, CandidateElementPosition{top=768, left=278, xpath=//TABLE[@id = 'maintable']/TBODY[1]/TR[9]/TD[8]/A[1], width=16, height=14}, CandidateElementPosition{top=768, left=255, xpath=//TABLE[@id = 'maintable']/TBODY[1]/TR[9]/TD[9]/A[1], width=16, height=14}, CandidateElementPosition{top=829, left=301, xpath=//TABLE[@id = 'maintable']/TBODY[1]/TR[10]/TD[7]/A[1], width=16, height=14}, CandidateElementPosition{top=829, left=278, xpath=//TABLE[@id = 'maintable']/TBODY[1]/TR[10]/TD[8]/A[1], width=16, height=14}, CandidateElementPosition{top=829, left=255, xpath=//TABLE[@id = 'maintable']/TBODY[1]/TR[10]/TD[9]/A[1], width=16, height=14}, CandidateElementPosition{top=890, left=301, xpath=//TABLE[@id = 'maintable']/TBODY[1]/TR[11]/TD[7]/A[1], width=16, height=14}, CandidateElementPosition{top=890, left=278, xpath=//TABLE[@id = 'maintable']/TBODY[1]/TR[11]/TD[8]/A[1], width=16, height=14}, CandidateElementPosition{top=890, left=255, xpath=//TABLE[@id = 'maintable']/TBODY[1]/TR[11]/TD[9]/A[1], width=16, height=14}, CandidateElementPosition{top=951, left=301, xpath=//TABLE[@id = 'maintable']/TBODY[1]/TR[12]/TD[7]/A[1], width=16, height=14}, CandidateElementPosition{top=951, left=278, xpath=//TABLE[@id = 'maintable']/TBODY[1]/TR[12]/TD[8]/A[1], width=16, height=14}, CandidateElementPosition{top=951, left=255, xpath=//TABLE[@id = 'maintable']/TBODY[1]/TR[12]/TD[9]/A[1], width=16, height=14}, CandidateElementPosition{top=1012, left=301, xpath=//TABLE[@id = 'maintable']/TBODY[1]/TR[13]/TD[7]/A[1], width=16, height=14}, CandidateElementPosition{top=1012, left=278, xpath=//TABLE[@id = 'maintable']/TBODY[1]/TR[13]/TD[8]/A[1], width=16, height=14}, CandidateElementPosition{top=1012, left=255, xpath=//TABLE[@id = 'maintable']/TBODY[1]/TR[13]/TD[9]/A[1], width=16, height=14}, CandidateElementPosition{top=1073, left=301, xpath=//TABLE[@id = 'maintable']/TBODY[1]/TR[14]/TD[7]/A[1], width=16, height=14}, CandidateElementPosition{top=1073, left=278, xpath=//TABLE[@id = 'maintable']/TBODY[1]/TR[14]/TD[8]/A[1], width=16, height=14}, CandidateElementPosition{top=1073, left=255, xpath=//TABLE[@id = 'maintable']/TBODY[1]/TR[14]/TD[9]/A[1], width=16, height=14}, CandidateElementPosition{top=1134, left=301, xpath=//TABLE[@id = 'maintable']/TBODY[1]/TR[15]/TD[7]/A[1], width=16, height=14}, CandidateElementPosition{top=1134, left=278, xpath=//TABLE[@id = 'maintable']/TBODY[1]/TR[15]/TD[8]/A[1], width=16, height=14}, CandidateElementPosition{top=1134, left=255, xpath=//TABLE[@id = 'maintable']/TBODY[1]/TR[15]/TD[9]/A[1], width=16, height=14}, CandidateElementPosition{top=1195, left=301, xpath=//TABLE[@id = 'maintable']/TBODY[1]/TR[16]/TD[7]/A[1], width=16, height=14}, CandidateElementPosition{top=1195, left=278, xpath=//TABLE[@id = 'maintable']/TBODY[1]/TR[16]/TD[8]/A[1], width=16, height=14}, CandidateElementPosition{top=1195, left=255, xpath=//TABLE[@id = 'maintable']/TBODY[1]/TR[16]/TD[9]/A[1], width=16, height=14}, CandidateElementPosition{top=1256, left=301, xpath=//TABLE[@id = 'maintable']/TBODY[1]/TR[17]/TD[7]/A[1], width=16, height=14}, CandidateElementPosition{top=1256, left=278, xpath=//TABLE[@id = 'maintable']/TBODY[1]/TR[17]/TD[8]/A[1], width=16, height=14}, CandidateElementPosition{top=1256, left=255, xpath=//TABLE[@id = 'maintable']/TBODY[1]/TR[17]/TD[9]/A[1], width=16, height=14}, CandidateElementPosition{top=1317, left=301, xpath=//TABLE[@id = 'maintable']/TBODY[1]/TR[18]/TD[7]/A[1], width=16, height=14}, CandidateElementPosition{top=1317, left=278, xpath=//TABLE[@id = 'maintable']/TBODY[1]/TR[18]/TD[8]/A[1], width=16, height=14}, CandidateElementPosition{top=1317, left=255, xpath=//TABLE[@id = 'maintable']/TBODY[1]/TR[18]/TD[9]/A[1], width=16, height=14}, CandidateElementPosition{top=1378, left=301, xpath=//TABLE[@id = 'maintable']/TBODY[1]/TR[19]/TD[7]/A[1], width=16, height=14}, CandidateElementPosition{top=1378, left=278, xpath=//TABLE[@id = 'maintable']/TBODY[1]/TR[19]/TD[8]/A[1], width=16, height=14}, CandidateElementPosition{top=1378, left=255, xpath=//TABLE[@id = 'maintable']/TBODY[1]/TR[19]/TD[9]/A[1], width=16, height=14}, CandidateElementPosition{top=1439, left=301, xpath=//TABLE[@id = 'maintable']/TBODY[1]/TR[20]/TD[7]/A[1], width=16, height=14}, CandidateElementPosition{top=1439, left=278, xpath=//TABLE[@id = 'maintable']/TBODY[1]/TR[20]/TD[8]/A[1], width=16, height=14}, CandidateElementPosition{top=1439, left=255, xpath=//TABLE[@id = 'maintable']/TBODY[1]/TR[20]/TD[9]/A[1], width=16, height=14}, CandidateElementPosition{top=1568, left=949, xpath=//DIV[@id = 'footer']/UL[1]/LI[1]/A[2], width=33, height=14}, CandidateElementPosition{top=1506, left=228, xpath=//DIV[@id = 'content']/FORM[2]/DIV[4]/INPUT[1], width=70, height=21}, CandidateElementPosition{top=1506, left=882, xpath=//DIV[@id = 'content']/FORM[2]/DIV[1]/INPUT[1], width=100, height=21}, CandidateElementPosition{top=1506, left=814, xpath=//DIV[@id = 'content']/FORM[2]/DIV[2]/INPUT[1], width=68, height=21}], fanIn=7, fanOut=8, failedEvents=[], hasNearDuplicate=false, nearestState=state552, distToNearestState=0.045655375552282766, timeAdded=1764144083831}, state359=State{name=state359, id=359, url=http://localhost:3000/addressbook825/index.php, candidateElements=[CandidateElementPosition{top=5, left=885, xpath=//DIV[@id = 'top']/FORM[1]/A[1], width=51, height=14}, CandidateElementPosition{top=224, left=0, xpath=//DIV[@id = 'header']/H1[1]/A[1], width=0, height=0}, CandidateElementPosition{top=89, left=642, xpath=//DIV[@id = 'header']/A[1], width=340, height=14}, CandidateElementPosition{top=105, left=506, xpath=//DIV[@id = 'nav']/UL[1]/LI[1]/A[1], width=44, height=14}, CandidateElementPosition{top=105, left=553, xpath=//DIV[@id = 'nav']/UL[1]/LI[2]/A[1], width=68, height=14}, CandidateElementPosition{top=105, left=624, xpath=//DIV[@id = 'nav']/UL[1]/LI[3]/A[1], width=60, height=14}, CandidateElementPosition{top=105, left=688, xpath=//DIV[@id = 'nav']/UL[1]/LI[4]/A[1], width=114, height=14}, CandidateElementPosition{top=105, left=805, xpath=//DIV[@id = 'nav']/UL[1]/LI[5]/A[1], width=72, height=14}, CandidateElementPosition{top=105, left=881, xpath=//DIV[@id = 'nav']/UL[1]/LI[6]/A[1], width=102, height=14}, CandidateElementPosition{top=291, left=900, xpath=//TABLE[@id = 'maintable']/TBODY[1]/TR[1]/TH[2]/A[1], width=43, height=14}, CandidateElementPosition{top=291, left=765, xpath=//TABLE[@id = 'maintable']/TBODY[1]/TR[1]/TH[3]/A[1], width=72, height=14}, CandidateElementPosition{top=291, left=619, xpath=//TABLE[@id = 'maintable']/TBODY[1]/TR[1]/TH[4]/A[1], width=59, height=14}, CandidateElementPosition{top=291, left=470, xpath=//TABLE[@id = 'maintable']/TBODY[1]/TR[1]/TH[5]/A[1], width=76, height=14}, CandidateElementPosition{top=291, left=336, xpath=//TABLE[@id = 'maintable']/TBODY[1]/TR[1]/TH[6]/A[1], width=80, height=14}, CandidateElementPosition{top=341, left=301, xpath=//TABLE[@id = 'maintable']/TBODY[1]/TR[2]/TD[7]/A[1], width=16, height=14}, CandidateElementPosition{top=341, left=278, xpath=//TABLE[@id = 'maintable']/TBODY[1]/TR[2]/TD[8]/A[1], width=16, height=14}, CandidateElementPosition{top=341, left=255, xpath=//TABLE[@id = 'maintable']/TBODY[1]/TR[2]/TD[9]/A[1], width=16, height=14}, CandidateElementPosition{top=402, left=301, xpath=//TABLE[@id = 'maintable']/TBODY[1]/TR[3]/TD[7]/A[1], width=16, height=14}, CandidateElementPosition{top=402, left=278, xpath=//TABLE[@id = 'maintable']/TBODY[1]/TR[3]/TD[8]/A[1], width=16, height=14}, CandidateElementPosition{top=402, left=255, xpath=//TABLE[@id = 'maintable']/TBODY[1]/TR[3]/TD[9]/A[1], width=16, height=14}, CandidateElementPosition{top=463, left=301, xpath=//TABLE[@id = 'maintable']/TBODY[1]/TR[4]/TD[7]/A[1], width=16, height=14}, CandidateElementPosition{top=463, left=278, xpath=//TABLE[@id = 'maintable']/TBODY[1]/TR[4]/TD[8]/A[1], width=16, height=14}, CandidateElementPosition{top=463, left=255, xpath=//TABLE[@id = 'maintable']/TBODY[1]/TR[4]/TD[9]/A[1], width=16, height=14}, CandidateElementPosition{top=524, left=301, xpath=//TABLE[@id = 'maintable']/TBODY[1]/TR[5]/TD[7]/A[1], width=16, height=14}, CandidateElementPosition{top=524, left=278, xpath=//TABLE[@id = 'maintable']/TBODY[1]/TR[5]/TD[8]/A[1], width=16, height=14}, CandidateElementPosition{top=524, left=255, xpath=//TABLE[@id = 'maintable']/TBODY[1]/TR[5]/TD[9]/A[1], width=16, height=14}, CandidateElementPosition{top=585, left=301, xpath=//TABLE[@id = 'maintable']/TBODY[1]/TR[6]/TD[7]/A[1], width=16, height=14}, CandidateElementPosition{top=585, left=278, xpath=//TABLE[@id = 'maintable']/TBODY[1]/TR[6]/TD[8]/A[1], width=16, height=14}, CandidateElementPosition{top=585, left=255, xpath=//TABLE[@id = 'maintable']/TBODY[1]/TR[6]/TD[9]/A[1], width=16, height=14}, CandidateElementPosition{top=646, left=301, xpath=//TABLE[@id = 'maintable']/TBODY[1]/TR[7]/TD[7]/A[1], width=16, height=14}, CandidateElementPosition{top=646, left=278, xpath=//TABLE[@id = 'maintable']/TBODY[1]/TR[7]/TD[8]/A[1], width=16, height=14}, CandidateElementPosition{top=646, left=255, xpath=//TABLE[@id = 'maintable']/TBODY[1]/TR[7]/TD[9]/A[1], width=16, height=14}, CandidateElementPosition{top=707, left=301, xpath=//TABLE[@id = 'maintable']/TBODY[1]/TR[8]/TD[7]/A[1], width=16, height=14}, CandidateElementPosition{top=707, left=278, xpath=//TABLE[@id = 'maintable']/TBODY[1]/TR[8]/TD[8]/A[1], width=16, height=14}, CandidateElementPosition{top=707, left=255, xpath=//TABLE[@id = 'maintable']/TBODY[1]/TR[8]/TD[9]/A[1], width=16, height=14}, CandidateElementPosition{top=768, left=301, xpath=//TABLE[@id = 'maintable']/TBODY[1]/TR[9]/TD[7]/A[1], width=16, height=14}, CandidateElementPosition{top=768, left=278, xpath=//TABLE[@id = 'maintable']/TBODY[1]/TR[9]/TD[8]/A[1], width=16, height=14}, CandidateElementPosition{top=768, left=255, xpath=//TABLE[@id = 'maintable']/TBODY[1]/TR[9]/TD[9]/A[1], width=16, height=14}, CandidateElementPosition{top=829, left=301, xpath=//TABLE[@id = 'maintable']/TBODY[1]/TR[10]/TD[7]/A[1], width=16, height=14}, CandidateElementPosition{top=829, left=278, xpath=//TABLE[@id = 'maintable']/TBODY[1]/TR[10]/TD[8]/A[1], width=16, height=14}, CandidateElementPosition{top=829, left=255, xpath=//TABLE[@id = 'maintable']/TBODY[1]/TR[10]/TD[9]/A[1], width=16, height=14}, CandidateElementPosition{top=890, left=301, xpath=//TABLE[@id = 'maintable']/TBODY[1]/TR[11]/TD[7]/A[1], width=16, height=14}, CandidateElementPosition{top=890, left=278, xpath=//TABLE[@id = 'maintable']/TBODY[1]/TR[11]/TD[8]/A[1], width=16, height=14}, CandidateElementPosition{top=890, left=255, xpath=//TABLE[@id = 'maintable']/TBODY[1]/TR[11]/TD[9]/A[1], width=16, height=14}, CandidateElementPosition{top=951, left=301, xpath=//TABLE[@id = 'maintable']/TBODY[1]/TR[12]/TD[7]/A[1], width=16, height=14}, CandidateElementPosition{top=951, left=278, xpath=//TABLE[@id = 'maintable']/TBODY[1]/TR[12]/TD[8]/A[1], width=16, height=14}, CandidateElementPosition{top=951, left=255, xpath=//TABLE[@id = 'maintable']/TBODY[1]/TR[12]/TD[9]/A[1], width=16, height=14}, CandidateElementPosition{top=1080, left=949, xpath=//DIV[@id = 'footer']/UL[1]/LI[1]/A[2], width=33, height=14}, CandidateElementPosition{top=1018, left=228, xpath=//DIV[@id = 'content']/FORM[2]/DIV[4]/INPUT[1], width=70, height=21}, CandidateElementPosition{top=1018, left=882, xpath=//DIV[@id = 'content']/FORM[2]/DIV[1]/INPUT[1], width=100, height=21}, CandidateElementPosition{top=1018, left=814, xpath=//DIV[@id = 'content']/FORM[2]/DIV[2]/INPUT[1], width=68, height=21}], fanIn=11, fanOut=13, failedEvents=[], hasNearDuplicate=false, nearestState=state346, distToNearestState=0.14385150812064965, timeAdded=1764142842317}, state637=State{name=state637, id=637, url=http://localhost:3000/addressbook825/index.php, candidateElements=[CandidateElementPosition{top=5, left=885, xpath=//DIV[@id = 'top']/FORM[1]/A[1], width=51, height=14}, CandidateElementPosition{top=773, left=0, xpath=//DIV[@id = 'header']/H1[1]/A[1], width=0, height=0}, CandidateElementPosition{top=89, left=642, xpath=//DIV[@id = 'header']/A[1], width=340, height=14}, CandidateElementPosition{top=105, left=506, xpath=//DIV[@id = 'nav']/UL[1]/LI[1]/A[1], width=44, height=14}, CandidateElementPosition{top=105, left=553, xpath=//DIV[@id = 'nav']/UL[1]/LI[2]/A[1], width=68, height=14}, CandidateElementPosition{top=105, left=624, xpath=//DIV[@id = 'nav']/UL[1]/LI[3]/A[1], width=60, height=14}, CandidateElementPosition{top=105, left=688, xpath=//DIV[@id = 'nav']/UL[1]/LI[4]/A[1], width=114, height=14}, CandidateElementPosition{top=105, left=805, xpath=//DIV[@id = 'nav']/UL[1]/LI[5]/A[1], width=72, height=14}, CandidateElementPosition{top=105, left=881, xpath=//DIV[@id = 'nav']/UL[1]/LI[6]/A[1], width=102, height=14}, CandidateElementPosition{top=291, left=900, xpath=//TABLE[@id = 'maintable']/TBODY[1]/TR[1]/TH[2]/A[1], width=43, height=14}, CandidateElementPosition{top=291, left=765, xpath=//TABLE[@id = 'maintable']/TBODY[1]/TR[1]/TH[3]/A[1], width=72, height=14}, CandidateElementPosition{top=291, left=619, xpath=//TABLE[@id = 'maintable']/TBODY[1]/TR[1]/TH[4]/A[1], width=59, height=14}, CandidateElementPosition{top=291, left=470, xpath=//TABLE[@id = 'maintable']/TBODY[1]/TR[1]/TH[5]/A[1], width=76, height=14}, CandidateElementPosition{top=291, left=336, xpath=//TABLE[@id = 'maintable']/TBODY[1]/TR[1]/TH[6]/A[1], width=80, height=14}, CandidateElementPosition{top=341, left=301, xpath=//TABLE[@id = 'maintable']/TBODY[1]/TR[2]/TD[7]/A[1], width=16, height=14}, CandidateElementPosition{top=341, left=278, xpath=//TABLE[@id = 'maintable']/TBODY[1]/TR[2]/TD[8]/A[1], width=16, height=14}, CandidateElementPosition{top=341, left=255, xpath=//TABLE[@id = 'maintable']/TBODY[1]/TR[2]/TD[9]/A[1], width=16, height=14}, CandidateElementPosition{top=402, left=301, xpath=//TABLE[@id = 'maintable']/TBODY[1]/TR[3]/TD[7]/A[1], width=16, height=14}, CandidateElementPosition{top=402, left=278, xpath=//TABLE[@id = 'maintable']/TBODY[1]/TR[3]/TD[8]/A[1], width=16, height=14}, CandidateElementPosition{top=402, left=255, xpath=//TABLE[@id = 'maintable']/TBODY[1]/TR[3]/TD[9]/A[1], width=16, height=14}, CandidateElementPosition{top=463, left=301, xpath=//TABLE[@id = 'maintable']/TBODY[1]/TR[4]/TD[7]/A[1], width=16, height=14}, CandidateElementPosition{top=463, left=278, xpath=//TABLE[@id = 'maintable']/TBODY[1]/TR[4]/TD[8]/A[1], width=16, height=14}, CandidateElementPosition{top=463, left=255, xpath=//TABLE[@id = 'maintable']/TBODY[1]/TR[4]/TD[9]/A[1], width=16, height=14}, CandidateElementPosition{top=524, left=301, xpath=//TABLE[@id = 'maintable']/TBODY[1]/TR[5]/TD[7]/A[1], width=16, height=14}, CandidateElementPosition{top=524, left=278, xpath=//TABLE[@id = 'maintable']/TBODY[1]/TR[5]/TD[8]/A[1], width=16, height=14}, CandidateElementPosition{top=524, left=255, xpath=//TABLE[@id = 'maintable']/TBODY[1]/TR[5]/TD[9]/A[1], width=16, height=14}, CandidateElementPosition{top=585, left=301, xpath=//TABLE[@id = 'maintable']/TBODY[1]/TR[6]/TD[7]/A[1], width=16, height=14}, CandidateElementPosition{top=585, left=278, xpath=//TABLE[@id = 'maintable']/TBODY[1]/TR[6]/TD[8]/A[1], width=16, height=14}, CandidateElementPosition{top=585, left=255, xpath=//TABLE[@id = 'maintable']/TBODY[1]/TR[6]/TD[9]/A[1], width=16, height=14}, CandidateElementPosition{top=646, left=301, xpath=//TABLE[@id = 'maintable']/TBODY[1]/TR[7]/TD[7]/A[1], width=16, height=14}, CandidateElementPosition{top=646, left=278, xpath=//TABLE[@id = 'maintable']/TBODY[1]/TR[7]/TD[8]/A[1], width=16, height=14}, CandidateElementPosition{top=646, left=255, xpath=//TABLE[@id = 'maintable']/TBODY[1]/TR[7]/TD[9]/A[1], width=16, height=14}, CandidateElementPosition{top=707, left=301, xpath=//TABLE[@id = 'maintable']/TBODY[1]/TR[8]/TD[7]/A[1], width=16, height=14}, CandidateElementPosition{top=707, left=278, xpath=//TABLE[@id = 'maintable']/TBODY[1]/TR[8]/TD[8]/A[1], width=16, height=14}, CandidateElementPosition{top=707, left=255, xpath=//TABLE[@id = 'maintable']/TBODY[1]/TR[8]/TD[9]/A[1], width=16, height=14}, CandidateElementPosition{top=768, left=301, xpath=//TABLE[@id = 'maintable']/TBODY[1]/TR[9]/TD[7]/A[1], width=16, height=14}, CandidateElementPosition{top=768, left=278, xpath=//TABLE[@id = 'maintable']/TBODY[1]/TR[9]/TD[8]/A[1], width=16, height=14}, CandidateElementPosition{top=768, left=255, xpath=//TABLE[@id = 'maintable']/TBODY[1]/TR[9]/TD[9]/A[1], width=16, height=14}, CandidateElementPosition{top=829, left=301, xpath=//TABLE[@id = 'maintable']/TBODY[1]/TR[10]/TD[7]/A[1], width=16, height=14}, CandidateElementPosition{top=829, left=278, xpath=//TABLE[@id = 'maintable']/TBODY[1]/TR[10]/TD[8]/A[1], width=16, height=14}, CandidateElementPosition{top=829, left=255, xpath=//TABLE[@id = 'maintable']/TBODY[1]/TR[10]/TD[9]/A[1], width=16, height=14}, CandidateElementPosition{top=890, left=301, xpath=//TABLE[@id = 'maintable']/TBODY[1]/TR[11]/TD[7]/A[1], width=16, height=14}, CandidateElementPosition{top=890, left=278, xpath=//TABLE[@id = 'maintable']/TBODY[1]/TR[11]/TD[8]/A[1], width=16, height=14}, CandidateElementPosition{top=890, left=255, xpath=//TABLE[@id = 'maintable']/TBODY[1]/TR[11]/TD[9]/A[1], width=16, height=14}, CandidateElementPosition{top=951, left=301, xpath=//TABLE[@id = 'maintable']/TBODY[1]/TR[12]/TD[7]/A[1], width=16, height=14}, CandidateElementPosition{top=951, left=278, xpath=//TABLE[@id = 'maintable']/TBODY[1]/TR[12]/TD[8]/A[1], width=16, height=14}, CandidateElementPosition{top=951, left=255, xpath=//TABLE[@id = 'maintable']/TBODY[1]/TR[12]/TD[9]/A[1], width=16, height=14}, CandidateElementPosition{top=1012, left=301, xpath=//TABLE[@id = 'maintable']/TBODY[1]/TR[13]/TD[7]/A[1], width=16, height=14}, CandidateElementPosition{top=1012, left=278, xpath=//TABLE[@id = 'maintable']/TBODY[1]/TR[13]/TD[8]/A[1], width=16, height=14}, CandidateElementPosition{top=1012, left=255, xpath=//TABLE[@id = 'maintable']/TBODY[1]/TR[13]/TD[9]/A[1], width=16, height=14}, CandidateElementPosition{top=1073, left=301, xpath=//TABLE[@id = 'maintable']/TBODY[1]/TR[14]/TD[7]/A[1], width=16, height=14}, CandidateElementPosition{top=1073, left=278, xpath=//TABLE[@id = 'maintable']/TBODY[1]/TR[14]/TD[8]/A[1], width=16, height=14}, CandidateElementPosition{top=1073, left=255, xpath=//TABLE[@id = 'maintable']/TBODY[1]/TR[14]/TD[9]/A[1], width=16, height=14}, CandidateElementPosition{top=1134, left=301, xpath=//TABLE[@id = 'maintable']/TBODY[1]/TR[15]/TD[7]/A[1], width=16, height=14}, CandidateElementPosition{top=1134, left=278, xpath=//TABLE[@id = 'maintable']/TBODY[1]/TR[15]/TD[8]/A[1], width=16, height=14}, CandidateElementPosition{top=1134, left=255, xpath=//TABLE[@id = 'maintable']/TBODY[1]/TR[15]/TD[9]/A[1], width=16, height=14}, CandidateElementPosition{top=1195, left=301, xpath=//TABLE[@id = 'maintable']/TBODY[1]/TR[16]/TD[7]/A[1], width=16, height=14}, CandidateElementPosition{top=1195, left=278, xpath=//TABLE[@id = 'maintable']/TBODY[1]/TR[16]/TD[8]/A[1], width=16, height=14}, CandidateElementPosition{top=1195, left=255, xpath=//TABLE[@id = 'maintable']/TBODY[1]/TR[16]/TD[9]/A[1], width=16, height=14}, CandidateElementPosition{top=1256, left=301, xpath=//TABLE[@id = 'maintable']/TBODY[1]/TR[17]/TD[7]/A[1], width=16, height=14}, CandidateElementPosition{top=1256, left=278, xpath=//TABLE[@id = 'maintable']/TBODY[1]/TR[17]/TD[8]/A[1], width=16, height=14}, CandidateElementPosition{top=1256, left=255, xpath=//TABLE[@id = 'maintable']/TBODY[1]/TR[17]/TD[9]/A[1], width=16, height=14}, CandidateElementPosition{top=1317, left=301, xpath=//TABLE[@id = 'maintable']/TBODY[1]/TR[18]/TD[7]/A[1], width=16, height=14}, CandidateElementPosition{top=1317, left=278, xpath=//TABLE[@id = 'maintable']/TBODY[1]/TR[18]/TD[8]/A[1], width=16, height=14}, CandidateElementPosition{top=1317, left=255, xpath=//TABLE[@id = 'maintable']/TBODY[1]/TR[18]/TD[9]/A[1], width=16, height=14}, CandidateElementPosition{top=1378, left=301, xpath=//TABLE[@id = 'maintable']/TBODY[1]/TR[19]/TD[7]/A[1], width=16, height=14}, CandidateElementPosition{top=1378, left=278, xpath=//TABLE[@id = 'maintable']/TBODY[1]/TR[19]/TD[8]/A[1], width=16, height=14}, CandidateElementPosition{top=1378, left=255, xpath=//TABLE[@id = 'maintable']/TBODY[1]/TR[19]/TD[9]/A[1], width=16, height=14}, CandidateElementPosition{top=1439, left=301, xpath=//TABLE[@id = 'maintable']/TBODY[1]/TR[20]/TD[7]/A[1], width=16, height=14}, CandidateElementPosition{top=1439, left=278, xpath=//TABLE[@id = 'maintable']/TBODY[1]/TR[20]/TD[8]/A[1], width=16, height=14}, CandidateElementPosition{top=1439, left=255, xpath=//TABLE[@id = 'maintable']/TBODY[1]/TR[20]/TD[9]/A[1], width=16, height=14}, CandidateElementPosition{top=1500, left=301, xpath=//TABLE[@id = 'maintable']/TBODY[1]/TR[21]/TD[7]/A[1], width=16, height=14}, CandidateElementPosition{top=1500, left=278, xpath=//TABLE[@id = 'maintable']/TBODY[1]/TR[21]/TD[8]/A[1], width=16, height=14}, CandidateElementPosition{top=1500, left=255, xpath=//TABLE[@id = 'maintable']/TBODY[1]/TR[21]/TD[9]/A[1], width=16, height=14}, CandidateElementPosition{top=1629, left=949, xpath=//DIV[@id = 'footer']/UL[1]/LI[1]/A[2], width=33, height=14}, CandidateElementPosition{top=1567, left=228, xpath=//DIV[@id = 'content']/FORM[2]/DIV[4]/INPUT[1], width=70, height=21}, CandidateElementPosition{top=1567, left=882, xpath=//DIV[@id = 'content']/FORM[2]/DIV[1]/INPUT[1], width=100, height=21}, CandidateElementPosition{top=1567, left=814, xpath=//DIV[@id = 'content']/FORM[2]/DIV[2]/INPUT[1], width=68, height=21}], fanIn=0, fanOut=1, failedEvents=[], hasNearDuplicate=false, nearestState=state556, distToNearestState=0.04366197183098591, timeAdded=1764145332629}, state317=State{name=state317, id=317, url=http://localhost:3000/addressbook825/view.php?group=[none]&all&print, candidateElements=[CandidateElementPosition{top=1222, left=1150, xpath=//DIV[@id = 'footer']/UL[1]/LI[1]/A[2], width=33, height=14}], fanIn=1, fanOut=1, failedEvents=[], hasNearDuplicate=false, nearestState=state279, distToNearestState=0.24113475177304963, timeAdded=1764142682501}, state438=State{name=state438, id=438, url=http://localhost:3000/addressbook825/view.php?all&print&phones, candidateElements=[CandidateElementPosition{top=466, left=1165, xpath=//DIV[@id = 'footer']/UL[1]/LI[1]/A[2], width=33, height=14}], fanIn=1, fanOut=1, failedEvents=[], hasNearDuplicate=false, nearestState=state423, distToNearestState=0.06451612903225806, timeAdded=1764143214303}, state639=State{name=state639, id=639, url=http://localhost:3000/addressbook825/index.php, candidateElements=[CandidateElementPosition{top=5, left=885, xpath=//DIV[@id = 'top']/FORM[1]/A[1], width=51, height=14}, CandidateElementPosition{top=834, left=0, xpath=//DIV[@id = 'header']/H1[1]/A[1], width=0, height=0}, CandidateElementPosition{top=89, left=642, xpath=//DIV[@id = 'header']/A[1], width=340, height=14}, CandidateElementPosition{top=105, left=506, xpath=//DIV[@id = 'nav']/UL[1]/LI[1]/A[1], width=44, height=14}, CandidateElementPosition{top=105, left=553, xpath=//DIV[@id = 'nav']/UL[1]/LI[2]/A[1], width=68, height=14}, CandidateElementPosition{top=105, left=624, xpath=//DIV[@id = 'nav']/UL[1]/LI[3]/A[1], width=60, height=14}, CandidateElementPosition{top=105, left=688, xpath=//DIV[@id = 'nav']/UL[1]/LI[4]/A[1], width=114, height=14}, CandidateElementPosition{top=105, left=805, xpath=//DIV[@id = 'nav']/UL[1]/LI[5]/A[1], width=72, height=14}, CandidateElementPosition{top=105, left=881, xpath=//DIV[@id = 'nav']/UL[1]/LI[6]/A[1], width=102, height=14}, CandidateElementPosition{top=291, left=900, xpath=//TABLE[@id = 'maintable']/TBODY[1]/TR[1]/TH[2]/A[1], width=43, height=14}, CandidateElementPosition{top=291, left=765, xpath=//TABLE[@id = 'maintable']/TBODY[1]/TR[1]/TH[3]/A[1], width=72, height=14}, CandidateElementPosition{top=291, left=619, xpath=//TABLE[@id = 'maintable']/TBODY[1]/TR[1]/TH[4]/A[1], width=59, height=14}, CandidateElementPosition{top=291, left=470, xpath=//TABLE[@id = 'maintable']/TBODY[1]/TR[1]/TH[5]/A[1], width=76, height=14}, CandidateElementPosition{top=291, left=336, xpath=//TABLE[@id = 'maintable']/TBODY[1]/TR[1]/TH[6]/A[1], width=80, height=14}, CandidateElementPosition{top=341, left=301, xpath=//TABLE[@id = 'maintable']/TBODY[1]/TR[2]/TD[7]/A[1], width=16, height=14}, CandidateElementPosition{top=341, left=278, xpath=//TABLE[@id = 'maintable']/TBODY[1]/TR[2]/TD[8]/A[1], width=16, height=14}, CandidateElementPosition{top=341, left=255, xpath=//TABLE[@id = 'maintable']/TBODY[1]/TR[2]/TD[9]/A[1], width=16, height=14}, CandidateElementPosition{top=402, left=301, xpath=//TABLE[@id = 'maintable']/TBODY[1]/TR[3]/TD[7]/A[1], width=16, height=14}, CandidateElementPosition{top=402, left=278, xpath=//TABLE[@id = 'maintable']/TBODY[1]/TR[3]/TD[8]/A[1], width=16, height=14}, CandidateElementPosition{top=402, left=255, xpath=//TABLE[@id = 'maintable']/TBODY[1]/TR[3]/TD[9]/A[1], width=16, height=14}, CandidateElementPosition{top=463, left=301, xpath=//TABLE[@id = 'maintable']/TBODY[1]/TR[4]/TD[7]/A[1], width=16, height=14}, CandidateElementPosition{top=463, left=278, xpath=//TABLE[@id = 'maintable']/TBODY[1]/TR[4]/TD[8]/A[1], width=16, height=14}, CandidateElementPosition{top=463, left=255, xpath=//TABLE[@id = 'maintable']/TBODY[1]/TR[4]/TD[9]/A[1], width=16, height=14}, CandidateElementPosition{top=524, left=301, xpath=//TABLE[@id = 'maintable']/TBODY[1]/TR[5]/TD[7]/A[1], width=16, height=14}, CandidateElementPosition{top=524, left=278, xpath=//TABLE[@id = 'maintable']/TBODY[1]/TR[5]/TD[8]/A[1], width=16, height=14}, CandidateElementPosition{top=524, left=255, xpath=//TABLE[@id = 'maintable']/TBODY[1]/TR[5]/TD[9]/A[1], width=16, height=14}, CandidateElementPosition{top=585, left=301, xpath=//TABLE[@id = 'maintable']/TBODY[1]/TR[6]/TD[7]/A[1], width=16, height=14}, CandidateElementPosition{top=585, left=278, xpath=//TABLE[@id = 'maintable']/TBODY[1]/TR[6]/TD[8]/A[1], width=16, height=14}, CandidateElementPosition{top=585, left=255, xpath=//TABLE[@id = 'maintable']/TBODY[1]/TR[6]/TD[9]/A[1], width=16, height=14}, CandidateElementPosition{top=646, left=301, xpath=//TABLE[@id = 'maintable']/TBODY[1]/TR[7]/TD[7]/A[1], width=16, height=14}, CandidateElementPosition{top=646, left=278, xpath=//TABLE[@id = 'maintable']/TBODY[1]/TR[7]/TD[8]/A[1], width=16, height=14}, CandidateElementPosition{top=646, left=255, xpath=//TABLE[@id = 'maintable']/TBODY[1]/TR[7]/TD[9]/A[1], width=16, height=14}, CandidateElementPosition{top=707, left=301, xpath=//TABLE[@id = 'maintable']/TBODY[1]/TR[8]/TD[7]/A[1], width=16, height=14}, CandidateElementPosition{top=707, left=278, xpath=//TABLE[@id = 'maintable']/TBODY[1]/TR[8]/TD[8]/A[1], width=16, height=14}, CandidateElementPosition{top=707, left=255, xpath=//TABLE[@id = 'maintable']/TBODY[1]/TR[8]/TD[9]/A[1], width=16, height=14}, CandidateElementPosition{top=768, left=301, xpath=//TABLE[@id = 'maintable']/TBODY[1]/TR[9]/TD[7]/A[1], width=16, height=14}, CandidateElementPosition{top=768, left=278, xpath=//TABLE[@id = 'maintable']/TBODY[1]/TR[9]/TD[8]/A[1], width=16, height=14}, CandidateElementPosition{top=768, left=255, xpath=//TABLE[@id = 'maintable']/TBODY[1]/TR[9]/TD[9]/A[1], width=16, height=14}, CandidateElementPosition{top=829, left=301, xpath=//TABLE[@id = 'maintable']/TBODY[1]/TR[10]/TD[7]/A[1], width=16, height=14}, CandidateElementPosition{top=829, left=278, xpath=//TABLE[@id = 'maintable']/TBODY[1]/TR[10]/TD[8]/A[1], width=16, height=14}, CandidateElementPosition{top=829, left=255, xpath=//TABLE[@id = 'maintable']/TBODY[1]/TR[10]/TD[9]/A[1], width=16, height=14}, CandidateElementPosition{top=890, left=301, xpath=//TABLE[@id = 'maintable']/TBODY[1]/TR[11]/TD[7]/A[1], width=16, height=14}, CandidateElementPosition{top=890, left=278, xpath=//TABLE[@id = 'maintable']/TBODY[1]/TR[11]/TD[8]/A[1], width=16, height=14}, CandidateElementPosition{top=890, left=255, xpath=//TABLE[@id = 'maintable']/TBODY[1]/TR[11]/TD[9]/A[1], width=16, height=14}, CandidateElementPosition{top=951, left=301, xpath=//TABLE[@id = 'maintable']/TBODY[1]/TR[12]/TD[7]/A[1], width=16, height=14}, CandidateElementPosition{top=951, left=278, xpath=//TABLE[@id = 'maintable']/TBODY[1]/TR[12]/TD[8]/A[1], width=16, height=14}, CandidateElementPosition{top=951, left=255, xpath=//TABLE[@id = 'maintable']/TBODY[1]/TR[12]/TD[9]/A[1], width=16, height=14}, CandidateElementPosition{top=1012, left=301, xpath=//TABLE[@id = 'maintable']/TBODY[1]/TR[13]/TD[7]/A[1], width=16, height=14}, CandidateElementPosition{top=1012, left=278, xpath=//TABLE[@id = 'maintable']/TBODY[1]/TR[13]/TD[8]/A[1], width=16, height=14}, CandidateElementPosition{top=1012, left=255, xpath=//TABLE[@id = 'maintable']/TBODY[1]/TR[13]/TD[9]/A[1], width=16, height=14}, CandidateElementPosition{top=1073, left=301, xpath=//TABLE[@id = 'maintable']/TBODY[1]/TR[14]/TD[7]/A[1], width=16, height=14}, CandidateElementPosition{top=1073, left=278, xpath=//TABLE[@id = 'maintable']/TBODY[1]/TR[14]/TD[8]/A[1], width=16, height=14}, CandidateElementPosition{top=1073, left=255, xpath=//TABLE[@id = 'maintable']/TBODY[1]/TR[14]/TD[9]/A[1], width=16, height=14}, CandidateElementPosition{top=1134, left=301, xpath=//TABLE[@id = 'maintable']/TBODY[1]/TR[15]/TD[7]/A[1], width=16, height=14}, CandidateElementPosition{top=1134, left=278, xpath=//TABLE[@id = 'maintable']/TBODY[1]/TR[15]/TD[8]/A[1], width=16, height=14}, CandidateElementPosition{top=1134, left=255, xpath=//TABLE[@id = 'maintable']/TBODY[1]/TR[15]/TD[9]/A[1], width=16, height=14}, CandidateElementPosition{top=1195, left=301, xpath=//TABLE[@id = 'maintable']/TBODY[1]/TR[16]/TD[7]/A[1], width=16, height=14}, CandidateElementPosition{top=1195, left=278, xpath=//TABLE[@id = 'maintable']/TBODY[1]/TR[16]/TD[8]/A[1], width=16, height=14}, CandidateElementPosition{top=1195, left=255, xpath=//TABLE[@id = 'maintable']/TBODY[1]/TR[16]/TD[9]/A[1], width=16, height=14}, CandidateElementPosition{top=1256, left=301, xpath=//TABLE[@id = 'maintable']/TBODY[1]/TR[17]/TD[7]/A[1], width=16, height=14}, CandidateElementPosition{top=1256, left=278, xpath=//TABLE[@id = 'maintable']/TBODY[1]/TR[17]/TD[8]/A[1], width=16, height=14}, CandidateElementPosition{top=1256, left=255, xpath=//TABLE[@id = 'maintable']/TBODY[1]/TR[17]/TD[9]/A[1], width=16, height=14}, CandidateElementPosition{top=1317, left=301, xpath=//TABLE[@id = 'maintable']/TBODY[1]/TR[18]/TD[7]/A[1], width=16, height=14}, CandidateElementPosition{top=1317, left=278, xpath=//TABLE[@id = 'maintable']/TBODY[1]/TR[18]/TD[8]/A[1], width=16, height=14}, CandidateElementPosition{top=1317, left=255, xpath=//TABLE[@id = 'maintable']/TBODY[1]/TR[18]/TD[9]/A[1], width=16, height=14}, CandidateElementPosition{top=1378, left=301, xpath=//TABLE[@id = 'maintable']/TBODY[1]/TR[19]/TD[7]/A[1], width=16, height=14}, CandidateElementPosition{top=1378, left=278, xpath=//TABLE[@id = 'maintable']/TBODY[1]/TR[19]/TD[8]/A[1], width=16, height=14}, CandidateElementPosition{top=1378, left=255, xpath=//TABLE[@id = 'maintable']/TBODY[1]/TR[19]/TD[9]/A[1], width=16, height=14}, CandidateElementPosition{top=1439, left=301, xpath=//TABLE[@id = 'maintable']/TBODY[1]/TR[20]/TD[7]/A[1], width=16, height=14}, CandidateElementPosition{top=1439, left=278, xpath=//TABLE[@id = 'maintable']/TBODY[1]/TR[20]/TD[8]/A[1], width=16, height=14}, CandidateElementPosition{top=1439, left=255, xpath=//TABLE[@id = 'maintable']/TBODY[1]/TR[20]/TD[9]/A[1], width=16, height=14}, CandidateElementPosition{top=1500, left=301, xpath=//TABLE[@id = 'maintable']/TBODY[1]/TR[21]/TD[7]/A[1], width=16, height=14}, CandidateElementPosition{top=1500, left=278, xpath=//TABLE[@id = 'maintable']/TBODY[1]/TR[21]/TD[8]/A[1], width=16, height=14}, CandidateElementPosition{top=1500, left=255, xpath=//TABLE[@id = 'maintable']/TBODY[1]/TR[21]/TD[9]/A[1], width=16, height=14}, CandidateElementPosition{top=1561, left=301, xpath=//TABLE[@id = 'maintable']/TBODY[1]/TR[22]/TD[7]/A[1], width=16, height=14}, CandidateElementPosition{top=1561, left=278, xpath=//TABLE[@id = 'maintable']/TBODY[1]/TR[22]/TD[8]/A[1], width=16, height=14}, CandidateElementPosition{top=1561, left=255, xpath=//TABLE[@id = 'maintable']/TBODY[1]/TR[22]/TD[9]/A[1], width=16, height=14}, CandidateElementPosition{top=1690, left=949, xpath=//DIV[@id = 'footer']/UL[1]/LI[1]/A[2], width=33, height=14}, CandidateElementPosition{top=1628, left=228, xpath=//DIV[@id = 'content']/FORM[2]/DIV[4]/INPUT[1], width=70, height=21}, CandidateElementPosition{top=1628, left=882, xpath=//DIV[@id = 'content']/FORM[2]/DIV[1]/INPUT[1], width=100, height=21}, CandidateElementPosition{top=1628, left=814, xpath=//DIV[@id = 'content']/FORM[2]/DIV[2]/INPUT[1], width=68, height=21}], fanIn=1, fanOut=1, failedEvents=[], hasNearDuplicate=false, nearestState=state637, distToNearestState=0.04183535762483131, timeAdded=1764145452109}, state21=State{name=state21, id=21, url=http://localhost:3000/addressbook825/edit.php, candidateElements=[CandidateElementPosition{top=5, left=885, xpath=//DIV[@id = 'top']/FORM[1]/A[1], width=51, height=14}, CandidateElementPosition{top=254, left=0, xpath=//DIV[@id = 'header']/H1[1]/A[1], width=0, height=0}, CandidateElementPosition{top=89, left=642, xpath=//DIV[@id = 'header']/A[1], width=340, height=14}, CandidateElementPosition{top=105, left=506, xpath=//DIV[@id = 'nav']/UL[1]/LI[1]/A[1], width=44, height=14}, CandidateElementPosition{top=105, left=553, xpath=//DIV[@id = 'nav']/UL[1]/LI[2]/A[1], width=68, height=14}, CandidateElementPosition{top=105, left=624, xpath=//DIV[@id = 'nav']/UL[1]/LI[3]/A[1], width=60, height=14}, CandidateElementPosition{top=105, left=688, xpath=//DIV[@id = 'nav']/UL[1]/LI[4]/A[1], width=114, height=14}, CandidateElementPosition{top=105, left=805, xpath=//DIV[@id = 'nav']/UL[1]/LI[5]/A[1], width=72, height=14}, CandidateElementPosition{top=105, left=881, xpath=//DIV[@id = 'nav']/UL[1]/LI[6]/A[1], width=102, height=14}, CandidateElementPosition{top=1110, left=949, xpath=//DIV[@id = 'footer']/UL[1]/LI[1]/A[2], width=33, height=14}, CandidateElementPosition{top=1041, left=921, xpath=//DIV[@id = 'content']/FORM[1]/INPUT[20], width=61, height=21}], fanIn=22, fanOut=11, failedEvents=[], hasNearDuplicate=false, nearestState=state9, distToNearestState=0.8457943925233645, timeAdded=1764141906507}, state26=State{name=state26, id=26, url=http://localhost:3000/addressbook825/group.php?group=[none], candidateElements=[CandidateElementPosition{top=5, left=892, xpath=//DIV[@id = 'top']/FORM[1]/A[1], width=50, height=14}, CandidateElementPosition{top=0, left=0, xpath=//DIV[@id = 'header']/H1[1]/A[1], width=0, height=0}, CandidateElementPosition{top=89, left=650, xpath=//DIV[@id = 'header']/A[1], width=340, height=14}, CandidateElementPosition{top=105, left=513, xpath=//DIV[@id = 'nav']/UL[1]/LI[1]/A[1], width=44, height=14}, CandidateElementPosition{top=105, left=560, xpath=//DIV[@id = 'nav']/UL[1]/LI[2]/A[1], width=68, height=14}, CandidateElementPosition{top=105, left=632, xpath=//DIV[@id = 'nav']/UL[1]/LI[3]/A[1], width=60, height=14}, CandidateElementPosition{top=105, left=695, xpath=//DIV[@id = 'nav']/UL[1]/LI[4]/A[1], width=114, height=14}, CandidateElementPosition{top=105, left=813, xpath=//DIV[@id = 'nav']/UL[1]/LI[5]/A[1], width=72, height=14}, CandidateElementPosition{top=105, left=888, xpath=//DIV[@id = 'nav']/UL[1]/LI[6]/A[1], width=101, height=14}, CandidateElementPosition{top=306, left=957, xpath=//DIV[@id = 'footer']/UL[1]/LI[1]/A[2], width=33, height=14}, CandidateElementPosition{top=237, left=886, xpath=//DIV[@id = 'content']/FORM[1]/INPUT[1], width=103, height=21}, CandidateElementPosition{top=237, left=750, xpath=//DIV[@id = 'content']/FORM[1]/INPUT[2], width=133, height=21}, CandidateElementPosition{top=237, left=644, xpath=//DIV[@id = 'content']/FORM[1]/INPUT[3], width=103, height=21}], fanIn=32, fanOut=12, failedEvents=[], hasNearDuplicate=false, nearestState=state9, distToNearestState=0.5666666666666667, timeAdded=1764141918244}}, edges=[Edge [from=index, to=state3, text=CREATE ACCOUNT], Edge [from=state3, to=index, text=], Edge [from=index, to=state5, text=RESET PASSWORD], Edge [from=state5, to=state6, text=I remember now. Back to Login], Edge [from=state6, to=state3, text=Create a new account], Edge [from=index, to=state9, text=], Edge [from=state9, to=index, text=LOGOUT], Edge [from=state5, to=state14, text=], Edge [from=state6, to=state5, text=Forgot Password / Change Password], Edge [from=state9, to=state21, text=ADD_NEW], Edge [from=state21, to=index, text=LOGOUT], Edge [from=state6, to=state14, text=], Edge [from=state9, to=state26, text=GROUPS], Edge [from=state26, to=index, text=LOGOUT], Edge [from=state21, to=state9, text=Address Book], Edge [from=state9, to=state30, text=NEXT_BIRTHDAYS], Edge [from=state30, to=index, text=LOGOUT], Edge [from=state6, to=state33, text=], Edge [from=state33, to=state6, text=Please try again], Edge [from=state9, to=state36, text=PRINT_ALL], Edge [from=state36, to=state37, text=v8.2.5], Edge [from=state26, to=state9, text=Address Book], Edge [from=state9, to=state36, text=PRINT_PHONES], Edge [from=state21, to=state9, text=], Edge [from=state9, to=state48, text=PHOTO], Edge [from=state48, to=index, text=LOGOUT], Edge [from=state30, to=state9, text=Address Book], Edge [from=state9, to=state48, text=LAST_FIRST], Edge [from=state48, to=state9, text=Address Book], Edge [from=state9, to=state48, text=ADDRESS], Edge [from=state48, to=state9, text=], Edge [from=state9, to=state48, text=ALL_EMAILS], Edge [from=state48, to=state9, text=HOME], Edge [from=state9, to=state48, text=ALL_PHONES], Edge [from=state48, to=state21, text=ADD_NEW], Edge [from=state21, to=state9, text=HOME], Edge [from=state9, to=state37, text=v8.2.5], Edge [from=state9, to=state63, text=], Edge [from=state63, to=index, text=LOGOUT], Edge [from=state26, to=state9, text=], Edge [from=state9, to=state48, text=], Edge [from=state48, to=state26, text=GROUPS], Edge [from=state26, to=state9, text=HOME], Edge [from=state9, to=state48, text=], Edge [from=state48, to=state30, text=NEXT_BIRTHDAYS], Edge [from=state30, to=state9, text=], Edge [from=state21, to=state74, text=ADD_NEW], Edge [from=state74, to=index, text=LOGOUT], Edge [from=state48, to=state77, text=PRINT_ALL], Edge [from=state77, to=state37, text=v8.2.5], Edge [from=state30, to=state9, text=HOME], Edge [from=state63, to=state9, text=Address Book], Edge [from=state26, to=state21, text=ADD_NEW], Edge [from=state21, to=state26, text=GROUPS], Edge [from=state26, to=state30, text=NEXT_BIRTHDAYS], Edge [from=state30, to=state21, text=ADD_NEW], Edge [from=state21, to=state30, text=NEXT_BIRTHDAYS], Edge [from=state30, to=state26, text=GROUPS], Edge [from=state26, to=state77, text=PRINT_ALL], Edge [from=state21, to=state36, text=PRINT_ALL], Edge [from=state74, to=state9, text=Address Book], Edge [from=state48, to=state77, text=PRINT_PHONES], Edge [from=state30, to=state36, text=PRINT_ALL], Edge [from=state63, to=state9, text=], Edge [from=state26, to=state36, text=PRINT_PHONES], Edge [from=state21, to=state36, text=PRINT_PHONES], Edge [from=state74, to=state9, text=], Edge [from=state48, to=state9, text=PHOTO], Edge [from=state30, to=state36, text=PRINT_PHONES], Edge [from=state63, to=state9, text=HOME], Edge [from=state26, to=state37, text=v8.2.5], Edge [from=state21, to=state37, text=v8.2.5], Edge [from=state74, to=state9, text=HOME], Edge [from=state48, to=state9, text=ADDRESS], Edge [from=state30, to=state37, text=v8.2.5], Edge [from=state63, to=state74, text=ADD_NEW], Edge [from=state74, to=state26, text=GROUPS], Edge [from=state26, to=state130, text=], Edge [from=state130, to=index, text=LOGOUT], Edge [from=state26, to=state133, text=], Edge [from=state133, to=index, text=LOGOUT], Edge [from=state21, to=state136, text=], Edge [from=state136, to=index, text=LOGOUT], Edge [from=state74, to=state139, text=NEXT_BIRTHDAYS], Edge [from=state139, to=index, text=LOGOUT], Edge [from=state48, to=state142, text=ALL_EMAILS], Edge [from=state142, to=index, text=LOGOUT], Edge [from=state63, to=state26, text=GROUPS], Edge [from=state26, to=state146, text=], Edge [from=state146, to=index, text=LOGOUT], Edge [from=state130, to=state142, text=Address Book], Edge [from=state142, to=state74, text=ADD_NEW], Edge [from=state74, to=state154, text=PRINT_ALL], Edge [from=state154, to=state37, text=v8.2.5], Edge [from=state133, to=state142, text=Address Book], Edge [from=state142, to=state26, text=GROUPS], Edge [from=state136, to=state160, text=Address Book], Edge [from=state160, to=index, text=LOGOUT], Edge [from=state74, to=state163, text=PRINT_PHONES], Edge [from=state163, to=state37, text=v8.2.5], Edge [from=state139, to=state160, text=Address Book], Edge [from=state160, to=state74, text=ADD_NEW], Edge [from=state74, to=state37, text=v8.2.5], Edge [from=state48, to=state160, text=ALL_PHONES], Edge [from=state160, to=state26, text=GROUPS], Edge [from=state142, to=state176, text=NEXT_BIRTHDAYS], Edge [from=state176, to=index, text=LOGOUT], Edge [from=state63, to=state176, text=NEXT_BIRTHDAYS], Edge [from=state176, to=state160, text=Address Book], Edge [from=state160, to=state176, text=NEXT_BIRTHDAYS], Edge [from=state176, to=state160, text=], Edge [from=state160, to=state183, text=PRINT_ALL], Edge [from=state183, to=state37, text=v8.2.5], Edge [from=state146, to=state160, text=Address Book], Edge [from=state160, to=state163, text=PRINT_PHONES], Edge [from=state130, to=state160, text=], Edge [from=state160, to=state190, text=PHOTO], Edge [from=state190, to=index, text=LOGOUT], Edge [from=state133, to=state160, text=], Edge [from=state160, to=state190, text=LAST_FIRST], Edge [from=state190, to=state160, text=Address Book], Edge [from=state160, to=state190, text=ADDRESS], Edge [from=state190, to=state160, text=], Edge [from=state160, to=state190, text=ALL_EMAILS], Edge [from=state190, to=state160, text=HOME], Edge [from=state160, to=state190, text=ALL_PHONES], Edge [from=state190, to=state21, text=ADD_NEW], Edge [from=state136, to=state203, text=], Edge [from=state203, to=index, text=LOGOUT], Edge [from=state160, to=state206, text=], Edge [from=state206, to=index, text=LOGOUT], Edge [from=state74, to=state136, text=], Edge [from=state136, to=state210, text=HOME], Edge [from=state210, to=index, text=LOGOUT], Edge [from=state139, to=state210, text=], Edge [from=state210, to=state74, text=ADD_NEW], Edge [from=state48, to=state37, text=v8.2.5], Edge [from=state142, to=state221, text=PRINT_ALL], Edge [from=state221, to=state37, text=v8.2.5], Edge [from=state176, to=state210, text=HOME], Edge [from=state210, to=state26, text=GROUPS], Edge [from=state63, to=state227, text=PRINT_ALL], Edge [from=state227, to=state37, text=v8.2.5], Edge [from=state146, to=state210, text=], Edge [from=state210, to=state231, text=NEXT_BIRTHDAYS], Edge [from=state231, to=index, text=LOGOUT], Edge [from=state130, to=state210, text=HOME], Edge [from=state210, to=state221, text=PRINT_ALL], Edge [from=state190, to=state26, text=GROUPS], Edge [from=state133, to=state210, text=HOME], Edge [from=state210, to=state240, text=PRINT_PHONES], Edge [from=state240, to=state37, text=v8.2.5], Edge [from=state136, to=state74, text=ADD_NEW], Edge [from=state244, to=state21, text=ADD_NEW], Edge [from=state203, to=state246, text=Address Book], Edge [from=state246, to=index, text=LOGOUT], Edge [from=state160, to=state249, text=], Edge [from=state249, to=index, text=LOGOUT], Edge [from=state206, to=state246, text=Address Book], Edge [from=state246, to=state74, text=ADD_NEW], Edge [from=state210, to=state258, text=PHOTO], Edge [from=state258, to=index, text=LOGOUT], Edge [from=state139, to=state246, text=HOME], Edge [from=state246, to=state26, text=GROUPS], Edge [from=state48, to=state63, text=], Edge [from=state63, to=state265, text=PRINT_PHONES], Edge [from=state265, to=state37, text=v8.2.5], Edge [from=state142, to=state265, text=PRINT_PHONES], Edge [from=state176, to=state21, text=ADD_NEW], Edge [from=state63, to=state37, text=v8.2.5], Edge [from=state146, to=state246, text=HOME], Edge [from=state246, to=state275, text=NEXT_BIRTHDAYS], Edge [from=state275, to=index, text=LOGOUT], Edge [from=state231, to=state246, text=Address Book], Edge [from=state246, to=state279, text=PRINT_ALL], Edge [from=state279, to=state37, text=v8.2.5], Edge [from=state130, to=state21, text=ADD_NEW], Edge [from=state190, to=state275, text=NEXT_BIRTHDAYS], Edge [from=state275, to=state246, text=Address Book], Edge [from=state246, to=state265, text=PRINT_PHONES], Edge [from=state133, to=state21, text=ADD_NEW], Edge [from=state136, to=state26, text=GROUPS], Edge [from=state291, to=state21, text=ADD_NEW], Edge [from=state203, to=state293, text=], Edge [from=state293, to=index, text=LOGOUT], Edge [from=state246, to=state298, text=PHOTO], Edge [from=state298, to=index, text=LOGOUT], Edge [from=state160, to=state298, text=], Edge [from=state298, to=state293, text=Address Book], Edge [from=state293, to=state74, text=ADD_NEW], Edge [from=state249, to=state293, text=Address Book], Edge [from=state293, to=state26, text=GROUPS], Edge [from=state206, to=state293, text=], Edge [from=state293, to=state312, text=NEXT_BIRTHDAYS], Edge [from=state312, to=index, text=LOGOUT], Edge [from=state210, to=state298, text=LAST_FIRST], Edge [from=state298, to=state293, text=], Edge [from=state293, to=state317, text=PRINT_ALL], Edge [from=state317, to=state37, text=v8.2.5], Edge [from=state258, to=state293, text=Address Book], Edge [from=state293, to=state321, text=PRINT_PHONES], Edge [from=state321, to=state37, text=v8.2.5], Edge [from=state139, to=state74, text=ADD_NEW], Edge [from=state48, to=state298, text=], Edge [from=state298, to=state293, text=HOME], Edge [from=state293, to=state298, text=PHOTO], Edge [from=state298, to=state21, text=ADD_NEW], Edge [from=state142, to=state298, text=PHOTO], Edge [from=state298, to=state26, text=GROUPS], Edge [from=state176, to=state26, text=GROUPS], Edge [from=state146, to=state21, text=ADD_NEW], Edge [from=state275, to=state293, text=], Edge [from=state293, to=state298, text=LAST_FIRST], Edge [from=state298, to=state312, text=NEXT_BIRTHDAYS], Edge [from=state312, to=state293, text=Address Book], Edge [from=state293, to=state298, text=ADDRESS], Edge [from=state298, to=state343, text=PRINT_ALL], Edge [from=state343, to=state37, text=v8.2.5], Edge [from=state231, to=state346, text=], Edge [from=state346, to=index, text=LOGOUT], Edge [from=state130, to=state26, text=GROUPS], Edge [from=state190, to=state351, text=PRINT_ALL], Edge [from=state351, to=state37, text=v8.2.5], Edge [from=state133, to=state26, text=GROUPS], Edge [from=state136, to=state356, text=NEXT_BIRTHDAYS], Edge [from=state356, to=index, text=LOGOUT], Edge [from=state203, to=state359, text=HOME], Edge [from=state359, to=index, text=LOGOUT], Edge [from=index, to=state298, text=PHOTO], Edge [from=state293, to=state367, text=ALL_EMAILS], Edge [from=state367, to=index, text=LOGOUT], Edge [from=state246, to=state367, text=LAST_FIRST], Edge [from=state367, to=state359, text=Address Book], Edge [from=state359, to=state74, text=ADD_NEW], Edge [from=state298, to=index, text=PRINT_PHONES], Edge [from=state160, to=state206, text=], Edge [from=state206, to=state359, text=HOME], Edge [from=state359, to=state26, text=GROUPS], Edge [from=state249, to=state359, text=], Edge [from=state359, to=state384, text=NEXT_BIRTHDAYS], Edge [from=state384, to=index, text=LOGOUT], Edge [from=state206, to=state21, text=ADD_NEW], Edge [from=state312, to=index, text=], Edge [from=state210, to=state367, text=ADDRESS], Edge [from=state367, to=state359, text=], Edge [from=state359, to=state393, text=PRINT_ALL], Edge [from=state393, to=state37, text=v8.2.5], Edge [from=state258, to=state359, text=], Edge [from=state359, to=state397, text=PRINT_PHONES], Edge [from=state397, to=state37, text=v8.2.5], Edge [from=state139, to=state26, text=GROUPS], Edge [from=state48, to=state359, text=], Edge [from=state359, to=state367, text=PHOTO], Edge [from=state367, to=state359, text=HOME], Edge [from=state359, to=state367, text=LAST_FIRST], Edge [from=state367, to=state21, text=ADD_NEW], Edge [from=state142, to=state367, text=LAST_FIRST], Edge [from=state367, to=state26, text=GROUPS], Edge [from=state176, to=state384, text=NEXT_BIRTHDAYS], Edge [from=state384, to=state359, text=Address Book], Edge [from=state359, to=state367, text=ADDRESS], Edge [from=state367, to=state384, text=NEXT_BIRTHDAYS], Edge [from=state384, to=state359, text=], Edge [from=state359, to=state367, text=ALL_EMAILS], Edge [from=state367, to=state393, text=PRINT_ALL], Edge [from=state146, to=state26, text=GROUPS], Edge [from=state275, to=state359, text=HOME], Edge [from=state359, to=state367, text=ALL_PHONES], Edge [from=state367, to=state423, text=PRINT_PHONES], Edge [from=state423, to=state37, text=v8.2.5], Edge [from=state231, to=state426, text=HOME], Edge [from=state426, to=index, text=LOGOUT], Edge [from=state346, to=state426, text=Address Book], Edge [from=state426, to=state74, text=ADD_NEW], Edge [from=state130, to=state435, text=NEXT_BIRTHDAYS], Edge [from=state435, to=index, text=LOGOUT], Edge [from=state190, to=state438, text=PRINT_PHONES], Edge [from=state438, to=state37, text=v8.2.5], Edge [from=state133, to=state435, text=NEXT_BIRTHDAYS], Edge [from=state435, to=state426, text=Address Book], Edge [from=state426, to=state26, text=GROUPS], Edge [from=state136, to=state445, text=PRINT_ALL], Edge [from=state445, to=state37, text=v8.2.5], Edge [from=state447, to=state21, text=ADD_NEW], Edge [from=state356, to=state449, text=Address Book], Edge [from=state449, to=index, text=LOGOUT], Edge [from=state203, to=state74, text=ADD_NEW], Edge [from=state453, to=state367, text=LAST_FIRST], Edge [from=state359, to=state206, text=], Edge [from=state206, to=state26, text=GROUPS], Edge [from=state293, to=index, text=ALL_PHONES], Edge [from=state367, to=index, text=PHOTO], Edge [from=state246, to=state453, text=ADDRESS], Edge [from=state453, to=index, text=LOGOUT], Edge [from=state298, to=index, text=PHOTO], Edge [from=state160, to=state249, text=], Edge [from=state249, to=state453, text=HOME], Edge [from=state453, to=state74, text=ADD_NEW], Edge [from=state249, to=state21, text=ADD_NEW], Edge [from=state384, to=state453, text=HOME], Edge [from=state453, to=state26, text=GROUPS], Edge [from=state206, to=state480, text=NEXT_BIRTHDAYS], Edge [from=state480, to=index, text=LOGOUT], Edge [from=state312, to=index, text=HOME], Edge [from=state210, to=state485, text=ALL_EMAILS], Edge [from=state485, to=index, text=LOGOUT], Edge [from=state258, to=state453, text=HOME], Edge [from=state453, to=state480, text=NEXT_BIRTHDAYS], Edge [from=state480, to=state453, text=Address Book], Edge [from=state453, to=state491, text=PRINT_ALL], Edge [from=state491, to=state37, text=v8.2.5], Edge [from=state139, to=state480, text=NEXT_BIRTHDAYS], Edge [from=state480, to=state453, text=], Edge [from=state453, to=state496, text=PRINT_PHONES], Edge [from=state496, to=state37, text=v8.2.5], Edge [from=state142, to=state485, text=ADDRESS], Edge [from=state485, to=state453, text=Address Book], Edge [from=state453, to=state485, text=PHOTO], Edge [from=state485, to=state453, text=], Edge [from=state453, to=state485, text=ALL_PHONES], Edge [from=state485, to=state453, text=HOME], Edge [from=state453, to=state206, text=], Edge [from=state206, to=state491, text=PRINT_ALL], Edge [from=state176, to=state491, text=PRINT_ALL], Edge [from=state146, to=state480, text=NEXT_BIRTHDAYS], Edge [from=state480, to=state453, text=HOME], Edge [from=state453, to=state249, text=], Edge [from=state249, to=state26, text=GROUPS], Edge [from=state275, to=state74, text=ADD_NEW], Edge [from=state231, to=state21, text=ADD_NEW], Edge [from=state426, to=state480, text=NEXT_BIRTHDAYS], Edge [from=state480, to=state21, text=ADD_NEW], Edge [from=state346, to=state453, text=], Edge [from=state453, to=state485, text=], Edge [from=state485, to=state21, text=ADD_NEW], Edge [from=state130, to=state491, text=PRINT_ALL], Edge [from=state435, to=state453, text=], Edge [from=state453, to=state206, text=], Edge [from=state206, to=state533, text=PRINT_PHONES], Edge [from=state533, to=state37, text=v8.2.5], Edge [from=state190, to=state453, text=PHOTO], Edge [from=state453, to=state249, text=], Edge [from=state249, to=state480, text=NEXT_BIRTHDAYS], Edge [from=state480, to=state26, text=GROUPS], Edge [from=state133, to=state491, text=PRINT_ALL], Edge [from=state136, to=state543, text=PRINT_PHONES], Edge [from=state543, to=state37, text=v8.2.5], Edge [from=state545, to=state21, text=ADD_NEW], Edge [from=state356, to=state547, text=], Edge [from=state547, to=index, text=LOGOUT], Edge [from=state449, to=state552, text=Address Book], Edge [from=state552, to=index, text=LOGOUT], Edge [from=state203, to=state26, text=GROUPS], Edge [from=state556, to=state367, text=LAST_FIRST], Edge [from=state359, to=state249, text=], Edge [from=state249, to=state560, text=PRINT_ALL], Edge [from=state560, to=state37, text=v8.2.5], Edge [from=state453, to=state563, text=], Edge [from=state563, to=index, text=LOGOUT], Edge [from=state293, to=index, text=], Edge [from=state367, to=index, text=LAST_FIRST], Edge [from=state246, to=state563, text=ALL_EMAILS], Edge [from=state563, to=state556, text=Address Book], Edge [from=state556, to=index, text=LOGOUT], Edge [from=state298, to=index, text=LAST_FIRST], Edge [from=state160, to=state563, text=], Edge [from=state563, to=state556, text=], Edge [from=state556, to=state74, text=ADD_NEW], Edge [from=state249, to=state583, text=PRINT_PHONES], Edge [from=state583, to=state37, text=v8.2.5], Edge [from=state384, to=state74, text=ADD_NEW], Edge [from=state206, to=state37, text=v8.2.5], Edge [from=state480, to=state590, text=NEXT_BIRTHDAYS], Edge [from=state590, to=index, text=LOGOUT], Edge [from=state312, to=index, text=ADD_NEW], Edge [from=state210, to=state563, text=ALL_PHONES], Edge [from=state563, to=state556, text=HOME], Edge [from=state556, to=state26, text=GROUPS], Edge [from=state485, to=state26, text=GROUPS], Edge [from=state258, to=state74, text=ADD_NEW], Edge [from=state139, to=state560, text=PRINT_ALL], Edge [from=state142, to=state563, text=ALL_EMAILS], Edge [from=state563, to=state21, text=ADD_NEW], Edge [from=state176, to=state608, text=PRINT_PHONES], Edge [from=state608, to=state37, text=v8.2.5], Edge [from=state146, to=state560, text=PRINT_ALL], Edge [from=state275, to=state26, text=GROUPS], Edge [from=state231, to=state26, text=GROUPS], Edge [from=state426, to=state617, text=PRINT_ALL], Edge [from=state617, to=state37, text=v8.2.5], Edge [from=state346, to=state556, text=HOME], Edge [from=state556, to=state590, text=NEXT_BIRTHDAYS], Edge [from=state590, to=state556, text=Address Book], Edge [from=state556, to=state617, text=PRINT_ALL], Edge [from=state130, to=state583, text=PRINT_PHONES], Edge [from=state435, to=state556, text=HOME], Edge [from=state556, to=state608, text=PRINT_PHONES], Edge [from=state190, to=state556, text=LAST_FIRST], Edge [from=state556, to=state563, text=PHOTO], Edge [from=state563, to=state26, text=GROUPS], Edge [from=state133, to=state583, text=PRINT_PHONES], Edge [from=state136, to=state74, text=add next], Edge [from=state637, to=state21, text=ADD_NEW], Edge [from=state356, to=state639, text=HOME], Edge [from=state639, to=index, text=LOGOUT]], statistics=Statistics{duration=1 hour 0 minutes 20 seconds, failedEvents=17, crawlPaths=182, averageDomSize=11.989 kB, edges=405, startDate=Tue Nov 25 23:24:24 PST 2025, stateStats=StateStatistics{leastFanOut=StateCounter{id=state14, count=0}, leastFanIn=StateCounter{id=state291, count=0}, mostFanOut=StateCounter{id=state48, count=17}, mostFanIn=StateCounter{id=index, count=55}, totalNumberOfStates=83, urls={http://localhost:3000/addressbook825/index.php=[state9, state291, state293, state244, state246, state203, state447, state449, index, state453, state210, state545, state346, state426, state547, state160, state552, state556, state359, state637, state639], http://localhost:3000/addressbook825/register/login.php=[state6], http://localhost:3000/addressbook825/register/email_password.php=[state5], http://localhost:3000/addressbook825/view.php?all&print=[state491, state445, state343, state227, state77, state560], http://localhost:3000/addressbook825/group.php=[state130, state133, state146], http://localhost:3000/addressbook825/birthdays.php?group=[none]=[state176, state384, state139, state30, state231, state275, state312], http://localhost:3000/addressbook825/register/user_add.php=[state3], http://localhost:3000/addressbook825/view.php?group=[none]&all&print&phones=[state321, state608, state496, state265, state543, state163, state240, state397], http://localhost:3000/addressbook825/index.php?group=%5Bnone%5D=[state563, state485, state367, state298, state258, state48, state190], http://localhost:3000/addressbook825/view.php?id=2=[state206], http://localhost:3000/addressbook825/edit.php?id=2=[state249], http://localhost:3000/addressbook825/register/agent_add_form.php=[state14], http://localhost:3000/addressbook825/view.php?group=[none]&all&print=[state183, state617, state393, state154, state351, state221, state36, state279, state317], http://localhost:3000/addressbook825/view.php?all&print&phones=[state583, state533, state423, state438], http://localhost:3000/addressbook825/index.php?group==[state142], http://localhost:3000/addressbook825/edit.php?group=[none]=[state136, state74], http://localhost:3000/addressbook825/birthdays.php=[state590, state480, state356, state435], http://localhost:3000/addressbook825/register/login_failed.php=[state33], http://localhost:3000/addressbook825/notes.htm=[state37], http://localhost:3000/addressbook825/group.php?group=[none]=[state63, state26], http://localhost:3000/addressbook825/edit.php=[state21]}}}}
110
5586
Could not find corresponding pair
Could not find corresponding pair
Could not find corresponding pair
Could not find corresponding pair
Could not find corresponding pair
Could not find corresponding pair
Could not find corresponding pair
Could not find corresponding pair
Could not find corresponding pair
Could not find corresponding pair
Could not find corresponding pair
Could not find corresponding pair
Could not find corresponding pair
Could not find corresponding pair
Could not find corresponding pair
Could not find corresponding pair
Could not find corresponding pair
Could not find corresponding pair
Could not find corresponding pair
Could not find corresponding pair
Could not find corresponding pair
Could not find corresponding pair
Could not find corresponding pair
Could not find corresponding pair
Could not find corresponding pair
Could not find corresponding pair
Could not find corresponding pair
Could not find corresponding pair
Could not find corresponding pair
Could not find corresponding pair
Could not find corresponding pair
Could not find corresponding pair
Could not find corresponding pair
Could not find corresponding pair
Could not find corresponding pair
Could not find corresponding pair
Could not find corresponding pair
Could not find corresponding pair
Could not find corresponding pair
Could not find corresponding pair
Could not find corresponding pair
Could not find corresponding pair
Could not find corresponding pair
Could not find corresponding pair
Could not find corresponding pair
Could not find corresponding pair
Could not find corresponding pair
Could not find corresponding pair
Could not find corresponding pair
Could not find corresponding pair
Could not find corresponding pair
Could not find corresponding pair
Could not find corresponding pair
Could not find corresponding pair
Could not find corresponding pair
Could not find corresponding pair
Could not find corresponding pair
Could not find corresponding pair
Could not find corresponding pair
Could not find corresponding pair
Could not find corresponding pair
Could not find corresponding pair
Could not find corresponding pair
Could not find corresponding pair
Could not find corresponding pair
Could not find corresponding pair
Could not find corresponding pair
Could not find corresponding pair
Could not find corresponding pair
Could not find corresponding pair
Could not find corresponding pair
Could not find corresponding pair
Could not find corresponding pair
Could not find corresponding pair
Could not find corresponding pair
Could not find corresponding pair
Could not find corresponding pair
Could not find corresponding pair
Could not find corresponding pair
Could not find corresponding pair
Could not find corresponding pair
Could not find corresponding pair
Could not find corresponding pair
Could not find corresponding pair
Could not find corresponding pair
Could not find corresponding pair
Could not find corresponding pair
Could not find corresponding pair
Could not find corresponding pair
Could not find corresponding pair
Could not find corresponding pair
Could not find corresponding pair
Could not find corresponding pair
Could not find corresponding pair
Could not find corresponding pair
Could not find corresponding pair
Could not find corresponding pair
Could not find corresponding pair
Could not find corresponding pair
Could not find corresponding pair
Could not find corresponding pair
Could not find corresponding pair
Could not find corresponding pair
Could not find corresponding pair
Could not find corresponding pair
Could not find corresponding pair
Could not find corresponding pair
Could not find corresponding pair
Could not find corresponding pair
Could not find corresponding pair
Could not find corresponding pair
Could not find corresponding pair
Could not find corresponding pair
Could not find corresponding pair
Could not find corresponding pair
Could not find corresponding pair
Could not find corresponding pair
Could not find corresponding pair
Could not find corresponding pair
Could not find corresponding pair
Could not find corresponding pair
Could not find corresponding pair
Could not find corresponding pair
Could not find corresponding pair
Could not find corresponding pair
Could not find corresponding pair
Could not find corresponding pair
Could not find corresponding pair
Could not find corresponding pair
Could not find corresponding pair
Could not find corresponding pair
Could not find corresponding pair
Could not find corresponding pair
Could not find corresponding pair
Could not find corresponding pair
Could not find corresponding pair
Could not find corresponding pair
Could not find corresponding pair
Could not find corresponding pair
Could not find corresponding pair
Could not find corresponding pair
Could not find corresponding pair
Could not find corresponding pair
Could not find corresponding pair
Could not find corresponding pair
Could not find corresponding pair
Could not find corresponding pair
Could not find corresponding pair
Could not find corresponding pair
Could not find corresponding pair
Could not find corresponding pair
Could not find corresponding pair
Could not find corresponding pair
Could not find corresponding pair
Could not find corresponding pair
Could not find corresponding pair
Could not find corresponding pair
Could not find corresponding pair
Could not find corresponding pair
Could not find corresponding pair
Could not find corresponding pair
Could not find corresponding pair
Could not find corresponding pair
Could not find corresponding pair
Could not find corresponding pair
Could not find corresponding pair
Could not find corresponding pair
Could not find corresponding pair
Could not find corresponding pair
Could not find corresponding pair
Could not find corresponding pair
Could not find corresponding pair
Could not find corresponding pair
Could not find corresponding pair
Could not find corresponding pair
Could not find corresponding pair
Could not find corresponding pair
Could not find corresponding pair
Could not find corresponding pair
Could not find corresponding pair
Could not find corresponding pair
Could not find corresponding pair
Could not find corresponding pair
Could not find corresponding pair
Could not find corresponding pair
Could not find corresponding pair
Could not find corresponding pair
Could not find corresponding pair
Could not find corresponding pair
Could not find corresponding pair
Could not find corresponding pair
Could not find corresponding pair
Could not find corresponding pair
Could not find corresponding pair
Could not find corresponding pair
Could not find corresponding pair
Could not find corresponding pair
Could not find corresponding pair
Could not find corresponding pair
Could not find corresponding pair
Could not find corresponding pair
Could not find corresponding pair
Could not find corresponding pair
Could not find corresponding pair
Could not find corresponding pair
Could not find corresponding pair
Could not find corresponding pair
Could not find corresponding pair
Could not find corresponding pair
Could not find corresponding pair
Could not find corresponding pair
Could not find corresponding pair
Could not find corresponding pair
Could not find corresponding pair
Could not find corresponding pair
Could not find corresponding pair
Could not find corresponding pair
Could not find corresponding pair
Could not find corresponding pair
Could not find corresponding pair
Could not find corresponding pair
Could not find corresponding pair
Could not find corresponding pair
Could not find corresponding pair
Could not find corresponding pair
Could not find corresponding pair
Could not find corresponding pair
Could not find corresponding pair
Could not find corresponding pair
Could not find corresponding pair
Could not find corresponding pair
Could not find corresponding pair
Could not find corresponding pair
Could not find corresponding pair
Could not find corresponding pair
Could not find corresponding pair
Could not find corresponding pair
Could not find corresponding pair
Could not find corresponding pair
Could not find corresponding pair
Could not find corresponding pair
Could not find corresponding pair
Could not find corresponding pair
Could not find corresponding pair
Could not find corresponding pair
Could not find corresponding pair
Could not find corresponding pair
Could not find corresponding pair
Could not find corresponding pair
Could not find corresponding pair
Could not find corresponding pair
Could not find corresponding pair
Could not find corresponding pair
Could not find corresponding pair
Could not find corresponding pair
Could not find corresponding pair
Could not find corresponding pair
Could not find corresponding pair
Could not find corresponding pair
Could not find corresponding pair
Could not find corresponding pair
Could not find corresponding pair
Could not find corresponding pair
Could not find corresponding pair
Could not find corresponding pair
Could not find corresponding pair
Could not find corresponding pair
Could not find corresponding pair
Could not find corresponding pair
Could not find corresponding pair
Could not find corresponding pair
Could not find corresponding pair
Could not find corresponding pair
Could not find corresponding pair
Could not find corresponding pair
Could not find corresponding pair
Could not find corresponding pair
Could not find corresponding pair
Could not find corresponding pair
Could not find corresponding pair
Could not find corresponding pair
Could not find corresponding pair
Could not find corresponding pair
Could not find corresponding pair
Could not find corresponding pair
Could not find corresponding pair
Could not find corresponding pair
Could not find corresponding pair
Could not find corresponding pair
Could not find corresponding pair
Could not find corresponding pair
Could not find corresponding pair
Could not find corresponding pair
Could not find corresponding pair
Could not find corresponding pair
Could not find corresponding pair
Could not find corresponding pair
Could not find corresponding pair
Could not find corresponding pair
Could not find corresponding pair
Could not find corresponding pair
Could not find corresponding pair
Could not find corresponding pair
Could not find corresponding pair
Could not find corresponding pair
Could not find corresponding pair
Could not find corresponding pair
Could not find corresponding pair
Could not find corresponding pair
Could not find corresponding pair
Could not find corresponding pair
Could not find corresponding pair
Could not find corresponding pair
Could not find corresponding pair
Could not find corresponding pair
Could not find corresponding pair
Could not find corresponding pair
Could not find corresponding pair
Could not find corresponding pair
Could not find corresponding pair
Could not find corresponding pair
Could not find corresponding pair
Could not find corresponding pair
Could not find corresponding pair
Could not find corresponding pair
Could not find corresponding pair
Could not find corresponding pair
Could not find corresponding pair
Could not find corresponding pair
Could not find corresponding pair
Could not find corresponding pair
Could not find corresponding pair
Could not find corresponding pair
Could not find corresponding pair
Could not find corresponding pair
Could not find corresponding pair
Could not find corresponding pair
Could not find corresponding pair
Could not find corresponding pair
Could not find corresponding pair
Could not find corresponding pair
Could not find corresponding pair
Could not find corresponding pair
Could not find corresponding pair
Could not find corresponding pair
Could not find corresponding pair
Could not find corresponding pair
Could not find corresponding pair
Could not find corresponding pair
Could not find corresponding pair
Could not find corresponding pair
Could not find corresponding pair
Could not find corresponding pair
Could not find corresponding pair
Could not find corresponding pair
Could not find corresponding pair
Could not find corresponding pair
Could not find corresponding pair
Could not find corresponding pair
Could not find corresponding pair
Could not find corresponding pair
Could not find corresponding pair
Could not find corresponding pair
Could not find corresponding pair
Could not find corresponding pair
Could not find corresponding pair
Could not find corresponding pair
Could not find corresponding pair
Could not find corresponding pair
Could not find corresponding pair
Could not find corresponding pair
Could not find corresponding pair
Could not find corresponding pair
Could not find corresponding pair
Could not find corresponding pair
Could not find corresponding pair
Could not find corresponding pair
Could not find corresponding pair
Could not find corresponding pair
Could not find corresponding pair
Could not find corresponding pair
Could not find corresponding pair
Could not find corresponding pair
Could not find corresponding pair
Could not find corresponding pair
Could not find corresponding pair
Could not find corresponding pair
Could not find corresponding pair
Could not find corresponding pair
Could not find corresponding pair
Could not find corresponding pair
Could not find corresponding pair
Could not find corresponding pair
Could not find corresponding pair
Could not find corresponding pair
Could not find corresponding pair
Could not find corresponding pair
Could not find corresponding pair
Could not find corresponding pair
Could not find corresponding pair
Could not find corresponding pair
Could not find corresponding pair
Could not find corresponding pair
Could not find corresponding pair
Could not find corresponding pair
Could not find corresponding pair
Could not find corresponding pair
Could not find corresponding pair
Could not find corresponding pair
Could not find corresponding pair
Could not find corresponding pair
Could not find corresponding pair
Could not find corresponding pair
Could not find corresponding pair
Could not find corresponding pair
Could not find corresponding pair
Could not find corresponding pair
Could not find corresponding pair
Could not find corresponding pair
Could not find corresponding pair
Could not find corresponding pair
Could not find corresponding pair
Could not find corresponding pair
Could not find corresponding pair
Could not find corresponding pair
Could not find corresponding pair
Could not find corresponding pair
Could not find corresponding pair
Could not find corresponding pair
Could not find corresponding pair
Could not find corresponding pair
Could not find corresponding pair
Could not find corresponding pair
Could not find corresponding pair
Could not find corresponding pair
Could not find corresponding pair
Could not find corresponding pair
Could not find corresponding pair
Could not find corresponding pair
Could not find corresponding pair
Could not find corresponding pair
Could not find corresponding pair
Could not find corresponding pair
Could not find corresponding pair
Could not find corresponding pair
Could not find corresponding pair
Could not find corresponding pair
Could not find corresponding pair
Could not find corresponding pair
Could not find corresponding pair
Could not find corresponding pair
Could not find corresponding pair
Could not find corresponding pair
Could not find corresponding pair
Could not find corresponding pair
Could not find corresponding pair
Could not find corresponding pair
Could not find corresponding pair
Could not find corresponding pair
Could not find corresponding pair
Could not find corresponding pair
Could not find corresponding pair
Could not find corresponding pair
Could not find corresponding pair
Could not find corresponding pair
Could not find corresponding pair
Could not find corresponding pair
Could not find corresponding pair
Could not find corresponding pair
Could not find corresponding pair
Could not find corresponding pair
Could not find corresponding pair
Could not find corresponding pair
Could not find corresponding pair
Could not find corresponding pair
Could not find corresponding pair
Could not find corresponding pair
Could not find corresponding pair
Could not find corresponding pair
Could not find corresponding pair
Could not find corresponding pair
Could not find corresponding pair
Could not find corresponding pair
Could not find corresponding pair
Could not find corresponding pair
Could not find corresponding pair
Could not find corresponding pair
Could not find corresponding pair
Could not find corresponding pair
Could not find corresponding pair
Could not find corresponding pair
Could not find corresponding pair
Could not find corresponding pair
Could not find corresponding pair
Could not find corresponding pair
Could not find corresponding pair
Could not find corresponding pair
Could not find corresponding pair
Could not find corresponding pair
Could not find corresponding pair
Could not find corresponding pair
Could not find corresponding pair
Could not find corresponding pair
Could not find corresponding pair
Could not find corresponding pair
Could not find corresponding pair
Could not find corresponding pair
Could not find corresponding pair
Could not find corresponding pair
Could not find corresponding pair
Could not find corresponding pair
Could not find corresponding pair
Could not find corresponding pair
Could not find corresponding pair
Could not find corresponding pair
Could not find corresponding pair
Could not find corresponding pair
Could not find corresponding pair
Could not find corresponding pair
Could not find corresponding pair
Could not find corresponding pair
Could not find corresponding pair
Could not find corresponding pair
Could not find corresponding pair
Could not find corresponding pair
Could not find corresponding pair
Could not find corresponding pair
Could not find corresponding pair
Could not find corresponding pair
Could not find corresponding pair
Could not find corresponding pair
Could not find corresponding pair
Could not find corresponding pair
Could not find corresponding pair
Could not find corresponding pair
Could not find corresponding pair
Could not find corresponding pair
Could not find corresponding pair
Could not find corresponding pair
Could not find corresponding pair
Could not find corresponding pair
Could not find corresponding pair
Could not find corresponding pair
Could not find corresponding pair
Could not find corresponding pair
Could not find corresponding pair
Could not find corresponding pair
Could not find corresponding pair
Could not find corresponding pair
Could not find corresponding pair
Could not find corresponding pair
Could not find corresponding pair
Could not find corresponding pair
Could not find corresponding pair
Could not find corresponding pair
Could not find corresponding pair
Could not find corresponding pair
Could not find corresponding pair
Could not find corresponding pair
Could not find corresponding pair
Could not find corresponding pair
Could not find corresponding pair
Could not find corresponding pair
Could not find corresponding pair
Could not find corresponding pair
Could not find corresponding pair
Could not find corresponding pair
Could not find corresponding pair
Could not find corresponding pair
Could not find corresponding pair
Could not find corresponding pair
Could not find corresponding pair
Could not find corresponding pair
Could not find corresponding pair
Could not find corresponding pair
Could not find corresponding pair
Could not find corresponding pair
Could not find corresponding pair
Could not find corresponding pair
Could not find corresponding pair
Could not find corresponding pair
Could not find corresponding pair
Could not find corresponding pair
Could not find corresponding pair
Could not find corresponding pair
Could not find corresponding pair
Could not find corresponding pair
Could not find corresponding pair
Could not find corresponding pair
Could not find corresponding pair
Could not find corresponding pair
Could not find corresponding pair
Could not find corresponding pair
Could not find corresponding pair
Could not find corresponding pair
Could not find corresponding pair
Could not find corresponding pair
Could not find corresponding pair
Could not find corresponding pair
Could not find corresponding pair
Could not find corresponding pair
Could not find corresponding pair
Could not find corresponding pair
Could not find corresponding pair
Could not find corresponding pair
Could not find corresponding pair
Could not find corresponding pair
Could not find corresponding pair
Could not find corresponding pair
Could not find corresponding pair
Could not find corresponding pair
Could not find corresponding pair
Could not find corresponding pair
Could not find corresponding pair
Could not find corresponding pair
Could not find corresponding pair
Could not find corresponding pair
Could not find corresponding pair
Could not find corresponding pair
Could not find corresponding pair
Could not find corresponding pair
Could not find corresponding pair
Could not find corresponding pair
Could not find corresponding pair
Could not find corresponding pair
Could not find corresponding pair
Could not find corresponding pair
Could not find corresponding pair
Could not find corresponding pair
Could not find corresponding pair
Could not find corresponding pair
Could not find corresponding pair
Could not find corresponding pair
Could not find corresponding pair
Could not find corresponding pair
Could not find corresponding pair
Could not find corresponding pair
Could not find corresponding pair
Could not find corresponding pair
Could not find corresponding pair
Could not find corresponding pair
Could not find corresponding pair
Could not find corresponding pair
Could not find corresponding pair
Could not find corresponding pair
Could not find corresponding pair
Could not find corresponding pair
Could not find corresponding pair
Could not find corresponding pair
Could not find corresponding pair
Could not find corresponding pair
Could not find corresponding pair
Could not find corresponding pair
Could not find corresponding pair
Could not find corresponding pair
Could not find corresponding pair
Could not find corresponding pair
Could not find corresponding pair
Could not find corresponding pair
Could not find corresponding pair
Could not find corresponding pair
Could not find corresponding pair
Could not find corresponding pair
Could not find corresponding pair
Could not find corresponding pair
Could not find corresponding pair
Could not find corresponding pair
Could not find corresponding pair
Could not find corresponding pair
Could not find corresponding pair
Could not find corresponding pair
Could not find corresponding pair
Could not find corresponding pair
Could not find corresponding pair
Could not find corresponding pair
Could not find corresponding pair
Could not find corresponding pair
Could not find corresponding pair
Could not find corresponding pair
Could not find corresponding pair
Could not find corresponding pair
Could not find corresponding pair
Could not find corresponding pair
Could not find corresponding pair
Could not find corresponding pair
Could not find corresponding pair
Could not find corresponding pair
Could not find corresponding pair
Could not find corresponding pair
Could not find corresponding pair
Could not find corresponding pair
Could not find corresponding pair
Could not find corresponding pair
Could not find corresponding pair
Could not find corresponding pair
Could not find corresponding pair
Could not find corresponding pair
Could not find corresponding pair
Could not find corresponding pair
Could not find corresponding pair
Could not find corresponding pair
Could not find corresponding pair
Could not find corresponding pair
Could not find corresponding pair
Could not find corresponding pair
Could not find corresponding pair
Could not find corresponding pair
Could not find corresponding pair
Could not find corresponding pair
Could not find corresponding pair
Could not find corresponding pair
Could not find corresponding pair
Could not find corresponding pair
Could not find corresponding pair
Could not find corresponding pair
Could not find corresponding pair
Could not find corresponding pair
Could not find corresponding pair
Could not find corresponding pair
Could not find corresponding pair
Could not find corresponding pair
Could not find corresponding pair
Could not find corresponding pair
Could not find corresponding pair
Could not find corresponding pair
Could not find corresponding pair
Could not find corresponding pair
Could not find corresponding pair
Could not find corresponding pair
Could not find corresponding pair
Could not find corresponding pair
Could not find corresponding pair
Could not find corresponding pair
Could not find corresponding pair
Could not find corresponding pair
Could not find corresponding pair
Could not find corresponding pair
Could not find corresponding pair
Could not find corresponding pair
Could not find corresponding pair
Could not find corresponding pair
Could not find corresponding pair
Could not find corresponding pair
Could not find corresponding pair
Could not find corresponding pair
Could not find corresponding pair
Could not find corresponding pair
Could not find corresponding pair
Could not find corresponding pair
Could not find corresponding pair
Could not find corresponding pair
Could not find corresponding pair
Could not find corresponding pair
Could not find corresponding pair
Could not find corresponding pair
Could not find corresponding pair
Could not find corresponding pair
Could not find corresponding pair
Could not find corresponding pair
Could not find corresponding pair
Could not find corresponding pair
Could not find corresponding pair
Could not find corresponding pair
Could not find corresponding pair
Could not find corresponding pair
Could not find corresponding pair
Could not find corresponding pair
Could not find corresponding pair
Could not find corresponding pair
Could not find corresponding pair
Could not find corresponding pair
Could not find corresponding pair
Could not find corresponding pair
Could not find corresponding pair
Could not find corresponding pair
Could not find corresponding pair
Could not find corresponding pair
Could not find corresponding pair
Could not find corresponding pair
Could not find corresponding pair
Could not find corresponding pair
Could not find corresponding pair
Could not find corresponding pair
Could not find corresponding pair
Could not find corresponding pair
Could not find corresponding pair
Could not find corresponding pair
Could not find corresponding pair
Could not find corresponding pair
Could not find corresponding pair
Could not find corresponding pair
Could not find corresponding pair
Could not find corresponding pair
Could not find corresponding pair
Could not find corresponding pair
Could not find corresponding pair
Could not find corresponding pair
Could not find corresponding pair
Could not find corresponding pair
Could not find corresponding pair
Could not find corresponding pair
Could not find corresponding pair
Could not find corresponding pair
Could not find corresponding pair
Could not find corresponding pair
Could not find corresponding pair
Could not find corresponding pair
Could not find corresponding pair
Could not find corresponding pair
Could not find corresponding pair
Could not find corresponding pair
Could not find corresponding pair
Could not find corresponding pair
Could not find corresponding pair
Could not find corresponding pair
Could not find corresponding pair
Could not find corresponding pair
Could not find corresponding pair
Could not find corresponding pair
Could not find corresponding pair
Could not find corresponding pair
Could not find corresponding pair
Could not find corresponding pair
Could not find corresponding pair
Could not find corresponding pair
Could not find corresponding pair
Could not find corresponding pair
Could not find corresponding pair
Could not find corresponding pair
Could not find corresponding pair
Could not find corresponding pair
Could not find corresponding pair
Could not find corresponding pair
Could not find corresponding pair
Could not find corresponding pair
Could not find corresponding pair
Could not find corresponding pair
Could not find corresponding pair
Could not find corresponding pair
Could not find corresponding pair
Could not find corresponding pair
Could not find corresponding pair
Could not find corresponding pair
Could not find corresponding pair
Could not find corresponding pair
Could not find corresponding pair
Could not find corresponding pair
Could not find corresponding pair
Could not find corresponding pair
Could not find corresponding pair
Could not find corresponding pair
Could not find corresponding pair
Could not find corresponding pair
Could not find corresponding pair
Could not find corresponding pair
Could not find corresponding pair
Could not find corresponding pair
Could not find corresponding pair
Could not find corresponding pair
Could not find corresponding pair
Could not find corresponding pair
Could not find corresponding pair
Could not find corresponding pair
Could not find corresponding pair
Could not find corresponding pair
Could not find corresponding pair
Could not find corresponding pair
Could not find corresponding pair
Could not find corresponding pair
Could not find corresponding pair
Could not find corresponding pair
Could not find corresponding pair
Could not find corresponding pair
Could not find corresponding pair
Could not find corresponding pair
Could not find corresponding pair
Could not find corresponding pair
Could not find corresponding pair
Could not find corresponding pair
Could not find corresponding pair
Could not find corresponding pair
Could not find corresponding pair
Could not find corresponding pair
Could not find corresponding pair
Could not find corresponding pair
Could not find corresponding pair
Could not find corresponding pair
Could not find corresponding pair
Could not find corresponding pair
Could not find corresponding pair
Could not find corresponding pair
Could not find corresponding pair
Could not find corresponding pair
Could not find corresponding pair
Could not find corresponding pair
Could not find corresponding pair
Could not find corresponding pair
Could not find corresponding pair
Could not find corresponding pair
Could not find corresponding pair
Could not find corresponding pair
Could not find corresponding pair
Could not find corresponding pair
Could not find corresponding pair
Could not find corresponding pair
Could not find corresponding pair
Could not find corresponding pair
Could not find corresponding pair
Could not find corresponding pair
Could not find corresponding pair
Could not find corresponding pair
Could not find corresponding pair
Could not find corresponding pair
Could not find corresponding pair
Could not find corresponding pair
Could not find corresponding pair
Could not find corresponding pair
Could not find corresponding pair
Could not find corresponding pair
Could not find corresponding pair
Could not find corresponding pair
Could not find corresponding pair
Could not find corresponding pair
Could not find corresponding pair
Could not find corresponding pair
Could not find corresponding pair
Could not find corresponding pair
Could not find corresponding pair
Could not find corresponding pair
Could not find corresponding pair
Could not find corresponding pair
Could not find corresponding pair
Could not find corresponding pair
Could not find corresponding pair
Could not find corresponding pair
Could not find corresponding pair
Could not find corresponding pair
Could not find corresponding pair
Could not find corresponding pair
Could not find corresponding pair
Could not find corresponding pair
Could not find corresponding pair
Could not find corresponding pair
Could not find corresponding pair
Could not find corresponding pair
Could not find corresponding pair
Could not find corresponding pair
Could not find corresponding pair
Could not find corresponding pair
Could not find corresponding pair
Could not find corresponding pair
Could not find corresponding pair
Could not find corresponding pair
Could not find corresponding pair
Could not find corresponding pair
Could not find corresponding pair
Could not find corresponding pair
Could not find corresponding pair
Could not find corresponding pair
Could not find corresponding pair
Could not find corresponding pair
Could not find corresponding pair
Could not find corresponding pair
Could not find corresponding pair
Could not find corresponding pair
Could not find corresponding pair
Could not find corresponding pair
Could not find corresponding pair
Could not find corresponding pair
Could not find corresponding pair
Could not find corresponding pair
Could not find corresponding pair
Could not find corresponding pair
Could not find corresponding pair
Could not find corresponding pair
Could not find corresponding pair
Could not find corresponding pair
Could not find corresponding pair
Could not find corresponding pair
Could not find corresponding pair
Could not find corresponding pair
Could not find corresponding pair
Could not find corresponding pair
Could not find corresponding pair
Could not find corresponding pair
Could not find corresponding pair
Could not find corresponding pair
Could not find corresponding pair
Could not find corresponding pair
Could not find corresponding pair
Could not find corresponding pair
Could not find corresponding pair
Could not find corresponding pair
Could not find corresponding pair
Could not find corresponding pair
Could not find corresponding pair
Could not find corresponding pair
Could not find corresponding pair
Could not find corresponding pair
Could not find corresponding pair
Could not find corresponding pair
Could not find corresponding pair
Could not find corresponding pair
Could not find corresponding pair
Could not find corresponding pair
Could not find corresponding pair
Could not find corresponding pair
Could not find corresponding pair
Could not find corresponding pair
Could not find corresponding pair
Could not find corresponding pair
Could not find corresponding pair
Could not find corresponding pair
Could not find corresponding pair
Could not find corresponding pair
Could not find corresponding pair
Could not find corresponding pair
Could not find corresponding pair
Could not find corresponding pair
Could not find corresponding pair
Could not find corresponding pair
Could not find corresponding pair
Could not find corresponding pair
Could not find corresponding pair
Could not find corresponding pair
Could not find corresponding pair
Could not find corresponding pair
Could not find corresponding pair
Could not find corresponding pair
Could not find corresponding pair
Could not find corresponding pair
Could not find corresponding pair
Could not find corresponding pair
Could not find corresponding pair
Could not find corresponding pair
Could not find corresponding pair
Could not find corresponding pair
Could not find corresponding pair
Could not find corresponding pair
Could not find corresponding pair
Could not find corresponding pair
Could not find corresponding pair
Could not find corresponding pair
Could not find corresponding pair
Could not find corresponding pair
Could not find corresponding pair
Could not find corresponding pair
Could not find corresponding pair
Could not find corresponding pair
Could not find corresponding pair
Could not find corresponding pair
Could not find corresponding pair
Could not find corresponding pair
Could not find corresponding pair
Could not find corresponding pair
Could not find corresponding pair
Could not find corresponding pair
Could not find corresponding pair
Could not find corresponding pair
Could not find corresponding pair
Could not find corresponding pair
Could not find corresponding pair
Could not find corresponding pair
Could not find corresponding pair
Could not find corresponding pair
Could not find corresponding pair
Could not find corresponding pair
Could not find corresponding pair
Could not find corresponding pair
Could not find corresponding pair
Could not find corresponding pair
Could not find corresponding pair
Could not find corresponding pair
Could not find corresponding pair
Could not find corresponding pair
Could not find corresponding pair
Could not find corresponding pair
Could not find corresponding pair
Could not find corresponding pair
Could not find corresponding pair
Could not find corresponding pair
Could not find corresponding pair
Could not find corresponding pair
Could not find corresponding pair
Could not find corresponding pair
Could not find corresponding pair
Could not find corresponding pair
Could not find corresponding pair
Could not find corresponding pair
Could not find corresponding pair
Could not find corresponding pair
Could not find corresponding pair
Could not find corresponding pair
Could not find corresponding pair
Could not find corresponding pair
Could not find corresponding pair
Could not find corresponding pair
Could not find corresponding pair
Could not find corresponding pair
Could not find corresponding pair
Could not find corresponding pair
Could not find corresponding pair
Could not find corresponding pair
Could not find corresponding pair
Could not find corresponding pair
Could not find corresponding pair
Could not find corresponding pair
Could not find corresponding pair
Could not find corresponding pair
Could not find corresponding pair
Could not find corresponding pair
Could not find corresponding pair
Could not find corresponding pair
Could not find corresponding pair
Could not find corresponding pair
Could not find corresponding pair
Could not find corresponding pair
Could not find corresponding pair
Could not find corresponding pair
Could not find corresponding pair
Could not find corresponding pair
Could not find corresponding pair
Could not find corresponding pair
Could not find corresponding pair
Could not find corresponding pair
Could not find corresponding pair
Could not find corresponding pair
Could not find corresponding pair
Could not find corresponding pair
Could not find corresponding pair
Could not find corresponding pair
Could not find corresponding pair
Could not find corresponding pair
Could not find corresponding pair
Could not find corresponding pair
Could not find corresponding pair
Could not find corresponding pair
Could not find corresponding pair
Could not find corresponding pair
Could not find corresponding pair
Could not find corresponding pair
Could not find corresponding pair
Could not find corresponding pair
Could not find corresponding pair
Could not find corresponding pair
Could not find corresponding pair
Could not find corresponding pair
Could not find corresponding pair
Could not find corresponding pair
Could not find corresponding pair
Could not find corresponding pair
Could not find corresponding pair
Could not find corresponding pair
Could not find corresponding pair
Could not find corresponding pair
Could not find corresponding pair
Could not find corresponding pair
Could not find corresponding pair
Could not find corresponding pair
Could not find corresponding pair
Could not find corresponding pair
Could not find corresponding pair
Could not find corresponding pair
Could not find corresponding pair
Could not find corresponding pair
Could not find corresponding pair
Could not find corresponding pair
Could not find corresponding pair
Could not find corresponding pair
Could not find corresponding pair
Could not find corresponding pair
Could not find corresponding pair
Could not find corresponding pair
Could not find corresponding pair
Could not find corresponding pair
Could not find corresponding pair
Could not find corresponding pair
Could not find corresponding pair
Could not find corresponding pair
Could not find corresponding pair
Could not find corresponding pair
Could not find corresponding pair
Could not find corresponding pair
Could not find corresponding pair
Could not find corresponding pair
Could not find corresponding pair
Could not find corresponding pair
Could not find corresponding pair
Could not find corresponding pair
Could not find corresponding pair
Could not find corresponding pair
Could not find corresponding pair
Could not find corresponding pair
Could not find corresponding pair
Could not find corresponding pair
Could not find corresponding pair
Could not find corresponding pair
Could not find corresponding pair
Could not find corresponding pair
Could not find corresponding pair
Could not find corresponding pair
Could not find corresponding pair
Could not find corresponding pair
Could not find corresponding pair
Could not find corresponding pair
Could not find corresponding pair
Could not find corresponding pair
Could not find corresponding pair
Could not find corresponding pair
Could not find corresponding pair
Could not find corresponding pair
Could not find corresponding pair
Could not find corresponding pair
Could not find corresponding pair
Could not find corresponding pair
Could not find corresponding pair
Could not find corresponding pair
Could not find corresponding pair
Could not find corresponding pair
Could not find corresponding pair
Could not find corresponding pair
Could not find corresponding pair
Could not find corresponding pair
Could not find corresponding pair
Could not find corresponding pair
Could not find corresponding pair
Could not find corresponding pair
Could not find corresponding pair
Could not find corresponding pair
Could not find corresponding pair
Could not find corresponding pair
Could not find corresponding pair
Could not find corresponding pair
Could not find corresponding pair
Could not find corresponding pair
Could not find corresponding pair
Could not find corresponding pair
Could not find corresponding pair
Could not find corresponding pair
Could not find corresponding pair
Could not find corresponding pair
Could not find corresponding pair
Could not find corresponding pair
Could not find corresponding pair
Could not find corresponding pair
Could not find corresponding pair
Could not find corresponding pair
Could not find corresponding pair
Could not find corresponding pair
Could not find corresponding pair
Could not find corresponding pair
Could not find corresponding pair
Could not find corresponding pair
Could not find corresponding pair
Could not find corresponding pair
Could not find corresponding pair
Could not find corresponding pair
Could not find corresponding pair
Could not find corresponding pair
Could not find corresponding pair
Could not find corresponding pair
Could not find corresponding pair
Could not find corresponding pair
Could not find corresponding pair
Could not find corresponding pair
Could not find corresponding pair
Could not find corresponding pair
Could not find corresponding pair
Could not find corresponding pair
Could not find corresponding pair
Could not find corresponding pair
Could not find corresponding pair
Could not find corresponding pair
Could not find corresponding pair
Could not find corresponding pair
Could not find corresponding pair
Could not find corresponding pair
Could not find corresponding pair
Could not find corresponding pair
Could not find corresponding pair
Could not find corresponding pair
Could not find corresponding pair
Could not find corresponding pair
Could not find corresponding pair
Could not find corresponding pair
Could not find corresponding pair
Could not find corresponding pair
Could not find corresponding pair
Could not find corresponding pair
Could not find corresponding pair
Could not find corresponding pair
Could not find corresponding pair
Could not find corresponding pair
Could not find corresponding pair
Could not find corresponding pair
Could not find corresponding pair
Could not find corresponding pair
Could not find corresponding pair
Could not find corresponding pair
Could not find corresponding pair
Could not find corresponding pair
Could not find corresponding pair
Could not find corresponding pair
Could not find corresponding pair
Could not find corresponding pair
Could not find corresponding pair
Could not find corresponding pair
Could not find corresponding pair
Could not find corresponding pair
Could not find corresponding pair
Could not find corresponding pair
Could not find corresponding pair
Could not find corresponding pair
Could not find corresponding pair
Could not find corresponding pair
Could not find corresponding pair
Could not find corresponding pair
Could not find corresponding pair
Could not find corresponding pair
Could not find corresponding pair
Could not find corresponding pair
Could not find corresponding pair
Could not find corresponding pair
Could not find corresponding pair
Could not find corresponding pair
Could not find corresponding pair
Could not find corresponding pair
Could not find corresponding pair
Could not find corresponding pair
Could not find corresponding pair
Could not find corresponding pair
Could not find corresponding pair
Could not find corresponding pair
Could not find corresponding pair
Could not find corresponding pair
Could not find corresponding pair
Could not find corresponding pair
Could not find corresponding pair
Could not find corresponding pair
Could not find corresponding pair
Could not find corresponding pair
Could not find corresponding pair
Could not find corresponding pair
Could not find corresponding pair
Could not find corresponding pair
Could not find corresponding pair
Could not find corresponding pair
Could not find corresponding pair
Could not find corresponding pair
Could not find corresponding pair
Could not find corresponding pair
Could not find corresponding pair
Could not find corresponding pair
Could not find corresponding pair
Could not find corresponding pair
Could not find corresponding pair
Could not find corresponding pair
Could not find corresponding pair
Could not find corresponding pair
Could not find corresponding pair
Could not find corresponding pair
Could not find corresponding pair
Could not find corresponding pair
Could not find corresponding pair
Could not find corresponding pair
Could not find corresponding pair
Could not find corresponding pair
Could not find corresponding pair
Could not find corresponding pair
Could not find corresponding pair
Could not find corresponding pair
Could not find corresponding pair
Could not find corresponding pair
Could not find corresponding pair
Could not find corresponding pair
Could not find corresponding pair
Could not find corresponding pair
Could not find corresponding pair
Could not find corresponding pair
Could not find corresponding pair
Could not find corresponding pair
Could not find corresponding pair
Could not find corresponding pair
Could not find corresponding pair
Could not find corresponding pair
Could not find corresponding pair
Could not find corresponding pair
Could not find corresponding pair
Could not find corresponding pair
Could not find corresponding pair
Could not find corresponding pair
Could not find corresponding pair
Could not find corresponding pair
Could not find corresponding pair
Could not find corresponding pair
Could not find corresponding pair
Could not find corresponding pair
Could not find corresponding pair
Could not find corresponding pair
Could not find corresponding pair
Could not find corresponding pair
Could not find corresponding pair
Could not find corresponding pair
Could not find corresponding pair
Could not find corresponding pair
Could not find corresponding pair
Could not find corresponding pair
Could not find corresponding pair
Could not find corresponding pair
Could not find corresponding pair
Could not find corresponding pair
Could not find corresponding pair
Could not find corresponding pair
Could not find corresponding pair
Could not find corresponding pair
Could not find corresponding pair
Could not find corresponding pair
Could not find corresponding pair
Could not find corresponding pair
Could not find corresponding pair
Could not find corresponding pair
Could not find corresponding pair
Could not find corresponding pair
Could not find corresponding pair
Could not find corresponding pair
Could not find corresponding pair
Could not find corresponding pair
Could not find corresponding pair
Could not find corresponding pair
Could not find corresponding pair
Could not find corresponding pair
Could not find corresponding pair
Could not find corresponding pair
Could not find corresponding pair
Could not find corresponding pair
Could not find corresponding pair
Could not find corresponding pair
Could not find corresponding pair
Could not find corresponding pair
Could not find corresponding pair
Could not find corresponding pair
Could not find corresponding pair
Could not find corresponding pair
Could not find corresponding pair
Could not find corresponding pair
Could not find corresponding pair
Could not find corresponding pair
Could not find corresponding pair
Could not find corresponding pair
Could not find corresponding pair
Could not find corresponding pair
Could not find corresponding pair
Could not find corresponding pair
Could not find corresponding pair
Could not find corresponding pair
Could not find corresponding pair
Could not find corresponding pair
Could not find corresponding pair
Could not find corresponding pair
Could not find corresponding pair
Could not find corresponding pair
Could not find corresponding pair
Could not find corresponding pair
Could not find corresponding pair
Could not find corresponding pair
Could not find corresponding pair
Could not find corresponding pair
Could not find corresponding pair
Could not find corresponding pair
Could not find corresponding pair
Could not find corresponding pair
Could not find corresponding pair
Could not find corresponding pair
Could not find corresponding pair
Could not find corresponding pair
Could not find corresponding pair
Could not find corresponding pair
Could not find corresponding pair
Could not find corresponding pair
Could not find corresponding pair
Could not find corresponding pair
Could not find corresponding pair
Could not find corresponding pair
Could not find corresponding pair
Could not find corresponding pair
Could not find corresponding pair
Could not find corresponding pair
Could not find corresponding pair
Could not find corresponding pair
Could not find corresponding pair
Could not find corresponding pair
Could not find corresponding pair
Could not find corresponding pair
Could not find corresponding pair
Could not find corresponding pair
Could not find corresponding pair
Could not find corresponding pair
Could not find corresponding pair
Could not find corresponding pair
Could not find corresponding pair
Could not find corresponding pair
Could not find corresponding pair
Could not find corresponding pair
Could not find corresponding pair
Could not find corresponding pair
Could not find corresponding pair
Could not find corresponding pair
Could not find corresponding pair
Could not find corresponding pair
Could not find corresponding pair
Could not find corresponding pair
Could not find corresponding pair
Could not find corresponding pair
Could not find corresponding pair
Could not find corresponding pair
Could not find corresponding pair
Could not find corresponding pair
Could not find corresponding pair
Could not find corresponding pair
Could not find corresponding pair
Could not find corresponding pair
Could not find corresponding pair
Could not find corresponding pair
Could not find corresponding pair
Could not find corresponding pair
Could not find corresponding pair
Could not find corresponding pair
Could not find corresponding pair
Could not find corresponding pair
Could not find corresponding pair
Could not find corresponding pair
Could not find corresponding pair
Could not find corresponding pair
Could not find corresponding pair
Could not find corresponding pair
Could not find corresponding pair
Could not find corresponding pair
Could not find corresponding pair
Could not find corresponding pair
Could not find corresponding pair
Could not find corresponding pair
Could not find corresponding pair
Could not find corresponding pair
Could not find corresponding pair
Could not find corresponding pair
Could not find corresponding pair
Could not find corresponding pair
Could not find corresponding pair
Could not find corresponding pair
Could not find corresponding pair
Could not find corresponding pair
Could not find corresponding pair
Could not find corresponding pair
Could not find corresponding pair
Could not find corresponding pair
Could not find corresponding pair
Could not find corresponding pair
Could not find corresponding pair
Could not find corresponding pair
Could not find corresponding pair
Could not find corresponding pair
Could not find corresponding pair
Could not find corresponding pair
Could not find corresponding pair
Could not find corresponding pair
Could not find corresponding pair
Could not find corresponding pair
Could not find corresponding pair
Could not find corresponding pair
Could not find corresponding pair
Could not find corresponding pair
Could not find corresponding pair
Could not find corresponding pair
Could not find corresponding pair
Could not find corresponding pair
Could not find corresponding pair
Could not find corresponding pair
Could not find corresponding pair
Could not find corresponding pair
Could not find corresponding pair
Could not find corresponding pair
Could not find corresponding pair
Could not find corresponding pair
Could not find corresponding pair
Could not find corresponding pair
Could not find corresponding pair
Could not find corresponding pair
Could not find corresponding pair
Could not find corresponding pair
Could not find corresponding pair
Could not find corresponding pair
Could not find corresponding pair
Could not find corresponding pair
Could not find corresponding pair
Could not find corresponding pair
Could not find corresponding pair
Could not find corresponding pair
Could not find corresponding pair
Could not find corresponding pair
Could not find corresponding pair
Could not find corresponding pair
Could not find corresponding pair
Could not find corresponding pair
Could not find corresponding pair
Could not find corresponding pair
Could not find corresponding pair
Could not find corresponding pair
Could not find corresponding pair
Could not find corresponding pair
Could not find corresponding pair
Could not find corresponding pair
Could not find corresponding pair
Could not find corresponding pair
Could not find corresponding pair
Could not find corresponding pair
Could not find corresponding pair
Could not find corresponding pair
Could not find corresponding pair
Could not find corresponding pair
Could not find corresponding pair
Could not find corresponding pair
Could not find corresponding pair
Could not find corresponding pair
Could not find corresponding pair
Could not find corresponding pair
Could not find corresponding pair
Could not find corresponding pair
Could not find corresponding pair
Could not find corresponding pair
Could not find corresponding pair
Could not find corresponding pair
Could not find corresponding pair
Could not find corresponding pair
Could not find corresponding pair
Could not find corresponding pair
Could not find corresponding pair
Could not find corresponding pair
Could not find corresponding pair
Could not find corresponding pair
Could not find corresponding pair
Could not find corresponding pair
Could not find corresponding pair
Could not find corresponding pair
Could not find corresponding pair
Could not find corresponding pair
Could not find corresponding pair
Could not find corresponding pair
Could not find corresponding pair
Could not find corresponding pair
Could not find corresponding pair
Could not find corresponding pair
Could not find corresponding pair
Could not find corresponding pair
Could not find corresponding pair
Could not find corresponding pair
Could not find corresponding pair
Could not find corresponding pair
Could not find corresponding pair
Could not find corresponding pair
Could not find corresponding pair
Could not find corresponding pair
Could not find corresponding pair
Could not find corresponding pair
Could not find corresponding pair
Could not find corresponding pair
Could not find corresponding pair
Could not find corresponding pair
Could not find corresponding pair
Could not find corresponding pair
Could not find corresponding pair
Could not find corresponding pair
Could not find corresponding pair
Could not find corresponding pair
Could not find corresponding pair
Could not find corresponding pair
Could not find corresponding pair
Could not find corresponding pair
Could not find corresponding pair
Could not find corresponding pair
Could not find corresponding pair
Could not find corresponding pair
Could not find corresponding pair
Could not find corresponding pair
Could not find corresponding pair
Could not find corresponding pair
Could not find corresponding pair
Could not find corresponding pair
Could not find corresponding pair
Could not find corresponding pair
Could not find corresponding pair
Could not find corresponding pair
Could not find corresponding pair
Could not find corresponding pair
Could not find corresponding pair
Could not find corresponding pair
Could not find corresponding pair
Could not find corresponding pair
Could not find corresponding pair
Could not find corresponding pair
Could not find corresponding pair
Could not find corresponding pair
Could not find corresponding pair
Could not find corresponding pair
Could not find corresponding pair
Could not find corresponding pair
Could not find corresponding pair
Could not find corresponding pair
Could not find corresponding pair
Could not find corresponding pair
Could not find corresponding pair
Could not find corresponding pair
Could not find corresponding pair
Could not find corresponding pair
Could not find corresponding pair
Could not find corresponding pair
Could not find corresponding pair
Could not find corresponding pair
Could not find corresponding pair
Could not find corresponding pair
Could not find corresponding pair
Could not find corresponding pair
Could not find corresponding pair
Could not find corresponding pair
Could not find corresponding pair
Could not find corresponding pair
Could not find corresponding pair
Could not find corresponding pair
Could not find corresponding pair
Could not find corresponding pair
Could not find corresponding pair
Could not find corresponding pair
Could not find corresponding pair
Could not find corresponding pair
Could not find corresponding pair
Could not find corresponding pair
Could not find corresponding pair
Could not find corresponding pair
Could not find corresponding pair
Could not find corresponding pair
Could not find corresponding pair
Could not find corresponding pair
Could not find corresponding pair
Could not find corresponding pair
Could not find corresponding pair
Could not find corresponding pair
Could not find corresponding pair
Could not find corresponding pair
Could not find corresponding pair
Could not find corresponding pair
Could not find corresponding pair
Could not find corresponding pair
Could not find corresponding pair
Could not find corresponding pair
Could not find corresponding pair
Could not find corresponding pair
Could not find corresponding pair
Could not find corresponding pair
Could not find corresponding pair
Could not find corresponding pair
Could not find corresponding pair
Could not find corresponding pair
Could not find corresponding pair
Could not find corresponding pair
Could not find corresponding pair
Could not find corresponding pair
Could not find corresponding pair
Could not find corresponding pair
Could not find corresponding pair
Could not find corresponding pair
Could not find corresponding pair
Could not find corresponding pair
Could not find corresponding pair
Could not find corresponding pair
Could not find corresponding pair
Could not find corresponding pair
Could not find corresponding pair
Could not find corresponding pair
Could not find corresponding pair
Could not find corresponding pair
Could not find corresponding pair
Could not find corresponding pair
Could not find corresponding pair
Could not find corresponding pair
Could not find corresponding pair
Could not find corresponding pair
Could not find corresponding pair
Could not find corresponding pair
Could not find corresponding pair
Could not find corresponding pair
Could not find corresponding pair
Could not find corresponding pair
Could not find corresponding pair
Could not find corresponding pair
Could not find corresponding pair
Could not find corresponding pair
Could not find corresponding pair
Could not find corresponding pair
Could not find corresponding pair
Could not find corresponding pair
Could not find corresponding pair
Could not find corresponding pair
Could not find corresponding pair
Could not find corresponding pair
Could not find corresponding pair
Could not find corresponding pair
Could not find corresponding pair
Could not find corresponding pair
Could not find corresponding pair
Could not find corresponding pair
Could not find corresponding pair
Could not find corresponding pair
Could not find corresponding pair
Could not find corresponding pair
Could not find corresponding pair
Could not find corresponding pair
Could not find corresponding pair
Could not find corresponding pair
Could not find corresponding pair
Could not find corresponding pair
Could not find corresponding pair
Could not find corresponding pair
Could not find corresponding pair
Could not find corresponding pair
Could not find corresponding pair
Could not find corresponding pair
Could not find corresponding pair
Could not find corresponding pair
Could not find corresponding pair
Could not find corresponding pair
Could not find corresponding pair
Could not find corresponding pair
Could not find corresponding pair
Could not find corresponding pair
Could not find corresponding pair
Could not find corresponding pair
Could not find corresponding pair
Could not find corresponding pair
Could not find corresponding pair
Could not find corresponding pair
Could not find corresponding pair
Could not find corresponding pair
Could not find corresponding pair
Could not find corresponding pair
Could not find corresponding pair
Could not find corresponding pair
Could not find corresponding pair
Could not find corresponding pair
Could not find corresponding pair
Could not find corresponding pair
Could not find corresponding pair
Could not find corresponding pair
Could not find corresponding pair
Could not find corresponding pair
Could not find corresponding pair
Could not find corresponding pair
Could not find corresponding pair
Could not find corresponding pair
Could not find corresponding pair
Could not find corresponding pair
Could not find corresponding pair
Could not find corresponding pair
Could not find corresponding pair
Could not find corresponding pair
Could not find corresponding pair
Could not find corresponding pair
Could not find corresponding pair
Could not find corresponding pair
Could not find corresponding pair
Could not find corresponding pair
Could not find corresponding pair
Could not find corresponding pair
Could not find corresponding pair
Could not find corresponding pair
Could not find corresponding pair
Could not find corresponding pair
Could not find corresponding pair
Could not find corresponding pair
Could not find corresponding pair
Could not find corresponding pair
Could not find corresponding pair
Could not find corresponding pair
Could not find corresponding pair
Could not find corresponding pair
Could not find corresponding pair
Could not find corresponding pair
Could not find corresponding pair
Could not find corresponding pair
Could not find corresponding pair
Could not find corresponding pair
Could not find corresponding pair
Could not find corresponding pair
Could not find corresponding pair
Could not find corresponding pair
Could not find corresponding pair
Could not find corresponding pair
Could not find corresponding pair
Could not find corresponding pair
Could not find corresponding pair
Could not find corresponding pair
Could not find corresponding pair
Could not find corresponding pair
Could not find corresponding pair
Could not find corresponding pair
Could not find corresponding pair
Could not find corresponding pair
Could not find corresponding pair
Could not find corresponding pair
Could not find corresponding pair
Could not find corresponding pair
Could not find corresponding pair
Could not find corresponding pair
Could not find corresponding pair
Could not find corresponding pair
Could not find corresponding pair
Could not find corresponding pair
Could not find corresponding pair
Could not find corresponding pair
Could not find corresponding pair
Could not find corresponding pair
Could not find corresponding pair
Could not find corresponding pair
Could not find corresponding pair
Could not find corresponding pair
Could not find corresponding pair
Could not find corresponding pair
Could not find corresponding pair
Could not find corresponding pair
Could not find corresponding pair
Could not find corresponding pair
Could not find corresponding pair
Could not find corresponding pair
Could not find corresponding pair
Could not find corresponding pair
Could not find corresponding pair
Could not find corresponding pair
Could not find corresponding pair
Could not find corresponding pair
Could not find corresponding pair
Could not find corresponding pair
Could not find corresponding pair
Could not find corresponding pair
Could not find corresponding pair
Could not find corresponding pair
Could not find corresponding pair
Could not find corresponding pair
Could not find corresponding pair
Could not find corresponding pair
Could not find corresponding pair
Could not find corresponding pair
Could not find corresponding pair
Could not find corresponding pair
Could not find corresponding pair
Could not find corresponding pair
Could not find corresponding pair
Could not find corresponding pair
Could not find corresponding pair
Could not find corresponding pair
Could not find corresponding pair
Could not find corresponding pair
Could not find corresponding pair
Could not find corresponding pair
Could not find corresponding pair
Could not find corresponding pair
Could not find corresponding pair
Could not find corresponding pair
Could not find corresponding pair
Could not find corresponding pair
Could not find corresponding pair
Could not find corresponding pair
Could not find corresponding pair
Could not find corresponding pair
Could not find corresponding pair
Could not find corresponding pair
Could not find corresponding pair
Could not find corresponding pair
Could not find corresponding pair
Could not find corresponding pair
Could not find corresponding pair
Could not find corresponding pair
Could not find corresponding pair
Could not find corresponding pair
Could not find corresponding pair
Could not find corresponding pair
Could not find corresponding pair
Could not find corresponding pair
Could not find corresponding pair
Could not find corresponding pair
Could not find corresponding pair
Could not find corresponding pair
Could not find corresponding pair
Could not find corresponding pair
Could not find corresponding pair
Could not find corresponding pair
Could not find corresponding pair
Could not find corresponding pair
Could not find corresponding pair
Could not find corresponding pair
Could not find corresponding pair
Could not find corresponding pair
Could not find corresponding pair
Could not find corresponding pair
Could not find corresponding pair
Could not find corresponding pair
Could not find corresponding pair
Could not find corresponding pair
Could not find corresponding pair
Could not find corresponding pair
Could not find corresponding pair
Could not find corresponding pair
Could not find corresponding pair
Could not find corresponding pair
Could not find corresponding pair
Could not find corresponding pair
Could not find corresponding pair
Could not find corresponding pair
Could not find corresponding pair
Could not find corresponding pair
Could not find corresponding pair
Could not find corresponding pair
Could not find corresponding pair
Could not find corresponding pair
Could not find corresponding pair
Could not find corresponding pair
Could not find corresponding pair
Could not find corresponding pair
Could not find corresponding pair
Could not find corresponding pair
Could not find corresponding pair
Could not find corresponding pair
Could not find corresponding pair
Could not find corresponding pair
Could not find corresponding pair
Could not find corresponding pair
Could not find corresponding pair
Could not find corresponding pair
Could not find corresponding pair
Could not find corresponding pair
Could not find corresponding pair
Could not find corresponding pair
Could not find corresponding pair
Could not find corresponding pair
Could not find corresponding pair
Could not find corresponding pair
Could not find corresponding pair
Could not find corresponding pair
Could not find corresponding pair
Could not find corresponding pair
Could not find corresponding pair
Could not find corresponding pair
Could not find corresponding pair
Could not find corresponding pair
Could not find corresponding pair
Could not find corresponding pair
Could not find corresponding pair
Could not find corresponding pair
Could not find corresponding pair
Could not find corresponding pair
Could not find corresponding pair
Could not find corresponding pair
Could not find corresponding pair
Could not find corresponding pair
Could not find corresponding pair
Could not find corresponding pair
Could not find corresponding pair
Could not find corresponding pair
Could not find corresponding pair
Could not find corresponding pair
Could not find corresponding pair
Could not find corresponding pair
Could not find corresponding pair
Could not find corresponding pair
Could not find corresponding pair
Could not find corresponding pair
Could not find corresponding pair
Could not find corresponding pair
Could not find corresponding pair
Could not find corresponding pair
Could not find corresponding pair
Could not find corresponding pair
Could not find corresponding pair
Could not find corresponding pair
Could not find corresponding pair
Could not find corresponding pair
Could not find corresponding pair
Could not find corresponding pair
Could not find corresponding pair
Could not find corresponding pair
Could not find corresponding pair
Could not find corresponding pair
Could not find corresponding pair
Could not find corresponding pair
Could not find corresponding pair
Could not find corresponding pair
Could not find corresponding pair
Could not find corresponding pair
Could not find corresponding pair
Could not find corresponding pair
Could not find corresponding pair
Could not find corresponding pair
Could not find corresponding pair
Could not find corresponding pair
Could not find corresponding pair
Could not find corresponding pair
Could not find corresponding pair
Could not find corresponding pair
Could not find corresponding pair
Could not find corresponding pair
Could not find corresponding pair
Could not find corresponding pair
Could not find corresponding pair
Could not find corresponding pair
Could not find corresponding pair
Could not find corresponding pair
Could not find corresponding pair
Could not find corresponding pair
Could not find corresponding pair
Could not find corresponding pair
Could not find corresponding pair
Could not find corresponding pair
Could not find corresponding pair
Could not find corresponding pair
Could not find corresponding pair
Could not find corresponding pair
Could not find corresponding pair
Could not find corresponding pair
Could not find corresponding pair
Could not find corresponding pair
Could not find corresponding pair
Could not find corresponding pair
Could not find corresponding pair
Could not find corresponding pair
Could not find corresponding pair
Could not find corresponding pair
Could not find corresponding pair
Could not find corresponding pair
Could not find corresponding pair
Could not find corresponding pair
Could not find corresponding pair
Could not find corresponding pair
Could not find corresponding pair
Could not find corresponding pair
Could not find corresponding pair
Could not find corresponding pair
Could not find corresponding pair
Could not find corresponding pair
Could not find corresponding pair
Could not find corresponding pair
Could not find corresponding pair
Could not find corresponding pair
Could not find corresponding pair
Could not find corresponding pair
Could not find corresponding pair
Could not find corresponding pair
Could not find corresponding pair
Could not find corresponding pair
Could not find corresponding pair
Could not find corresponding pair
Could not find corresponding pair
Could not find corresponding pair
Could not find corresponding pair
Could not find corresponding pair
Could not find corresponding pair
Could not find corresponding pair
Could not find corresponding pair
Could not find corresponding pair
Could not find corresponding pair
Could not find corresponding pair
Could not find corresponding pair
Could not find corresponding pair
Could not find corresponding pair
Could not find corresponding pair
Could not find corresponding pair
Could not find corresponding pair
Could not find corresponding pair
Could not find corresponding pair
Could not find corresponding pair
Could not find corresponding pair
Could not find corresponding pair
Could not find corresponding pair
Could not find corresponding pair
Could not find corresponding pair
Could not find corresponding pair
Could not find corresponding pair
Could not find corresponding pair
Could not find corresponding pair
Could not find corresponding pair
Could not find corresponding pair
Could not find corresponding pair
Could not find corresponding pair
Could not find corresponding pair
Could not find corresponding pair
Could not find corresponding pair
Could not find corresponding pair
Could not find corresponding pair
Could not find corresponding pair
Could not find corresponding pair
Could not find corresponding pair
Could not find corresponding pair
Could not find corresponding pair
Could not find corresponding pair
Could not find corresponding pair
Could not find corresponding pair
Could not find corresponding pair
Could not find corresponding pair
Could not find corresponding pair
Could not find corresponding pair
Could not find corresponding pair
Could not find corresponding pair
Could not find corresponding pair
Could not find corresponding pair
Could not find corresponding pair
Could not find corresponding pair
Could not find corresponding pair
Could not find corresponding pair
Could not find corresponding pair
Could not find corresponding pair
Could not find corresponding pair
Could not find corresponding pair
Could not find corresponding pair
Could not find corresponding pair
Could not find corresponding pair
Could not find corresponding pair
Could not find corresponding pair
Could not find corresponding pair
Could not find corresponding pair
Could not find corresponding pair
Could not find corresponding pair
Could not find corresponding pair
Could not find corresponding pair
Could not find corresponding pair
Could not find corresponding pair
Could not find corresponding pair
Could not find corresponding pair
Could not find corresponding pair
Could not find corresponding pair
Could not find corresponding pair
Could not find corresponding pair
Could not find corresponding pair
Could not find corresponding pair
Could not find corresponding pair
Could not find corresponding pair
Could not find corresponding pair
Could not find corresponding pair
Could not find corresponding pair
Could not find corresponding pair
Could not find corresponding pair
Could not find corresponding pair
Could not find corresponding pair
Could not find corresponding pair
Could not find corresponding pair
Could not find corresponding pair
Could not find corresponding pair
Could not find corresponding pair
Could not find corresponding pair
Could not find corresponding pair
Could not find corresponding pair
Could not find corresponding pair
Could not find corresponding pair
Could not find corresponding pair
Could not find corresponding pair
Could not find corresponding pair
Could not find corresponding pair
Could not find corresponding pair
Could not find corresponding pair
Could not find corresponding pair
Could not find corresponding pair
Could not find corresponding pair
Could not find corresponding pair
Could not find corresponding pair
Could not find corresponding pair
Could not find corresponding pair
Could not find corresponding pair
Could not find corresponding pair
Could not find corresponding pair
Could not find corresponding pair
Could not find corresponding pair
Could not find corresponding pair
Could not find corresponding pair
Could not find corresponding pair
Could not find corresponding pair
Could not find corresponding pair
Could not find corresponding pair
Could not find corresponding pair
Could not find corresponding pair
Could not find corresponding pair
Could not find corresponding pair
Could not find corresponding pair
Could not find corresponding pair
Could not find corresponding pair
Could not find corresponding pair
Could not find corresponding pair
Could not find corresponding pair
Could not find corresponding pair
Could not find corresponding pair
Could not find corresponding pair
Could not find corresponding pair
Could not find corresponding pair
Could not find corresponding pair
Could not find corresponding pair
Could not find corresponding pair
Could not find corresponding pair
Could not find corresponding pair
Could not find corresponding pair
Could not find corresponding pair
Could not find corresponding pair
Could not find corresponding pair
Could not find corresponding pair
Could not find corresponding pair
Could not find corresponding pair
Could not find corresponding pair
Could not find corresponding pair
Could not find corresponding pair
Could not find corresponding pair
Could not find corresponding pair
Could not find corresponding pair
Could not find corresponding pair
Could not find corresponding pair
Could not find corresponding pair
Could not find corresponding pair
Could not find corresponding pair
Could not find corresponding pair
Could not find corresponding pair
Could not find corresponding pair
Could not find corresponding pair
Could not find corresponding pair
Could not find corresponding pair
Could not find corresponding pair
Could not find corresponding pair
Could not find corresponding pair
Could not find corresponding pair
Could not find corresponding pair
Could not find corresponding pair
Could not find corresponding pair
Could not find corresponding pair
Could not find corresponding pair
Could not find corresponding pair
Could not find corresponding pair
Could not find corresponding pair
Could not find corresponding pair
Could not find corresponding pair
Could not find corresponding pair
Could not find corresponding pair
Could not find corresponding pair
Could not find corresponding pair
Could not find corresponding pair
Could not find corresponding pair
Could not find corresponding pair
Could not find corresponding pair
Could not find corresponding pair
Could not find corresponding pair
Could not find corresponding pair
Could not find corresponding pair
Could not find corresponding pair
Could not find corresponding pair
Could not find corresponding pair
Could not find corresponding pair
Could not find corresponding pair
Could not find corresponding pair
Could not find corresponding pair
Could not find corresponding pair
Could not find corresponding pair
Could not find corresponding pair
Could not find corresponding pair
Could not find corresponding pair
Could not find corresponding pair
Could not find corresponding pair
Could not find corresponding pair
Could not find corresponding pair
Could not find corresponding pair
Could not find corresponding pair
Could not find corresponding pair
Could not find corresponding pair
Could not find corresponding pair
Could not find corresponding pair
Could not find corresponding pair
Could not find corresponding pair
Could not find corresponding pair
Could not find corresponding pair
Could not find corresponding pair
Could not find corresponding pair
Could not find corresponding pair
Could not find corresponding pair
Could not find corresponding pair
Could not find corresponding pair
Could not find corresponding pair
Could not find corresponding pair
Could not find corresponding pair
Could not find corresponding pair
Could not find corresponding pair
Could not find corresponding pair
Could not find corresponding pair
Could not find corresponding pair
Could not find corresponding pair
Could not find corresponding pair
Could not find corresponding pair
Could not find corresponding pair
Could not find corresponding pair
Could not find corresponding pair
Could not find corresponding pair
Could not find corresponding pair
Could not find corresponding pair
Could not find corresponding pair
Could not find corresponding pair
Could not find corresponding pair
Could not find corresponding pair
Could not find corresponding pair
Could not find corresponding pair
Could not find corresponding pair
Could not find corresponding pair
Could not find corresponding pair
Could not find corresponding pair
Could not find corresponding pair
Could not find corresponding pair
Could not find corresponding pair
Could not find corresponding pair
Could not find corresponding pair
Could not find corresponding pair
Could not find corresponding pair
Could not find corresponding pair
Could not find corresponding pair
Could not find corresponding pair
Could not find corresponding pair
Could not find corresponding pair
Could not find corresponding pair
Could not find corresponding pair
Could not find corresponding pair
Could not find corresponding pair
Could not find corresponding pair
Could not find corresponding pair
Could not find corresponding pair
Could not find corresponding pair
Could not find corresponding pair
Could not find corresponding pair
Could not find corresponding pair
Could not find corresponding pair
Could not find corresponding pair
Could not find corresponding pair
Could not find corresponding pair
Could not find corresponding pair
Could not find corresponding pair
Could not find corresponding pair
Could not find corresponding pair
Could not find corresponding pair
Could not find corresponding pair
Could not find corresponding pair
Could not find corresponding pair
Could not find corresponding pair
Could not find corresponding pair
Could not find corresponding pair
Could not find corresponding pair
Could not find corresponding pair
Could not find corresponding pair
Could not find corresponding pair
Could not find corresponding pair
Could not find corresponding pair
Could not find corresponding pair
Could not find corresponding pair
Could not find corresponding pair
Could not find corresponding pair
Could not find corresponding pair
Could not find corresponding pair
Could not find corresponding pair
Could not find corresponding pair
Could not find corresponding pair
Could not find corresponding pair
Could not find corresponding pair
Could not find corresponding pair
Could not find corresponding pair
Could not find corresponding pair
Could not find corresponding pair
Could not find corresponding pair
Could not find corresponding pair
Could not find corresponding pair
Could not find corresponding pair
Could not find corresponding pair
Could not find corresponding pair
Could not find corresponding pair
Could not find corresponding pair
Could not find corresponding pair
Could not find corresponding pair
Could not find corresponding pair
Could not find corresponding pair
Could not find corresponding pair
Could not find corresponding pair
Could not find corresponding pair
Could not find corresponding pair
Could not find corresponding pair
Could not find corresponding pair
Could not find corresponding pair
Could not find corresponding pair
Could not find corresponding pair
Could not find corresponding pair
Could not find corresponding pair
Could not find corresponding pair
Could not find corresponding pair
Could not find corresponding pair
Could not find corresponding pair
Could not find corresponding pair
Could not find corresponding pair
Could not find corresponding pair
Could not find corresponding pair
Could not find corresponding pair
Could not find corresponding pair
Could not find corresponding pair
Could not find corresponding pair
Could not find corresponding pair
Could not find corresponding pair
Could not find corresponding pair
Could not find corresponding pair
Could not find corresponding pair
Could not find corresponding pair
Could not find corresponding pair
Could not find corresponding pair
Could not find corresponding pair
Could not find corresponding pair
Could not find corresponding pair
Could not find corresponding pair
Could not find corresponding pair
Could not find corresponding pair
Could not find corresponding pair
Could not find corresponding pair
Could not find corresponding pair
Could not find corresponding pair
Could not find corresponding pair
Could not find corresponding pair
Could not find corresponding pair
Could not find corresponding pair
Could not find corresponding pair
Could not find corresponding pair
Could not find corresponding pair
Could not find corresponding pair
Could not find corresponding pair
Could not find corresponding pair
Could not find corresponding pair
Could not find corresponding pair
Could not find corresponding pair
Could not find corresponding pair
Could not find corresponding pair
Could not find corresponding pair
Could not find corresponding pair
Could not find corresponding pair
Could not find corresponding pair
Could not find corresponding pair
Could not find corresponding pair
Could not find corresponding pair
Could not find corresponding pair
Could not find corresponding pair
Could not find corresponding pair
Could not find corresponding pair
Could not find corresponding pair
Could not find corresponding pair
Could not find corresponding pair
Could not find corresponding pair
Could not find corresponding pair
Could not find corresponding pair
Could not find corresponding pair
Could not find corresponding pair
Could not find corresponding pair
Could not find corresponding pair
Could not find corresponding pair
Could not find corresponding pair
Could not find corresponding pair
Could not find corresponding pair
Could not find corresponding pair
Could not find corresponding pair
Could not find corresponding pair
Could not find corresponding pair
Could not find corresponding pair
Could not find corresponding pair
Could not find corresponding pair
Could not find corresponding pair
Could not find corresponding pair
Could not find corresponding pair
Could not find corresponding pair
Could not find corresponding pair
Could not find corresponding pair
Could not find corresponding pair
Could not find corresponding pair
Could not find corresponding pair
Could not find corresponding pair
Could not find corresponding pair
Could not find corresponding pair
Could not find corresponding pair
Could not find corresponding pair
Could not find corresponding pair
Could not find corresponding pair
Could not find corresponding pair
Could not find corresponding pair
Could not find corresponding pair
Could not find corresponding pair
Could not find corresponding pair
Could not find corresponding pair
Could not find corresponding pair
Could not find corresponding pair
Could not find corresponding pair
Could not find corresponding pair
Could not find corresponding pair
Could not find corresponding pair
Could not find corresponding pair
Could not find corresponding pair
Could not find corresponding pair
Could not find corresponding pair
Could not find corresponding pair
Could not find corresponding pair
Could not find corresponding pair
Could not find corresponding pair
Could not find corresponding pair
Could not find corresponding pair
Could not find corresponding pair
Could not find corresponding pair
Could not find corresponding pair
Could not find corresponding pair
Could not find corresponding pair
Could not find corresponding pair
Could not find corresponding pair
Could not find corresponding pair
Could not find corresponding pair
Could not find corresponding pair
Could not find corresponding pair
Could not find corresponding pair
Could not find corresponding pair
Could not find corresponding pair
Could not find corresponding pair
Could not find corresponding pair
Could not find corresponding pair
Could not find corresponding pair
Could not find corresponding pair
Could not find corresponding pair
Could not find corresponding pair
Could not find corresponding pair
Could not find corresponding pair
Could not find corresponding pair
Could not find corresponding pair
Could not find corresponding pair
Could not find corresponding pair
Could not find corresponding pair
Could not find corresponding pair
Could not find corresponding pair
Could not find corresponding pair
Could not find corresponding pair
Could not find corresponding pair
Could not find corresponding pair
Could not find corresponding pair
Could not find corresponding pair
Could not find corresponding pair
Could not find corresponding pair
Could not find corresponding pair
Could not find corresponding pair
Could not find corresponding pair
Could not find corresponding pair
Could not find corresponding pair
Could not find corresponding pair
Could not find corresponding pair
Could not find corresponding pair
Could not find corresponding pair
Could not find corresponding pair
Could not find corresponding pair
Could not find corresponding pair
Could not find corresponding pair
Could not find corresponding pair
Could not find corresponding pair
Could not find corresponding pair
Could not find corresponding pair
Could not find corresponding pair
Could not find corresponding pair
Could not find corresponding pair
Could not find corresponding pair
Could not find corresponding pair
Could not find corresponding pair
Could not find corresponding pair
Could not find corresponding pair
Could not find corresponding pair
Could not find corresponding pair
Could not find corresponding pair
Could not find corresponding pair
Could not find corresponding pair
Could not find corresponding pair
Could not find corresponding pair
Could not find corresponding pair
Could not find corresponding pair
Could not find corresponding pair
Could not find corresponding pair
Could not find corresponding pair
Could not find corresponding pair
Could not find corresponding pair
Could not find corresponding pair
Could not find corresponding pair
Could not find corresponding pair
Could not find corresponding pair
Could not find corresponding pair
Could not find corresponding pair
Could not find corresponding pair
Could not find corresponding pair
Could not find corresponding pair
Could not find corresponding pair
Could not find corresponding pair
Could not find corresponding pair
Could not find corresponding pair
Could not find corresponding pair
Could not find corresponding pair
Could not find corresponding pair
Could not find corresponding pair
Could not find corresponding pair
Could not find corresponding pair
Could not find corresponding pair
Could not find corresponding pair
Could not find corresponding pair
Could not find corresponding pair
Could not find corresponding pair
Could not find corresponding pair
Could not find corresponding pair
Could not find corresponding pair
Could not find corresponding pair
Could not find corresponding pair
Could not find corresponding pair
Could not find corresponding pair
Could not find corresponding pair
Could not find corresponding pair
Could not find corresponding pair
Could not find corresponding pair
Could not find corresponding pair
Could not find corresponding pair
Could not find corresponding pair
Could not find corresponding pair
Could not find corresponding pair
Could not find corresponding pair
Could not find corresponding pair
Could not find corresponding pair
Could not find corresponding pair
Could not find corresponding pair
Could not find corresponding pair
Could not find corresponding pair
Could not find corresponding pair
Could not find corresponding pair
Could not find corresponding pair
Could not find corresponding pair
Could not find corresponding pair
Could not find corresponding pair
Could not find corresponding pair
Could not find corresponding pair
Could not find corresponding pair
Could not find corresponding pair
Could not find corresponding pair
Could not find corresponding pair
Could not find corresponding pair
Could not find corresponding pair
Could not find corresponding pair
Could not find corresponding pair
Could not find corresponding pair
Could not find corresponding pair
Could not find corresponding pair
Could not find corresponding pair
Could not find corresponding pair
Could not find corresponding pair
Could not find corresponding pair
Could not find corresponding pair
Could not find corresponding pair
Could not find corresponding pair
Could not find corresponding pair
Could not find corresponding pair
Could not find corresponding pair
Could not find corresponding pair
Could not find corresponding pair
Could not find corresponding pair
Could not find corresponding pair
Could not find corresponding pair
Could not find corresponding pair
Could not find corresponding pair
Could not find corresponding pair
Could not find corresponding pair
Could not find corresponding pair
Could not find corresponding pair
Could not find corresponding pair
Could not find corresponding pair
Could not find corresponding pair
Could not find corresponding pair
Could not find corresponding pair
Could not find corresponding pair
Could not find corresponding pair
Could not find corresponding pair
Could not find corresponding pair
Could not find corresponding pair
Could not find corresponding pair
Could not find corresponding pair
Could not find corresponding pair
Could not find corresponding pair
Could not find corresponding pair
Could not find corresponding pair
Could not find corresponding pair
Could not find corresponding pair
Could not find corresponding pair
Could not find corresponding pair
Could not find corresponding pair
Could not find corresponding pair
Could not find corresponding pair
Could not find corresponding pair
Could not find corresponding pair
Could not find corresponding pair
Could not find corresponding pair
Could not find corresponding pair
Could not find corresponding pair
Could not find corresponding pair
Could not find corresponding pair
Could not find corresponding pair
Could not find corresponding pair
Could not find corresponding pair
Could not find corresponding pair
Could not find corresponding pair
Could not find corresponding pair
Could not find corresponding pair
Could not find corresponding pair
Could not find corresponding pair
Could not find corresponding pair
Could not find corresponding pair
Could not find corresponding pair
Could not find corresponding pair
Could not find corresponding pair
Could not find corresponding pair
Could not find corresponding pair
Could not find corresponding pair
Could not find corresponding pair
Could not find corresponding pair
Could not find corresponding pair
Could not find corresponding pair
Could not find corresponding pair
Could not find corresponding pair
Could not find corresponding pair
Could not find corresponding pair
Could not find corresponding pair
Could not find corresponding pair
Could not find corresponding pair
Could not find corresponding pair
Could not find corresponding pair
Could not find corresponding pair
Could not find corresponding pair
Could not find corresponding pair
Could not find corresponding pair
Could not find corresponding pair
Could not find corresponding pair
Could not find corresponding pair
Could not find corresponding pair
Could not find corresponding pair
Could not find corresponding pair
Could not find corresponding pair
Could not find corresponding pair
Could not find corresponding pair
Could not find corresponding pair
Could not find corresponding pair
Could not find corresponding pair
Could not find corresponding pair
Could not find corresponding pair
Could not find corresponding pair
Could not find corresponding pair
Could not find corresponding pair
Could not find corresponding pair
Could not find corresponding pair
Could not find corresponding pair
Could not find corresponding pair
Could not find corresponding pair
Could not find corresponding pair
Could not find corresponding pair
Could not find corresponding pair
Could not find corresponding pair
Could not find corresponding pair
Could not find corresponding pair
Could not find corresponding pair
Could not find corresponding pair
Could not find corresponding pair
Could not find corresponding pair
Could not find corresponding pair
Could not find corresponding pair
Could not find corresponding pair
Could not find corresponding pair
Could not find corresponding pair
Could not find corresponding pair
Could not find corresponding pair
Could not find corresponding pair
Could not find corresponding pair
Could not find corresponding pair
Could not find corresponding pair
Could not find corresponding pair
Could not find corresponding pair
Could not find corresponding pair
Could not find corresponding pair
Could not find corresponding pair
Could not find corresponding pair
Could not find corresponding pair
Could not find corresponding pair
Could not find corresponding pair
Could not find corresponding pair
Could not find corresponding pair
Could not find corresponding pair
Could not find corresponding pair
Could not find corresponding pair
Could not find corresponding pair
Could not find corresponding pair
Could not find corresponding pair
Could not find corresponding pair
Could not find corresponding pair
Could not find corresponding pair
Could not find corresponding pair
Could not find corresponding pair
Could not find corresponding pair
Could not find corresponding pair
Could not find corresponding pair
Could not find corresponding pair
Could not find corresponding pair
Could not find corresponding pair
Could not find corresponding pair
Could not find corresponding pair
Could not find corresponding pair
Could not find corresponding pair
Could not find corresponding pair
Could not find corresponding pair
Could not find corresponding pair
Could not find corresponding pair
Could not find corresponding pair
Could not find corresponding pair
Could not find corresponding pair
Could not find corresponding pair
Could not find corresponding pair
Could not find corresponding pair
Could not find corresponding pair
Could not find corresponding pair
Could not find corresponding pair
Could not find corresponding pair
Could not find corresponding pair
Could not find corresponding pair
Could not find corresponding pair
Could not find corresponding pair
Could not find corresponding pair
Could not find corresponding pair
Could not find corresponding pair
Could not find corresponding pair
Could not find corresponding pair
Could not find corresponding pair
Could not find corresponding pair
Could not find corresponding pair
Could not find corresponding pair
Could not find corresponding pair
Could not find corresponding pair
Could not find corresponding pair
Could not find corresponding pair
Could not find corresponding pair
Could not find corresponding pair
Could not find corresponding pair
Could not find corresponding pair
Could not find corresponding pair
Could not find corresponding pair
Could not find corresponding pair
Could not find corresponding pair
Could not find corresponding pair
Could not find corresponding pair
Could not find corresponding pair
Could not find corresponding pair
Could not find corresponding pair
Could not find corresponding pair
Could not find corresponding pair
Could not find corresponding pair
Could not find corresponding pair
Could not find corresponding pair
Could not find corresponding pair
Could not find corresponding pair
Could not find corresponding pair
Could not find corresponding pair
Could not find corresponding pair
Could not find corresponding pair
Could not find corresponding pair
Could not find corresponding pair
Could not find corresponding pair
Could not find corresponding pair
Could not find corresponding pair
Could not find corresponding pair
Could not find corresponding pair
Could not find corresponding pair
Could not find corresponding pair
Could not find corresponding pair
Could not find corresponding pair
Could not find corresponding pair
Could not find corresponding pair
Could not find corresponding pair
Could not find corresponding pair
Could not find corresponding pair
Could not find corresponding pair
Could not find corresponding pair
Could not find corresponding pair
Could not find corresponding pair
Could not find corresponding pair
Could not find corresponding pair
Could not find corresponding pair
Could not find corresponding pair
Could not find corresponding pair
Could not find corresponding pair
Could not find corresponding pair
Could not find corresponding pair
Could not find corresponding pair
Could not find corresponding pair
Could not find corresponding pair
Could not find corresponding pair
Could not find corresponding pair
Could not find corresponding pair
Could not find corresponding pair
Could not find corresponding pair
Could not find corresponding pair
Could not find corresponding pair
Could not find corresponding pair
Could not find corresponding pair
Could not find corresponding pair
Could not find corresponding pair
Could not find corresponding pair
Could not find corresponding pair
Could not find corresponding pair
Could not find corresponding pair
Could not find corresponding pair
Could not find corresponding pair
Could not find corresponding pair
Could not find corresponding pair
Could not find corresponding pair
Could not find corresponding pair
Could not find corresponding pair
Could not find corresponding pair
Could not find corresponding pair
Could not find corresponding pair
Could not find corresponding pair
Could not find corresponding pair
Could not find corresponding pair
Could not find corresponding pair
Could not find corresponding pair
Could not find corresponding pair
Could not find corresponding pair
Could not find corresponding pair
Could not find corresponding pair
Could not find corresponding pair
Could not find corresponding pair
Could not find corresponding pair
Could not find corresponding pair
Could not find corresponding pair
Could not find corresponding pair
Could not find corresponding pair
Could not find corresponding pair
Could not find corresponding pair
Could not find corresponding pair
Could not find corresponding pair
Could not find corresponding pair
Could not find corresponding pair
Could not find corresponding pair
Could not find corresponding pair
Could not find corresponding pair
Could not find corresponding pair
Could not find corresponding pair
Could not find corresponding pair
Could not find corresponding pair
Could not find corresponding pair
Could not find corresponding pair
Could not find corresponding pair
Could not find corresponding pair
Could not find corresponding pair
Could not find corresponding pair
Could not find corresponding pair
Could not find corresponding pair
Could not find corresponding pair
Could not find corresponding pair
Could not find corresponding pair
Could not find corresponding pair
Could not find corresponding pair
Could not find corresponding pair
Could not find corresponding pair
Could not find corresponding pair
Could not find corresponding pair
Could not find corresponding pair
Could not find corresponding pair
Could not find corresponding pair
Could not find corresponding pair
Could not find corresponding pair
Could not find corresponding pair
Could not find corresponding pair
Could not find corresponding pair
Could not find corresponding pair
Could not find corresponding pair
Could not find corresponding pair
Could not find corresponding pair
Could not find corresponding pair
Could not find corresponding pair
Could not find corresponding pair
Could not find corresponding pair
Could not find corresponding pair
Could not find corresponding pair
Could not find corresponding pair
Could not find corresponding pair
Could not find corresponding pair
Could not find corresponding pair
Could not find corresponding pair
Could not find corresponding pair
Could not find corresponding pair
Could not find corresponding pair
Could not find corresponding pair
Could not find corresponding pair
Could not find corresponding pair
Could not find corresponding pair
Could not find corresponding pair
Could not find corresponding pair
Could not find corresponding pair
Could not find corresponding pair
Could not find corresponding pair
Could not find corresponding pair
Could not find corresponding pair
Could not find corresponding pair
Could not find corresponding pair
Could not find corresponding pair
Could not find corresponding pair
Could not find corresponding pair
Could not find corresponding pair
Could not find corresponding pair
Could not find corresponding pair
Could not find corresponding pair
Could not find corresponding pair
Could not find corresponding pair
Could not find corresponding pair
Could not find corresponding pair
Could not find corresponding pair
Could not find corresponding pair
Could not find corresponding pair
Could not find corresponding pair
Could not find corresponding pair
Could not find corresponding pair
Could not find corresponding pair
Could not find corresponding pair
Could not find corresponding pair
Could not find corresponding pair
Could not find corresponding pair
Could not find corresponding pair
Could not find corresponding pair
Could not find corresponding pair
Could not find corresponding pair
Could not find corresponding pair
Could not find corresponding pair
Could not find corresponding pair
Could not find corresponding pair
Could not find corresponding pair
Could not find corresponding pair
Could not find corresponding pair
Could not find corresponding pair
Could not find corresponding pair
Could not find corresponding pair
Could not find corresponding pair
Could not find corresponding pair
Could not find corresponding pair
Could not find corresponding pair
Could not find corresponding pair
Could not find corresponding pair
Could not find corresponding pair
Could not find corresponding pair
Could not find corresponding pair
Could not find corresponding pair
Could not find corresponding pair
Could not find corresponding pair
Could not find corresponding pair
Could not find corresponding pair
Could not find corresponding pair
Could not find corresponding pair
Could not find corresponding pair
Could not find corresponding pair
Could not find corresponding pair
Could not find corresponding pair
Could not find corresponding pair
Could not find corresponding pair
Could not find corresponding pair
Could not find corresponding pair
Could not find corresponding pair
Could not find corresponding pair
Could not find corresponding pair
Could not find corresponding pair
Could not find corresponding pair
Could not find corresponding pair
Could not find corresponding pair
Could not find corresponding pair
Could not find corresponding pair
Could not find corresponding pair
Could not find corresponding pair
Could not find corresponding pair
Could not find corresponding pair
Could not find corresponding pair
Could not find corresponding pair
Could not find corresponding pair
Could not find corresponding pair
Could not find corresponding pair
Could not find corresponding pair
Could not find corresponding pair
Could not find corresponding pair
Could not find corresponding pair
Could not find corresponding pair
Could not find corresponding pair
Could not find corresponding pair
Could not find corresponding pair
Could not find corresponding pair
Could not find corresponding pair
Could not find corresponding pair
Could not find corresponding pair
Could not find corresponding pair
Could not find corresponding pair
Could not find corresponding pair
Could not find corresponding pair
Could not find corresponding pair
Could not find corresponding pair
Could not find corresponding pair
Could not find corresponding pair
Could not find corresponding pair
Could not find corresponding pair
Could not find corresponding pair
Could not find corresponding pair
Could not find corresponding pair
Could not find corresponding pair
Could not find corresponding pair
Could not find corresponding pair
Could not find corresponding pair
Could not find corresponding pair
Could not find corresponding pair
Could not find corresponding pair
Could not find corresponding pair
Could not find corresponding pair
Could not find corresponding pair
Could not find corresponding pair
Could not find corresponding pair
Could not find corresponding pair
Could not find corresponding pair
Could not find corresponding pair
Could not find corresponding pair
Could not find corresponding pair
Could not find corresponding pair
Could not find corresponding pair
Could not find corresponding pair
Could not find corresponding pair
Could not find corresponding pair
Could not find corresponding pair
Could not find corresponding pair
Could not find corresponding pair
Could not find corresponding pair
Could not find corresponding pair
Could not find corresponding pair
Could not find corresponding pair
Could not find corresponding pair
Could not find corresponding pair
Could not find corresponding pair
Could not find corresponding pair
Could not find corresponding pair
Could not find corresponding pair
Could not find corresponding pair
Could not find corresponding pair
Could not find corresponding pair
Could not find corresponding pair
Could not find corresponding pair
Could not find corresponding pair
Could not find corresponding pair
Could not find corresponding pair
Could not find corresponding pair
Could not find corresponding pair
Could not find corresponding pair
Could not find corresponding pair
Could not find corresponding pair
Could not find corresponding pair
Could not find corresponding pair
Could not find corresponding pair
Could not find corresponding pair
Could not find corresponding pair
Could not find corresponding pair
Could not find corresponding pair
Could not find corresponding pair
Could not find corresponding pair
Could not find corresponding pair
Could not find corresponding pair
Could not find corresponding pair
Could not find corresponding pair
Could not find corresponding pair
Could not find corresponding pair
Could not find corresponding pair
Could not find corresponding pair
Could not find corresponding pair
Could not find corresponding pair
Could not find corresponding pair
Could not find corresponding pair
Could not find corresponding pair
Could not find corresponding pair
Could not find corresponding pair
Could not find corresponding pair
Could not find corresponding pair
Could not find corresponding pair
Could not find corresponding pair
Could not find corresponding pair
Could not find corresponding pair
Could not find corresponding pair
Could not find corresponding pair
Could not find corresponding pair
Could not find corresponding pair
Could not find corresponding pair
Could not find corresponding pair
Could not find corresponding pair
Could not find corresponding pair
Could not find corresponding pair
Could not find corresponding pair
Could not find corresponding pair
Could not find corresponding pair
Could not find corresponding pair
Could not find corresponding pair
Could not find corresponding pair
Could not find corresponding pair
Could not find corresponding pair
Could not find corresponding pair
Could not find corresponding pair
Could not find corresponding pair
Could not find corresponding pair
Could not find corresponding pair
Could not find corresponding pair
Could not find corresponding pair
Could not find corresponding pair
Could not find corresponding pair
Could not find corresponding pair
Could not find corresponding pair
Could not find corresponding pair
Could not find corresponding pair
Could not find corresponding pair
Could not find corresponding pair
Could not find corresponding pair
Could not find corresponding pair
Could not find corresponding pair
Could not find corresponding pair
Could not find corresponding pair
Could not find corresponding pair
Could not find corresponding pair
Could not find corresponding pair
Could not find corresponding pair
Could not find corresponding pair
Could not find corresponding pair
Could not find corresponding pair
Could not find corresponding pair
Could not find corresponding pair
Could not find corresponding pair
Could not find corresponding pair
Could not find corresponding pair
Could not find corresponding pair
Could not find corresponding pair
Could not find corresponding pair
Could not find corresponding pair
Could not find corresponding pair
Could not find corresponding pair
Could not find corresponding pair
Could not find corresponding pair
Could not find corresponding pair
Could not find corresponding pair
Could not find corresponding pair
Could not find corresponding pair
Could not find corresponding pair
Could not find corresponding pair
Could not find corresponding pair
Could not find corresponding pair
Could not find corresponding pair
Could not find corresponding pair
Could not find corresponding pair
Could not find corresponding pair
Could not find corresponding pair
Could not find corresponding pair
Could not find corresponding pair
Could not find corresponding pair
Could not find corresponding pair
Could not find corresponding pair
Could not find corresponding pair
Could not find corresponding pair
Could not find corresponding pair
Could not find corresponding pair
Could not find corresponding pair
Could not find corresponding pair
Could not find corresponding pair
Could not find corresponding pair
Could not find corresponding pair
Could not find corresponding pair
Could not find corresponding pair
Could not find corresponding pair
Could not find corresponding pair
Could not find corresponding pair
Could not find corresponding pair
Could not find corresponding pair
Could not find corresponding pair
Could not find corresponding pair
Could not find corresponding pair
Could not find corresponding pair
Could not find corresponding pair
Could not find corresponding pair
Could not find corresponding pair
Could not find corresponding pair
Could not find corresponding pair
Could not find corresponding pair
Could not find corresponding pair
Could not find corresponding pair
Could not find corresponding pair
Could not find corresponding pair
Could not find corresponding pair
Could not find corresponding pair
Could not find corresponding pair
Could not find corresponding pair
Could not find corresponding pair
Could not find corresponding pair
